transaction_id,customer_id,transaction_hour,account_age_days,previous_chargebacks,merchant_category,transaction_country,device_type,is_international,is_high_risk_merchant,transaction_amount,transaction_velocity_1h,transaction_velocity_24h,avg_transaction_amount_30d,risk_label
TXN0000000,CUST00102,13,395.0,0.0,online_services,CA,mobile,1,1,174.76,6.0,5.0,257.88,0
TXN0000001,CUST00435,23,,0.0,grocery,US,mobile,0,0,428.85,1.0,1.0,495.38,0
TXN0000002,CUST00860,25,1212.0,0.0,grocery,US,mobile,0,0,411.69,0.0,2.0,-640.15,0
TXN0000003,CUST00270,21,126.0,0.0,electronics,US,tablet,0,0,128.27,3.0,2.0,546.43,0
TXN0000004,CUST00106,6,-705.0,2.0,restaurant,US,mobile,0,0,736.38,2.0,11.0,462.64,0
TXN0000005,CUST00071,20,493.0,0.0,grocery,US,mobile,0,0,106.03,0.0,1.0,219.53,0
TXN0000006,CUST00700,6,509.0,0.0,restaurant,,mobile,1,0,2111.86,0.0,0.0,450.12,0
TXN0000007,CUST00020,0,216.0,0.0,fuel,US,mobile,0,0,,0.0,1.0,256.07,0
TXN0000008,CUST00614,16,573.0,0.0,electronics,US,mobile,0,0,122.92,1.0,3.0,343.6,0
TXN0000009,CUST00121,8,115.0,0.0,,AU,tablet,1,0,882.63,0.0,2.0,661.74,0
TXN0000010,CUST00466,20,671.0,0.0,restaurant,UK,mobile,1,0,225.02,0.0,3.0,356.52,0
TXN0000011,CUST00214,12,1007.0,0.0,travel,US,mobile,0,1,396.69,1.0,4.0,430.39,0
TXN0000012,CUST00330,-20,426.0,0.0,online_services,US,mobile,0,1,229.24,0.0,1.0,472.24,0
TXN0000013,CUST00458,18,795.0,0.0,grocery,UK,desktop,1,0,140.97,0.0,5.0,509.01,0
TXN0000014,CUST00087,20,222.0,0.0,grocery,CA,,1,0,141.07,0.0,1.0,189.89,0
TXN0000015,CUST00372,18,623.0,0.0,grocery,US,desktop,0,0,487.89,0.0,2.0,427.92,0
TXN0000016,CUST00099,21,479.0,0.0,restaurant,IN,tablet,1,0,293.51,1.0,2.0,336.02,0
TXN0000017,CUST00871,16,872.0,,fashion,CA,mobile,1,0,640.6,1.0,2.0,645.08,0
TXN0000018,CUST00663,22,609.0,0.0,fuel,AU,tablet,1,0,634.17,0.0,2.0,463.56,0
TXN0000019,CUST00130,22,526.0,0.0,online_services,US,mobile,0,1,388.23,0.0,4.0,437.67,0
TXN0000020,CUST00661,9,177.0,0.0,grocery,US,mobile,0,0,-565.75,1.0,0.0,775.34,0
TXN0000021,CUST00308,9,1131.0,1.0,,US,desktop,0,1,1303.21,1.0,4.0,604.8,0
TXN0000022,CUST00769,3,1060.0,0.0,travel,US,desktop,0,1,331.74,0.0,14.0,363.04,0
TXN0000023,CUST00343,7,316.0,3.0,electronics,US,desktop,0,0,609.8,0.0,5.0,344.1,0
TXN0000024,CUST00491,21,776.0,0.0,fashion,US,mobile,0,0,63.2,2.0,1.0,158.57,0
TXN0000025,CUST00413,19,614.0,0.0,fashion,UK,tablet,1,0,147.28,1.0,3.0,308.0,0
TXN0000026,CUST00805,19,149.0,0.0,restaurant,US,desktop,0,0,778.81,0.0,0.0,276.73,0
TXN0000027,CUST00385,17,281.0,0.0,electronics,US,mobile,0,0,308.18,0.0,3.0,520.25,0
TXN0000028,CUST00191,13,111.0,0.0,online_services,IN,tablet,1,1,177.4,0.0,9.0,489.59,0
TXN0000029,CUST00955,17,89.0,0.0,restaurant,US,tablet,0,0,639.93,0.0,3.0,447.8,0
TXN0000030,CUST00276,13,508.0,0.0,electronics,US,mobile,0,0,171.02,0.0,2.0,204.47,0
TXN0000031,CUST00160,19,549.0,0.0,fuel,UK,desktop,1,0,431.05,1.0,1.0,373.58,0
TXN0000032,CUST00459,20,315.0,2.0,fashion,IN,desktop,1,0,1880.85,0.0,5.0,920.18,0
TXN0000033,CUST00313,23,618.0,0.0,online_services,AU,desktop,1,1,397.76,3.0,4.0,355.78,0
TXN0000034,CUST00021,14,737.0,3.0,fuel,US,mobile,0,0,1531.82,1.0,5.0,362.8,0
TXN0000035,CUST00252,21,-643.0,0.0,online_services,IN,desktop,1,1,357.13,2.0,5.0,331.23,0
TXN0000036,CUST00747,3,338.0,0.0,restaurant,US,tablet,0,0,53.31,1.0,4.0,477.87,0
TXN0000037,CUST00856,12,561.0,0.0,electronics,UK,mobile,1,0,698.3,1.0,0.0,348.15,0
TXN0000038,CUST00560,22,1207.0,1.0,fashion,US,desktop,0,0,1540.56,2.0,6.0,333.5,0
TXN0000039,CUST00474,7,262.0,0.0,fashion,UK,mobile,1,0,191.82,0.0,1.0,520.37,0
TXN0000040,CUST00058,17,580.0,0.0,online_services,US,mobile,0,1,152.93,3.0,0.0,396.79,0
TXN0000041,CUST00510,11,106.0,0.0,online_services,UK,mobile,1,1,270.12,,6.0,222.1,0
TXN0000042,CUST00681,22,756.0,0.0,online_services,UK,desktop,1,1,93.74,1.0,7.0,179.4,0
TXN0000043,CUST00475,13,779.0,0.0,grocery,US,mobile,0,0,520.25,1.0,1.0,404.1,0
TXN0000044,CUST00699,1,571.0,0.0,restaurant,US,mobile,0,0,216.84,2.0,6.0,,0
TXN0000045,CUST00975,17,525.0,0.0,grocery,UK,mobile,1,0,119.18,2.0,3.0,322.42,0
TXN0000046,CUST00782,23,1065.0,0.0,online_services,US,mobile,0,1,416.38,0.0,2.0,375.13,0
TXN0000047,CUST00189,1,,1.0,online_services,US,mobile,0,1,922.01,2.0,9.0,464.65,1
TXN0000048,CUST00957,10,196.0,0.0,fashion,UK,desktop,1,0,470.35,0.0,1.0,487.24,0
TXN0000049,CUST00686,8,546.0,0.0,restaurant,IN,desktop,1,0,-87.57,0.0,1.0,296.55,0
TXN0000050,CUST00957,11,574.0,4.0,restaurant,US,mobile,0,0,1259.37,1.0,4.0,480.51,0
TXN0000051,CUST00562,16,690.0,0.0,,US,mobile,0,0,1021.71,0.0,2.0,423.9,0
TXN0000052,CUST00875,14,544.0,0.0,travel,US,desktop,0,1,236.44,2.0,1.0,428.23,0
TXN0000053,CUST00566,16,402.0,0.0,electronics,US,mobile,0,0,224.73,1.0,0.0,650.77,0
TXN0000054,CUST00243,17,334.0,0.0,travel,US,desktop,0,1,80.46,2.0,2.0,903.71,0
TXN0000055,CUST00831,21,340.0,0.0,travel,UK,mobile,1,1,261.3,1.0,4.0,400.57,0
TXN0000056,CUST00504,5,1147.0,0.0,online_services,CA,mobile,1,1,107.92,4.0,6.0,320.93,0
TXN0000057,CUST00130,16,357.0,0.0,fashion,US,mobile,0,0,622.7,0.0,2.0,347.51,0
TXN0000058,CUST00484,22,79.0,0.0,fuel,UK,mobile,1,0,1704.68,3.0,4.0,745.86,0
TXN0000059,CUST00818,23,606.0,0.0,electronics,US,mobile,0,0,1739.58,0.0,3.0,731.6,0
TXN0000060,CUST00646,17,1063.0,0.0,online_services,US,mobile,0,1,123.37,0.0,0.0,270.83,0
TXN0000061,CUST00020,7,40.0,0.0,online_services,US,mobile,0,1,375.88,1.0,7.0,333.11,0
TXN0000062,CUST00840,8,359.0,0.0,travel,US,mobile,0,1,397.08,2.0,5.0,363.21,0
TXN0000063,CUST00166,5,1217.0,0.0,travel,US,mobile,0,1,203.57,0.0,0.0,250.09,0
TXN0000064,CUST00273,4,663.0,0.0,restaurant,CA,desktop,1,0,247.45,6.0,6.0,388.02,0
TXN0000065,CUST00387,11,348.0,0.0,fashion,CA,mobile,1,0,1743.19,1.0,2.0,860.47,0
TXN0000066,CUST00600,10,441.0,1.0,travel,CA,desktop,1,1,310.69,1.0,3.0,375.06,0
TXN0000067,CUST00315,0,554.0,0.0,electronics,US,desktop,0,0,302.88,3.0,3.0,535.21,0
TXN0000068,CUST00013,10,606.0,0.0,grocery,US,mobile,0,0,331.82,2.0,3.0,308.45,0
TXN0000069,CUST00241,18,789.0,0.0,online_services,CA,desktop,1,1,566.82,1.0,8.0,418.3,0
TXN0000070,CUST00776,8,380.0,0.0,grocery,US,mobile,0,0,122.72,0.0,1.0,523.28,0
TXN0000071,CUST00345,1,597.0,0.0,fashion,UK,mobile,1,0,801.69,2.0,5.0,487.83,0
TXN0000072,CUST00564,11,126.0,0.0,grocery,CA,mobile,1,0,301.86,0.0,0.0,284.42,0
TXN0000073,CUST00897,3,406.0,0.0,restaurant,CA,desktop,1,0,126.09,0.0,3.0,284.91,0
TXN0000074,CUST00339,3,342.0,0.0,restaurant,US,mobile,0,0,211.77,2.0,0.0,453.73,0
TXN0000075,CUST00091,17,416.0,0.0,electronics,IN,mobile,1,0,,2.0,2.0,201.72,0
TXN0000076,CUST00366,14,164.0,1.0,fuel,UK,mobile,1,0,3319.51,2.0,5.0,1207.01,0
TXN0000077,CUST00955,18,220.0,0.0,fashion,US,mobile,0,0,184.73,1.0,1.0,431.73,0
TXN0000078,CUST00454,12,968.0,0.0,fashion,UK,mobile,1,0,1329.89,0.0,1.0,579.23,0
TXN0000079,CUST00427,18,221.0,0.0,online_services,US,,0,1,661.08,0.0,4.0,525.9,0
TXN0000080,CUST00508,16,476.0,0.0,grocery,US,mobile,0,0,162.63,2.0,3.0,482.58,0
TXN0000081,CUST00775,5,101.0,0.0,travel,AU,mobile,1,1,396.21,2.0,7.0,431.63,0
TXN0000082,CUST00942,15,191.0,0.0,travel,US,mobile,0,1,491.6,1.0,2.0,480.29,0
TXN0000083,CUST00034,23,2104.0,0.0,fuel,US,mobile,0,0,202.0,0.0,2.0,364.51,0
TXN0000084,CUST00205,11,700.0,0.0,online_services,US,mobile,0,1,146.13,0.0,4.0,369.75,0
TXN0000085,CUST00080,18,345.0,0.0,travel,US,desktop,0,1,219.89,1.0,2.0,528.29,0
TXN0000086,CUST00931,4,209.0,0.0,fuel,US,desktop,0,0,179.49,0.0,4.0,410.74,0
TXN0000087,CUST00561,16,223.0,0.0,online_services,IN,tablet,1,1,305.16,3.0,6.0,309.3,0
TXN0000088,CUST00871,22,1391.0,0.0,electronics,,desktop,0,0,1402.63,0.0,4.0,793.51,0
TXN0000089,CUST00387,0,749.0,0.0,fashion,UK,desktop,1,0,353.17,2.0,7.0,826.14,0
TXN0000090,CUST00001,23,5.0,0.0,grocery,CA,tablet,1,0,1040.08,0.0,10.0,435.83,0
TXN0000091,CUST00389,22,354.0,0.0,electronics,US,tablet,0,0,385.58,0.0,2.0,344.48,0
TXN0000092,CUST00565,9,126.0,0.0,restaurant,US,desktop,0,0,2476.7,0.0,1.0,693.48,0
TXN0000093,CUST00105,14,554.0,2.0,restaurant,US,desktop,0,0,342.85,2.0,5.0,264.25,0
TXN0000094,CUST00771,22,545.0,1.0,restaurant,IN,desktop,1,0,149.22,3.0,0.0,300.04,1
TXN0000095,CUST00821,20,542.0,0.0,fuel,US,mobile,0,0,304.46,0.0,4.0,441.74,0
TXN0000096,CUST00476,20,589.0,0.0,fuel,UK,mobile,1,0,336.79,1.0,5.0,445.78,0
TXN0000097,CUST00702,10,216.0,0.0,online_services,IN,desktop,1,1,863.48,0.0,3.0,1170.91,0
TXN0000098,CUST00401,12,427.0,0.0,fashion,CA,mobile,1,0,1122.79,1.0,2.0,803.61,0
TXN0000099,CUST00729,4,603.0,0.0,restaurant,UK,desktop,1,0,70.3,3.0,11.0,183.73,1
TXN0000100,CUST00555,0,1260.0,0.0,fuel,IN,desktop,1,0,213.2,3.0,10.0,750.39,1
TXN0000101,CUST00161,23,978.0,0.0,online_services,US,mobile,0,1,273.48,0.0,3.0,264.78,0
TXN0000102,CUST00201,11,2078.0,0.0,fuel,CA,mobile,1,0,97.23,0.0,2.0,188.01,0
TXN0000103,CUST00957,10,636.0,2.0,travel,US,mobile,0,1,686.61,1.0,8.0,457.82,0
TXN0000104,CUST00995,16,337.0,0.0,fuel,US,mobile,0,0,585.63,0.0,1.0,348.26,0
TXN0000105,CUST00269,3,730.0,0.0,restaurant,US,mobile,0,0,620.11,0.0,0.0,247.32,0
TXN0000106,CUST00862,14,209.0,0.0,electronics,US,desktop,0,0,330.17,0.0,2.0,444.43,0
TXN0000107,CUST00815,8,1762.0,0.0,restaurant,US,mobile,0,0,950.34,0.0,3.0,609.98,0
TXN0000108,CUST00270,20,524.0,0.0,online_services,US,mobile,0,1,323.37,0.0,2.0,495.22,0
TXN0000109,CUST00455,19,888.0,0.0,online_services,US,mobile,0,1,680.84,1.0,0.0,606.73,0
TXN0000110,CUST00461,18,496.0,0.0,online_services,US,desktop,0,1,125.12,1.0,0.0,653.1,0
TXN0000111,CUST00726,18,129.0,0.0,travel,CA,mobile,1,1,131.92,1.0,6.0,425.31,0
TXN0000112,CUST00251,11,414.0,0.0,restaurant,US,desktop,0,0,1289.12,0.0,4.0,881.8,0
TXN0000113,CUST00701,4,368.0,0.0,grocery,US,mobile,0,0,165.63,0.0,3.0,208.18,0
TXN0000114,CUST00295,9,70.0,0.0,travel,UK,mobile,1,1,1789.4,4.0,2.0,697.71,0
TXN0000115,CUST00724,16,72.0,0.0,fashion,US,mobile,0,0,160.52,2.0,2.0,465.79,0
TXN0000116,CUST00719,4,871.0,0.0,restaurant,AU,tablet,1,0,334.34,2.0,6.0,144.65,0
TXN0000117,CUST00748,21,205.0,0.0,fuel,AU,mobile,1,0,219.5,1.0,0.0,395.38,0
TXN0000118,CUST00337,15,500.0,0.0,electronics,US,desktop,0,0,433.94,1.0,1.0,296.38,0
TXN0000119,CUST00878,6,419.0,0.0,restaurant,IN,desktop,1,0,432.11,1.0,3.0,443.39,0
TXN0000120,CUST00052,8,369.0,0.0,electronics,UK,desktop,1,0,144.14,0.0,3.0,503.72,0
TXN0000121,CUST00791,2,522.0,0.0,online_services,US,mobile,0,1,445.82,1.0,5.0,383.83,0
TXN0000122,CUST00921,30,979.0,0.0,online_services,UK,desktop,1,1,98.1,2.0,8.0,517.9,0
TXN0000123,CUST00216,15,-489.0,0.0,grocery,UK,tablet,1,0,973.23,0.0,4.0,328.06,0
TXN0000124,CUST00763,17,875.0,0.0,fashion,UK,desktop,1,0,326.16,1.0,2.0,282.51,0
TXN0000125,CUST00187,13,828.0,0.0,fuel,UK,desktop,1,0,21.71,2.0,1.0,490.26,0
TXN0000126,CUST00379,2,640.0,0.0,travel,US,mobile,0,1,85.9,5.0,10.0,298.57,1
TXN0000127,CUST00492,11,562.0,1.0,travel,IN,mobile,1,1,1225.99,1.0,3.0,585.27,0
TXN0000128,CUST00040,8,84.0,1.0,fashion,AU,desktop,1,0,1458.84,5.0,7.0,433.14,1
TXN0000129,CUST00156,6,301.0,0.0,grocery,UK,mobile,1,0,179.01,0.0,6.0,321.54,0
TXN0000130,CUST00014,8,1143.0,0.0,grocery,US,desktop,0,0,277.44,0.0,1.0,685.9,0
TXN0000131,CUST00812,12,333.0,1.0,online_services,US,tablet,0,1,1839.4,4.0,9.0,-771.76,1
TXN0000132,CUST00064,17,451.0,0.0,restaurant,UK,desktop,1,0,698.48,0.0,0.0,744.11,0
TXN0000133,CUST00856,4,427.0,0.0,grocery,AU,tablet,1,0,505.87,1.0,8.0,475.5,0
TXN0000134,CUST00838,12,304.0,0.0,restaurant,IN,mobile,1,0,156.29,0.0,0.0,354.44,0
TXN0000135,CUST00520,3,501.0,1.0,electronics,AU,desktop,1,0,2153.59,1.0,6.0,704.33,0
TXN0000136,CUST00343,1,435.0,1.0,fashion,US,mobile,0,0,92.26,2.0,7.0,386.31,0
TXN0000137,CUST00128,15,352.0,0.0,electronics,AU,mobile,1,0,195.62,0.0,2.0,258.3,0
TXN0000138,CUST00647,8,203.0,0.0,electronics,US,desktop,0,0,401.83,0.0,0.0,464.56,0
TXN0000139,CUST00471,8,181.0,0.0,electronics,US,mobile,0,0,93.24,0.0,1.0,238.44,0
TXN0000140,CUST00062,5,797.0,0.0,electronics,US,tablet,0,0,255.69,1.0,3.0,309.19,0
TXN0000141,CUST00138,10,16.0,0.0,travel,AU,mobile,1,1,1228.14,0.0,7.0,601.07,0
TXN0000142,CUST00498,21,504.0,0.0,grocery,AU,tablet,1,0,131.55,1.0,1.0,961.73,0
TXN0000143,CUST00592,23,970.0,0.0,fashion,US,mobile,0,0,284.96,0.0,3.0,290.99,0
TXN0000144,CUST00391,21,556.0,2.0,fashion,US,desktop,0,0,176.45,1.0,6.0,340.31,0
TXN0000145,CUST00674,0,406.0,0.0,fuel,IN,desktop,1,0,547.03,1.0,8.0,394.15,0
TXN0000146,CUST00418,3,225.0,0.0,electronics,US,desktop,0,0,374.9,0.0,,224.13,0
TXN0000147,CUST00288,12,473.0,0.0,fashion,US,mobile,0,0,441.86,0.0,2.0,305.94,0
TXN0000148,CUST00378,22,1013.0,1.0,online_services,US,desktop,0,1,596.95,2.0,7.0,886.46,0
TXN0000149,CUST00772,12,945.0,0.0,restaurant,UK,mobile,1,0,64.54,0.0,2.0,338.31,0
TXN0000150,CUST00489,12,468.0,0.0,fashion,IN,desktop,1,0,220.04,0.0,2.0,561.76,0
TXN0000151,CUST00230,1,835.0,1.0,online_services,US,mobile,0,1,2513.85,2.0,7.0,722.46,1
TXN0000152,CUST00040,8,397.0,0.0,electronics,US,mobile,0,0,551.75,1.0,2.0,492.48,0
TXN0000153,CUST00027,23,310.0,1.0,fashion,US,mobile,0,0,2817.06,1.0,8.0,663.87,1
TXN0000154,CUST00134,7,759.0,1.0,grocery,US,mobile,0,0,790.52,3.0,7.0,992.38,0
TXN0000155,CUST00200,6,1194.0,1.0,electronics,US,tablet,0,0,323.98,2.0,4.0,388.56,0
TXN0000156,CUST00839,3,1252.0,0.0,travel,AU,mobile,1,1,1457.72,2.0,9.0,540.16,0
TXN0000157,CUST00779,17,577.0,1.0,online_services,UK,desktop,1,1,727.76,1.0,7.0,709.18,1
TXN0000158,CUST00929,2,203.0,0.0,grocery,IN,mobile,1,0,156.59,1.0,7.0,308.23,0
TXN0000159,CUST00032,5,48.0,0.0,fashion,,tablet,1,0,61.08,5.0,5.0,120.45,0
TXN0000160,CUST00047,11,238.0,0.0,travel,US,mobile,0,1,319.71,0.0,4.0,934.07,0
TXN0000161,CUST00502,11,529.0,0.0,fuel,US,mobile,0,0,517.82,0.0,1.0,316.5,0
TXN0000162,CUST00406,20,1003.0,0.0,grocery,UK,desktop,1,0,96.37,1.0,1.0,409.11,0
TXN0000163,CUST00573,7,163.0,,fuel,US,desktop,0,0,805.42,0.0,0.0,563.45,0
TXN0000164,CUST00727,21,519.0,0.0,restaurant,UK,mobile,1,0,298.79,0.0,4.0,853.27,0
TXN0000165,CUST00804,21,436.0,0.0,grocery,US,mobile,0,0,267.27,0.0,1.0,437.29,0
TXN0000166,CUST00098,0,383.0,0.0,travel,UK,mobile,1,1,320.33,0.0,10.0,561.58,0
TXN0000167,CUST00683,3,502.0,0.0,fuel,US,,0,0,373.16,0.0,1.0,303.07,0
TXN0000168,CUST00871,20,1541.0,0.0,restaurant,US,desktop,0,0,97.3,0.0,0.0,775.63,0
TXN0000169,CUST00725,10,454.0,0.0,fuel,UK,mobile,1,0,113.98,1.0,4.0,393.49,0
TXN0000170,CUST00986,2,614.0,0.0,fashion,US,mobile,0,0,64.2,0.0,1.0,372.4,0
TXN0000171,CUST00546,12,139.0,0.0,electronics,US,mobile,0,0,2122.44,1.0,3.0,379.81,0
TXN0000172,CUST00960,16,1087.0,0.0,fuel,UK,mobile,1,0,235.44,1.0,3.0,341.24,0
TXN0000173,CUST00738,21,1008.0,3.0,fashion,US,desktop,0,0,370.08,1.0,13.0,710.18,0
TXN0000174,CUST00612,21,102.0,0.0,electronics,AU,desktop,1,0,236.64,0.0,3.0,422.21,0
TXN0000175,CUST00942,9,54.0,0.0,electronics,US,mobile,0,0,163.76,0.0,4.0,519.25,0
TXN0000176,CUST00461,20,868.0,0.0,travel,UK,mobile,1,1,212.02,3.0,6.0,563.31,0
TXN0000177,CUST00642,11,664.0,0.0,online_services,US,mobile,0,1,329.47,1.0,2.0,649.8,0
TXN0000178,CUST00768,14,122.0,0.0,restaurant,US,tablet,0,0,176.79,1.0,2.0,613.8,0
TXN0000179,CUST00004,20,272.0,0.0,online_services,US,mobile,0,1,270.21,1.0,2.0,424.77,0
TXN0000180,CUST00217,9,417.0,0.0,restaurant,UK,mobile,1,0,1581.87,1.0,4.0,410.32,0
TXN0000181,CUST00502,13,204.0,0.0,grocery,US,mobile,0,0,56.45,0.0,1.0,392.27,0
TXN0000182,CUST00766,12,268.0,0.0,fashion,US,tablet,0,0,98.43,2.0,2.0,210.32,0
TXN0000183,CUST00397,4,628.0,0.0,travel,UK,desktop,1,1,1307.12,4.0,8.0,336.93,1
TXN0000184,CUST00870,5,716.0,0.0,fuel,US,mobile,0,0,731.24,1.0,2.0,599.28,0
TXN0000185,CUST00794,23,701.0,0.0,fashion,UK,mobile,1,0,2680.57,2.0,1.0,1000.38,0
TXN0000186,CUST00392,1,945.0,0.0,fuel,CA,desktop,1,0,340.91,4.0,5.0,345.83,0
TXN0000187,CUST00206,21,397.0,1.0,online_services,US,mobile,0,1,336.99,3.0,7.0,409.48,1
TXN0000188,CUST00014,16,1329.0,1.0,fuel,US,mobile,0,0,2150.87,1.0,11.0,553.03,0
TXN0000189,CUST00857,3,414.0,0.0,online_services,US,tablet,0,1,270.34,1.0,7.0,255.3,0
TXN0000190,CUST00553,13,733.0,0.0,online_services,UK,tablet,1,1,262.11,4.0,14.0,602.29,1
TXN0000191,CUST00891,9,537.0,0.0,fuel,US,tablet,0,0,51.71,0.0,5.0,428.17,0
TXN0000192,CUST00460,2,934.0,2.0,grocery,US,mobile,0,0,2108.72,2.0,2.0,828.92,0
TXN0000193,CUST00690,2,731.0,0.0,online_services,US,mobile,0,1,117.1,2.0,3.0,180.02,0
TXN0000194,CUST00574,14,1115.0,0.0,grocery,US,mobile,0,0,385.11,1.0,0.0,584.93,0
TXN0000195,CUST00863,5,584.0,0.0,travel,US,desktop,0,1,258.22,0.0,2.0,993.64,0
TXN0000196,CUST00742,16,845.0,0.0,grocery,US,desktop,0,0,287.03,0.0,1.0,963.91,0
TXN0000197,CUST00240,11,622.0,0.0,travel,US,desktop,0,1,255.06,2.0,1.0,246.34,0
TXN0000198,CUST00563,21,1748.0,0.0,grocery,US,tablet,0,0,133.85,1.0,0.0,365.28,0
TXN0000199,CUST00095,19,1023.0,0.0,restaurant,US,desktop,0,0,124.86,0.0,1.0,453.37,0
TXN0000200,CUST00899,23,1236.0,0.0,travel,US,mobile,0,1,522.27,0.0,2.0,694.07,0
TXN0000201,CUST00733,10,606.0,0.0,restaurant,US,mobile,0,0,241.62,,2.0,308.4,0
TXN0000202,CUST00484,3,502.0,0.0,online_services,US,mobile,0,1,144.91,4.0,5.0,619.86,0
TXN0000203,CUST00406,5,1644.0,0.0,restaurant,CA,mobile,1,0,162.41,0.0,2.0,435.75,0
TXN0000204,CUST00230,0,220.0,1.0,travel,US,mobile,0,1,1424.52,1.0,13.0,747.51,1
TXN0000205,CUST00748,19,435.0,0.0,fashion,UK,desktop,1,0,142.24,1.0,3.0,478.08,0
TXN0000206,CUST00654,22,181.0,0.0,online_services,US,mobile,0,1,877.17,0.0,3.0,761.42,0
TXN0000207,CUST00170,15,886.0,0.0,online_services,UK,desktop,1,1,216.05,0.0,7.0,336.98,0
TXN0000208,CUST00540,14,459.0,0.0,electronics,US,desktop,0,0,185.0,0.0,2.0,229.67,0
TXN0000209,CUST00035,16,661.0,0.0,grocery,AU,mobile,1,0,401.13,0.0,4.0,329.29,0
TXN0000210,CUST00524,7,1221.0,0.0,fuel,CA,mobile,1,0,194.94,1.0,3.0,359.27,0
TXN0000211,CUST00159,11,351.0,0.0,grocery,US,mobile,0,0,332.08,0.0,1.0,407.84,0
TXN0000212,CUST00838,21,509.0,1.0,fuel,US,mobile,0,0,633.34,2.0,8.0,472.34,0
TXN0000213,CUST00698,20,253.0,0.0,fashion,UK,mobile,1,0,61.02,1.0,1.0,244.92,0
TXN0000214,CUST00242,9,807.0,0.0,electronics,AU,desktop,1,0,104.19,1.0,3.0,390.97,0
TXN0000215,CUST00085,14,368.0,0.0,fashion,US,desktop,0,0,309.28,1.0,2.0,550.17,0
TXN0000216,CUST00795,8,263.0,0.0,electronics,US,mobile,0,0,170.58,1.0,1.0,219.41,0
TXN0000217,CUST00577,1,893.0,0.0,travel,US,mobile,0,1,1270.3,6.0,9.0,566.36,1
TXN0000218,CUST00681,4,798.0,0.0,travel,US,desktop,0,1,130.39,2.0,7.0,189.0,0
TXN0000219,CUST00556,5,363.0,0.0,fuel,US,mobile,0,0,85.85,0.0,0.0,686.26,0
TXN0000220,CUST00573,6,233.0,0.0,restaurant,US,mobile,0,0,252.58,1.0,3.0,610.19,0
TXN0000221,CUST00952,20,270.0,3.0,restaurant,US,desktop,0,0,998.97,3.0,9.0,490.06,1
TXN0000222,CUST00645,0,1312.0,0.0,fuel,US,mobile,0,0,496.13,1.0,3.0,223.25,0
TXN0000223,CUST00795,22,756.0,0.0,travel,UK,desktop,1,1,32.98,1.0,8.0,246.6,0
TXN0000224,CUST00027,6,256.0,0.0,fuel,UK,mobile,1,0,817.29,1.0,5.0,766.62,0
TXN0000225,CUST00619,19,578.0,0.0,restaurant,US,mobile,0,0,85.88,0.0,2.0,643.06,0
TXN0000226,CUST00555,11,279.0,1.0,fuel,AU,mobile,1,0,2482.63,2.0,2.0,693.81,0
TXN0000227,CUST00339,15,1015.0,0.0,travel,US,desktop,0,1,1171.46,0.0,0.0,521.87,0
TXN0000228,CUST00797,15,998.0,1.0,fashion,US,desktop,0,0,1491.79,2.0,6.0,472.83,0
TXN0000229,CUST00957,10,361.0,0.0,grocery,UK,mobile,1,0,97.77,0.0,2.0,496.2,0
TXN0000230,CUST00330,20,380.0,1.0,travel,UK,tablet,1,1,536.52,1.0,7.0,393.65,0
TXN0000231,CUST00639,3,88.0,0.0,fuel,AU,mobile,1,0,891.5,0.0,4.0,533.79,0
TXN0000232,CUST00505,12,314.0,1.0,travel,US,mobile,0,1,540.73,2.0,8.0,415.91,1
TXN0000233,CUST00347,6,2262.0,0.0,travel,US,mobile,0,1,105.7,0.0,2.0,616.93,0
TXN0000234,CUST00472,3,492.0,0.0,restaurant,UK,mobile,1,0,265.04,0.0,7.0,303.4,0
TXN0000235,CUST00230,14,844.0,0.0,fuel,US,mobile,0,0,161.84,0.0,3.0,644.31,0
TXN0000236,CUST00189,18,189.0,0.0,restaurant,US,mobile,0,0,396.06,0.0,2.0,461.42,0
TXN0000237,CUST00224,8,1653.0,0.0,fuel,US,tablet,0,0,104.65,0.0,3.0,416.18,0
TXN0000238,CUST00384,10,454.0,0.0,restaurant,US,desktop,0,0,52.07,0.0,4.0,445.23,0
TXN0000239,CUST00376,7,229.0,1.0,restaurant,US,desktop,0,0,396.02,0.0,8.0,758.95,0
TXN0000240,CUST00282,0,834.0,0.0,fashion,US,mobile,0,0,62.53,1.0,0.0,503.93,0
TXN0000241,CUST00957,22,1791.0,0.0,travel,US,desktop,0,1,148.02,0.0,3.0,510.94,0
TXN0000242,CUST00632,23,794.0,1.0,fashion,US,mobile,0,0,1379.99,0.0,11.0,440.21,0
TXN0000243,CUST00627,7,1435.0,0.0,restaurant,US,desktop,0,0,178.55,1.0,1.0,610.24,0
TXN0000244,CUST00972,12,609.0,0.0,fashion,US,tablet,0,0,239.99,0.0,1.0,437.27,0
TXN0000245,CUST00744,21,172.0,2.0,online_services,AU,desktop,1,1,267.47,6.0,7.0,179.58,1
TXN0000246,CUST00258,3,85.0,0.0,online_services,US,mobile,0,1,862.33,2.0,9.0,653.18,0
TXN0000247,CUST00358,7,479.0,0.0,travel,AU,mobile,1,1,113.88,1.0,9.0,241.75,0
TXN0000248,CUST00709,2,82.0,0.0,travel,US,tablet,0,1,303.67,1.0,6.0,502.74,0
TXN0000249,CUST00455,8,401.0,1.0,restaurant,US,mobile,0,0,496.66,3.0,9.0,613.91,1
TXN0000250,CUST00410,1,448.0,2.0,travel,US,desktop,0,1,466.06,1.0,3.0,200.91,0
TXN0000251,CUST00648,1,191.0,2.0,fashion,US,mobile,0,0,78.22,2.0,4.0,285.5,0
TXN0000252,CUST00317,12,48.0,0.0,electronics,US,mobile,0,0,229.64,0.0,0.0,283.7,0
TXN0000253,CUST00676,14,532.0,0.0,travel,US,desktop,0,1,112.23,1.0,1.0,362.34,0
TXN0000254,CUST00224,22,171.0,0.0,fashion,UK,mobile,1,0,106.24,1.0,1.0,292.27,0
TXN0000255,CUST00818,11,536.0,0.0,online_services,US,mobile,0,1,747.49,1.0,5.0,809.43,0
TXN0000256,CUST00233,3,405.0,0.0,online_services,UK,mobile,1,1,1710.45,1.0,6.0,609.03,0
TXN0000257,CUST00683,7,228.0,0.0,fashion,UK,desktop,1,0,330.27,2.0,1.0,392.22,0
TXN0000258,CUST00663,8,146.0,1.0,online_services,US,mobile,0,1,666.8,4.0,8.0,360.04,1
TXN0000259,CUST00974,22,1226.0,0.0,fashion,CA,mobile,1,0,397.3,0.0,4.0,479.45,0
TXN0000260,CUST00826,4,830.0,0.0,travel,CA,desktop,1,1,568.03,0.0,4.0,590.71,0
TXN0000261,CUST00373,23,848.0,4.0,electronics,IN,mobile,1,0,682.43,1.0,11.0,325.13,0
TXN0000262,CUST00671,19,1253.0,2.0,restaurant,US,mobile,0,0,489.72,2.0,7.0,364.06,0
TXN0000263,CUST00607,17,787.0,0.0,restaurant,CA,mobile,1,0,267.68,1.0,0.0,598.32,0
TXN0000264,CUST00471,10,614.0,0.0,travel,AU,mobile,1,1,307.47,0.0,8.0,306.25,0
TXN0000265,CUST00232,14,,0.0,travel,UK,mobile,1,1,292.52,0.0,7.0,435.94,0
TXN0000266,CUST00691,21,286.0,0.0,online_services,US,tablet,0,1,182.37,1.0,1.0,201.35,0
TXN0000267,CUST00112,8,380.0,0.0,grocery,IN,desktop,1,0,425.22,0.0,2.0,314.95,0
TXN0000268,CUST00829,16,263.0,0.0,fuel,IN,mobile,1,0,208.11,0.0,3.0,741.54,0
TXN0000269,CUST00496,11,500.0,1.0,electronics,UK,mobile,1,0,625.83,1.0,6.0,410.05,0
TXN0000270,CUST00441,6,1064.0,0.0,fashion,US,mobile,0,0,56.99,0.0,4.0,382.24,0
TXN0000271,CUST00563,9,635.0,0.0,fuel,CA,mobile,1,0,123.83,1.0,1.0,247.73,0
TXN0000272,CUST00267,9,534.0,0.0,fashion,US,tablet,0,0,489.18,0.0,2.0,308.92,0
TXN0000273,CUST00509,12,675.0,0.0,fuel,US,mobile,0,0,458.02,0.0,0.0,845.68,0
TXN0000274,CUST00806,18,507.0,0.0,restaurant,IN,desktop,1,0,240.42,0.0,2.0,489.79,0
TXN0000275,CUST00385,10,878.0,0.0,fuel,CA,mobile,1,0,156.56,0.0,4.0,628.47,0
TXN0000276,CUST00386,12,238.0,3.0,travel,IN,mobile,1,1,627.26,0.0,8.0,468.25,1
TXN0000277,CUST00112,20,69.0,0.0,electronics,US,mobile,0,0,36.03,0.0,0.0,382.19,0
TXN0000278,CUST00612,7,445.0,0.0,restaurant,US,mobile,0,0,273.63,1.0,3.0,381.73,0
TXN0000279,CUST00624,7,691.0,0.0,online_services,IN,desktop,1,1,90.23,2.0,6.0,377.72,0
TXN0000280,CUST00951,3,83.0,0.0,fuel,US,mobile,0,0,718.85,2.0,5.0,399.3,0
TXN0000281,CUST00080,14,597.0,0.0,electronics,CA,mobile,1,0,290.02,0.0,0.0,498.04,0
TXN0000282,CUST00698,10,969.0,0.0,travel,US,desktop,0,1,184.99,1.0,4.0,225.48,0
TXN0000283,CUST00112,10,203.0,1.0,online_services,US,desktop,0,1,886.28,2.0,6.0,315.47,0
TXN0000284,CUST00001,0,758.0,0.0,fashion,US,desktop,0,0,147.58,3.0,1.0,488.05,0
TXN0000285,CUST00641,16,150.0,0.0,online_services,US,mobile,0,1,136.61,0.0,1.0,389.05,0
TXN0000286,CUST00219,14,1165.0,0.0,grocery,US,desktop,0,0,403.21,0.0,2.0,653.38,0
TXN0000287,CUST00565,19,155.0,0.0,electronics,US,mobile,0,0,183.44,0.0,3.0,591.41,0
TXN0000288,CUST00854,5,434.0,0.0,fashion,US,desktop,0,0,718.65,0.0,5.0,394.58,0
TXN0000289,CUST00996,23,806.0,0.0,electronics,UK,desktop,1,0,247.36,0.0,2.0,488.9,0
TXN0000290,CUST00735,21,429.0,0.0,electronics,UK,mobile,1,0,380.32,0.0,1.0,688.43,0
TXN0000291,CUST00224,14,9.0,0.0,electronics,US,mobile,0,0,515.43,2.0,0.0,362.59,0
TXN0000292,CUST00384,8,534.0,1.0,travel,UK,tablet,1,1,663.85,2.0,5.0,498.85,0
TXN0000293,CUST00402,13,207.0,0.0,restaurant,US,mobile,0,0,72.12,0.0,6.0,221.24,0
TXN0000294,CUST00637,17,241.0,0.0,electronics,US,desktop,0,0,404.24,1.0,3.0,240.93,0
TXN0000295,CUST00129,16,942.0,0.0,travel,US,mobile,0,1,635.41,1.0,0.0,395.51,0
TXN0000296,CUST00052,17,1355.0,0.0,grocery,UK,desktop,1,0,197.86,1.0,2.0,504.95,0
TXN0000297,CUST00683,4,627.0,0.0,restaurant,US,desktop,0,0,541.39,0.0,4.0,425.03,0
TXN0000298,CUST00729,19,583.0,0.0,travel,US,mobile,0,1,96.12,0.0,1.0,167.11,0
TXN0000299,CUST00671,19,19.0,0.0,online_services,US,mobile,0,1,636.39,2.0,12.0,462.86,0
TXN0000300,CUST00709,8,1800.0,0.0,grocery,IN,mobile,1,0,194.67,0.0,1.0,461.36,0
TXN0000301,CUST00415,10,570.0,0.0,online_services,AU,mobile,1,1,69.3,2.0,1.0,203.83,0
TXN0000302,CUST00246,23,601.0,0.0,restaurant,US,mobile,0,0,336.5,1.0,3.0,718.28,0
TXN0000303,CUST00835,21,304.0,0.0,travel,US,desktop,0,1,120.25,0.0,3.0,272.62,0
TXN0000304,CUST00438,0,557.0,0.0,grocery,IN,tablet,1,0,330.68,3.0,6.0,250.24,0
TXN0000305,CUST00202,17,974.0,0.0,travel,US,desktop,0,1,110.13,2.0,4.0,192.73,0
TXN0000306,CUST00183,5,1522.0,0.0,grocery,US,desktop,0,0,64.13,1.0,0.0,635.92,0
TXN0000307,CUST00122,1,600.0,0.0,electronics,US,desktop,0,0,138.19,1.0,2.0,572.13,0
TXN0000308,CUST00400,14,65.0,0.0,electronics,IN,desktop,1,0,560.1,0.0,5.0,374.86,0
TXN0000309,CUST00766,20,371.0,0.0,restaurant,UK,desktop,1,0,215.31,2.0,1.0,281.57,0
TXN0000310,CUST00293,13,433.0,1.0,grocery,US,mobile,0,0,526.51,2.0,10.0,384.43,1
TXN0000311,CUST00279,4,1188.0,1.0,electronics,US,mobile,0,0,753.29,3.0,17.0,524.57,1
TXN0000312,CUST00836,5,409.0,0.0,restaurant,IN,mobile,1,0,265.44,1.0,1.0,168.09,0
TXN0000313,CUST00883,5,1960.0,0.0,fashion,US,desktop,0,0,1095.95,2.0,0.0,813.57,0
TXN0000314,CUST00609,21,230.0,0.0,electronics,US,mobile,0,0,236.69,0.0,1.0,,0
TXN0000315,CUST00197,17,185.0,0.0,electronics,US,mobile,0,0,,0.0,3.0,314.63,0
TXN0000316,CUST00981,13,831.0,3.0,fuel,CA,mobile,1,0,519.82,5.0,8.0,919.0,1
TXN0000317,CUST00906,9,498.0,1.0,travel,US,tablet,0,1,849.41,0.0,11.0,482.4,0
TXN0000318,CUST00510,13,228.0,0.0,fashion,CA,desktop,1,0,89.24,0.0,0.0,163.6,0
TXN0000319,CUST00751,12,139.0,0.0,grocery,US,mobile,0,0,202.27,0.0,5.0,398.89,0
TXN0000320,CUST00143,2,390.0,0.0,restaurant,US,desktop,0,0,204.33,1.0,1.0,491.63,0
TXN0000321,CUST00608,5,1644.0,0.0,fashion,US,tablet,0,0,1013.04,1.0,1.0,701.21,0
TXN0000322,CUST00200,7,106.0,0.0,grocery,CA,mobile,1,0,142.29,0.0,1.0,314.09,0
TXN0000323,CUST00123,11,550.0,0.0,electronics,US,mobile,0,0,523.06,0.0,1.0,335.77,0
TXN0000324,CUST00186,12,415.0,0.0,online_services,US,mobile,0,1,217.73,0.0,0.0,228.34,0
TXN0000325,CUST00325,10,348.0,0.0,fuel,US,mobile,0,0,486.91,0.0,2.0,357.65,0
TXN0000326,CUST00463,11,1138.0,0.0,online_services,UK,tablet,1,1,747.36,4.0,8.0,675.11,1
TXN0000327,CUST00348,0,1189.0,0.0,restaurant,UK,desktop,1,0,331.95,1.0,7.0,378.32,0
TXN0000328,CUST00770,16,341.0,0.0,restaurant,US,desktop,0,0,233.69,0.0,1.0,336.16,0
TXN0000329,CUST00659,15,610.0,0.0,fashion,US,mobile,0,0,613.29,1.0,2.0,550.44,0
TXN0000330,CUST00763,10,1139.0,0.0,travel,US,tablet,0,1,75.9,0.0,3.0,321.63,0
TXN0000331,CUST00954,12,758.0,0.0,grocery,US,mobile,0,0,281.07,1.0,1.0,524.86,0
TXN0000332,CUST00931,17,372.0,2.0,fuel,IN,mobile,1,0,253.26,,6.0,422.21,0
TXN0000333,CUST00402,10,2605.0,0.0,fuel,US,mobile,0,0,464.0,0.0,1.0,285.77,0
TXN0000334,CUST00345,11,1438.0,1.0,online_services,US,desktop,0,1,783.23,1.0,5.0,440.1,0
TXN0000335,CUST00962,5,197.0,0.0,fashion,US,desktop,0,0,230.93,1.0,2.0,383.85,0
TXN0000336,CUST00510,8,795.0,0.0,travel,US,mobile,0,1,182.0,0.0,4.0,174.67,0
TXN0000337,CUST00146,15,98.0,0.0,travel,US,desktop,0,1,420.47,0.0,6.0,460.56,0
TXN0000338,CUST00147,3,292.0,0.0,travel,US,mobile,0,1,58.57,1.0,10.0,295.18,0
TXN0000339,CUST00863,2,233.0,0.0,restaurant,AU,mobile,1,0,1121.14,2.0,7.0,680.46,0
TXN0000340,CUST00710,15,1231.0,0.0,grocery,US,mobile,0,0,218.36,2.0,5.0,164.32,0
TXN0000341,CUST00819,23,1053.0,0.0,grocery,US,mobile,0,0,86.5,0.0,3.0,403.69,0
TXN0000342,CUST00488,11,396.0,0.0,online_services,US,desktop,0,1,29.87,1.0,1.0,264.6,0
TXN0000343,CUST00928,10,253.0,0.0,fashion,UK,desktop,1,0,213.87,0.0,4.0,246.18,0
TXN0000344,CUST00935,4,266.0,0.0,electronics,US,mobile,0,0,294.18,0.0,2.0,779.45,0
TXN0000345,CUST00639,17,123.0,0.0,fashion,US,mobile,0,0,312.4,1.0,4.0,425.81,0
TXN0000346,CUST00550,18,388.0,0.0,grocery,US,desktop,0,0,76.68,0.0,1.0,535.47,0
TXN0000347,CUST00337,22,708.0,0.0,,US,mobile,0,1,91.48,2.0,1.0,371.65,0
TXN0000348,CUST00871,22,250.0,3.0,restaurant,UK,mobile,1,0,2266.46,2.0,6.0,656.72,0
TXN0000349,CUST00640,5,956.0,0.0,fashion,UK,mobile,1,0,70.66,1.0,5.0,248.23,0
TXN0000350,CUST00778,21,591.0,0.0,online_services,IN,mobile,1,1,267.48,1.0,2.0,454.95,0
TXN0000351,CUST00987,17,531.0,0.0,electronics,US,mobile,0,0,179.79,0.0,3.0,740.71,0
TXN0000352,CUST00952,5,-336.0,1.0,fuel,US,mobile,0,0,512.27,0.0,7.0,477.74,0
TXN0000353,CUST00472,3,1078.0,0.0,fashion,US,mobile,0,0,196.53,0.0,4.0,258.1,0
TXN0000354,CUST00945,11,564.0,0.0,online_services,US,mobile,0,1,158.91,0.0,1.0,659.88,0
TXN0000355,CUST00150,18,489.0,0.0,travel,US,mobile,0,1,154.73,2.0,1.0,856.69,0
TXN0000356,CUST00414,1,435.0,1.0,electronics,UK,desktop,1,0,2109.36,1.0,9.0,685.85,1
TXN0000357,CUST00989,16,235.0,0.0,travel,US,desktop,0,1,177.14,1.0,1.0,152.63,0
TXN0000358,CUST00297,10,750.0,2.0,restaurant,US,mobile,0,0,343.91,1.0,11.0,209.86,1
TXN0000359,CUST00610,10,676.0,0.0,grocery,US,mobile,0,0,228.81,0.0,1.0,350.65,0
TXN0000360,CUST00262,20,316.0,0.0,fashion,UK,mobile,1,0,104.89,0.0,1.0,206.37,0
TXN0000361,CUST00763,15,694.0,0.0,online_services,US,mobile,0,1,102.54,1.0,1.0,392.76,0
TXN0000362,CUST00143,1,805.0,0.0,fashion,US,desktop,0,0,783.83,0.0,1.0,529.24,0
TXN0000363,CUST00345,1,308.0,1.0,travel,IN,mobile,1,1,721.54,3.0,6.0,400.0,1
TXN0000364,CUST00623,22,643.0,0.0,travel,UK,mobile,1,1,88.06,1.0,5.0,381.91,0
TXN0000365,CUST00571,7,355.0,0.0,grocery,US,mobile,0,0,225.35,0.0,3.0,612.94,0
TXN0000366,CUST00880,12,354.0,0.0,online_services,US,mobile,0,1,257.51,1.0,2.0,929.53,0
TXN0000367,CUST00001,9,559.0,0.0,fashion,US,mobile,0,0,207.34,1.0,3.0,419.77,0
TXN0000368,CUST00896,7,289.0,0.0,online_services,CA,tablet,1,1,165.54,0.0,5.0,362.01,0
TXN0000369,CUST00303,3,517.0,0.0,grocery,CA,desktop,1,0,80.66,3.0,9.0,1088.88,0
TXN0000370,CUST00253,14,698.0,0.0,travel,US,mobile,0,1,175.47,1.0,2.0,645.87,0
TXN0000371,CUST00651,0,121.0,0.0,fuel,CA,desktop,1,0,129.65,3.0,16.0,130.5,0
TXN0000372,CUST00452,10,816.0,0.0,online_services,US,mobile,0,1,221.94,0.0,1.0,345.51,0
TXN0000373,CUST00036,6,1157.0,0.0,travel,CA,mobile,1,1,343.14,3.0,12.0,252.09,0
TXN0000374,CUST00159,16,682.0,0.0,electronics,US,tablet,0,0,993.4,0.0,3.0,330.85,0
TXN0000375,CUST00008,19,879.0,0.0,travel,US,mobile,0,1,454.8,0.0,0.0,671.87,0
TXN0000376,CUST00232,23,89.0,1.0,travel,AU,tablet,1,1,109.63,4.0,11.0,482.35,1
TXN0000377,CUST00098,17,1893.0,0.0,online_services,US,desktop,0,1,292.34,0.0,3.0,451.65,0
TXN0000378,CUST00658,21,1088.0,2.0,fuel,IN,tablet,1,0,2526.76,2.0,8.0,466.64,1
TXN0000379,CUST00815,21,579.0,0.0,grocery,US,desktop,0,0,218.33,1.0,2.0,600.21,0
TXN0000380,CUST00207,11,1054.0,0.0,electronics,US,mobile,0,0,849.35,1.0,0.0,397.33,0
TXN0000381,CUST00130,8,183.0,0.0,electronics,UK,desktop,1,0,101.12,0.0,2.0,360.65,0
TXN0000382,CUST00403,4,371.0,0.0,fashion,US,mobile,0,0,121.27,2.0,3.0,350.5,0
TXN0000383,CUST00151,9,384.0,0.0,fuel,US,desktop,0,0,213.75,0.0,2.0,423.55,0
TXN0000384,CUST00053,3,124.0,0.0,restaurant,US,mobile,0,0,217.68,0.0,1.0,334.35,0
TXN0000385,CUST00119,4,1241.0,0.0,fashion,IN,desktop,1,0,477.88,3.0,4.0,808.28,0
TXN0000386,CUST00672,9,605.0,0.0,fashion,CA,desktop,1,0,245.07,1.0,1.0,502.07,0
TXN0000387,CUST00919,10,1165.0,0.0,fashion,US,desktop,0,0,224.27,0.0,3.0,378.99,0
TXN0000388,CUST00627,20,564.0,0.0,electronics,US,desktop,0,0,1774.06,0.0,2.0,790.57,0
TXN0000389,CUST00586,23,355.0,0.0,grocery,US,desktop,0,0,131.36,2.0,2.0,156.18,0
TXN0000390,CUST00624,9,521.0,0.0,online_services,US,mobile,0,1,686.04,0.0,2.0,447.11,0
TXN0000391,CUST00967,7,283.0,0.0,travel,IN,desktop,1,1,341.21,2.0,9.0,555.51,0
TXN0000392,CUST00419,1,738.0,1.0,electronics,UK,desktop,1,0,465.84,0.0,7.0,327.51,0
TXN0000393,CUST00421,22,747.0,2.0,travel,US,desktop,0,1,1072.49,2.0,9.0,398.89,1
TXN0000394,CUST00103,7,244.0,0.0,travel,US,tablet,0,1,127.23,0.0,2.0,286.77,0
TXN0000395,CUST00851,15,862.0,0.0,restaurant,IN,mobile,1,0,262.17,0.0,1.0,296.99,0
TXN0000396,CUST00253,21,858.0,0.0,online_services,US,mobile,0,1,243.92,0.0,1.0,611.51,0
TXN0000397,CUST00226,4,345.0,0.0,fashion,IN,desktop,1,0,358.19,0.0,11.0,368.6,0
TXN0000398,CUST00111,2,433.0,0.0,restaurant,US,mobile,0,0,222.87,1.0,3.0,313.97,0
TXN0000399,CUST00509,11,760.0,1.0,fashion,UK,mobile,1,0,2383.21,2.0,7.0,911.67,0
TXN0000400,CUST00472,12,162.0,0.0,electronics,UK,desktop,1,0,120.8,0.0,2.0,254.31,0
TXN0000401,CUST00098,12,985.0,0.0,travel,UK,mobile,1,1,141.05,1.0,5.0,481.93,0
TXN0000402,CUST00152,9,975.0,0.0,restaurant,US,tablet,0,0,-296.3,0.0,3.0,728.43,0
TXN0000403,CUST00860,3,914.0,0.0,fuel,US,tablet,0,0,128.45,0.0,1.0,750.78,0
TXN0000404,CUST00913,8,332.0,0.0,electronics,US,mobile,0,0,419.21,1.0,2.0,662.92,0
TXN0000405,CUST00895,21,925.0,0.0,electronics,AU,desktop,1,0,700.29,0.0,2.0,644.37,0
TXN0000406,CUST00877,23,422.0,0.0,fuel,US,mobile,0,0,161.47,0.0,4.0,357.86,0
TXN0000407,CUST00337,22,1071.0,0.0,fashion,IN,desktop,1,0,262.56,0.0,3.0,396.39,0
TXN0000408,CUST00705,1,230.0,4.0,travel,UK,mobile,1,1,1641.36,0.0,5.0,1661.4,1
TXN0000409,CUST00821,18,595.0,1.0,fashion,US,desktop,0,0,1639.51,1.0,7.0,477.31,0
TXN0000410,CUST00162,0,151.0,0.0,fashion,AU,mobile,1,0,3953.11,0.0,7.0,1176.65,0
TXN0000411,CUST00719,6,301.0,0.0,electronics,CA,desktop,1,0,82.59,0.0,3.0,166.06,0
TXN0000412,CUST00956,16,274.0,0.0,fashion,US,desktop,0,0,808.63,3.0,3.0,675.09,0
TXN0000413,CUST00680,2,295.0,0.0,grocery,US,mobile,0,0,146.35,1.0,0.0,266.58,0
TXN0000414,CUST00995,19,242.0,1.0,fuel,AU,desktop,1,0,425.15,1.0,6.0,398.6,0
TXN0000415,CUST00160,19,341.0,0.0,online_services,CA,tablet,1,1,274.35,3.0,10.0,410.41,0
TXN0000416,CUST00579,20,235.0,0.0,fuel,CA,desktop,1,0,257.16,1.0,1.0,252.71,0
TXN0000417,CUST00800,2,1143.0,0.0,travel,UK,desktop,1,1,1992.84,4.0,4.0,1153.39,0
TXN0000418,CUST00397,2,142.0,0.0,fuel,US,mobile,0,0,75.46,0.0,1.0,338.73,0
TXN0000419,CUST00276,16,466.0,1.0,fashion,AU,mobile,1,0,54.36,3.0,6.0,220.79,1
TXN0000420,CUST00815,6,527.0,0.0,fashion,US,mobile,0,0,1149.47,0.0,2.0,657.0,0
TXN0000421,CUST00915,13,251.0,0.0,restaurant,US,mobile,0,0,77.32,0.0,1.0,324.44,0
TXN0000422,CUST00503,16,477.0,0.0,travel,US,mobile,0,1,546.78,0.0,1.0,1095.58,0
TXN0000423,CUST00895,17,1144.0,0.0,travel,US,desktop,0,1,746.8,1.0,2.0,719.2,0
TXN0000424,CUST00391,12,1164.0,0.0,fuel,US,mobile,0,0,606.5,0.0,2.0,334.3,0
TXN0000425,CUST00134,19,468.0,1.0,fashion,US,mobile,0,0,1083.08,2.0,6.0,1024.37,0
TXN0000426,CUST00194,19,556.0,0.0,grocery,US,desktop,0,0,444.37,0.0,1.0,1004.83,0
TXN0000427,CUST00400,20,1269.0,1.0,restaurant,US,mobile,0,0,476.67,1.0,11.0,390.63,0
TXN0000428,CUST00639,17,650.0,4.0,grocery,UK,mobile,1,0,152.36,1.0,6.0,618.17,0
TXN0000429,CUST00032,3,984.0,0.0,fashion,US,mobile,0,0,185.3,1.0,1.0,105.48,0
TXN0000430,CUST00687,0,141.0,0.0,travel,US,mobile,0,1,158.4,0.0,8.0,506.52,0
TXN0000431,CUST00459,17,239.0,1.0,travel,,tablet,1,1,358.14,2.0,7.0,683.03,0
TXN0000432,CUST00954,0,158.0,0.0,online_services,US,desktop,0,1,254.59,2.0,10.0,578.95,0
TXN0000433,CUST00882,12,1353.0,0.0,grocery,US,mobile,0,0,51.44,1.0,0.0,354.46,0
TXN0000434,CUST00469,19,220.0,0.0,online_services,IN,mobile,1,1,667.51,1.0,7.0,638.24,0
TXN0000435,CUST00374,19,529.0,0.0,online_services,US,,0,1,231.44,1.0,4.0,533.98,0
TXN0000436,CUST00021,22,624.0,0.0,electronics,US,desktop,0,0,164.8,0.0,4.0,338.06,0
TXN0000437,CUST00749,9,401.0,0.0,fashion,UK,mobile,1,0,191.02,0.0,1.0,178.47,0
TXN0000438,CUST00669,10,171.0,0.0,travel,CA,desktop,1,1,215.91,3.0,4.0,368.69,1
TXN0000439,CUST00037,8,1371.0,0.0,fuel,CA,mobile,1,0,106.8,0.0,0.0,186.3,0
TXN0000440,CUST00229,8,664.0,0.0,electronics,US,mobile,0,0,106.49,1.0,1.0,159.07,0
TXN0000441,CUST00364,4,937.0,0.0,travel,UK,mobile,1,1,288.77,5.0,6.0,521.06,0
TXN0000442,CUST00562,0,471.0,0.0,fuel,UK,tablet,1,0,78.61,5.0,9.0,335.58,0
TXN0000443,CUST00437,16,290.0,0.0,travel,US,desktop,0,1,123.36,1.0,4.0,140.54,0
TXN0000444,CUST00775,21,1244.0,0.0,electronics,US,mobile,0,0,217.48,0.0,4.0,382.4,0
TXN0000445,CUST00282,1,295.0,0.0,grocery,UK,desktop,1,0,590.43,2.0,6.0,474.51,0
TXN0000446,CUST00026,23,440.0,0.0,fashion,US,mobile,0,0,69.33,1.0,1.0,102.27,0
TXN0000447,CUST00225,12,505.0,0.0,online_services,US,mobile,0,1,508.93,0.0,3.0,461.48,0
TXN0000448,CUST00276,8,284.0,1.0,electronics,US,mobile,0,0,200.09,,5.0,263.46,1
TXN0000449,CUST00797,3,853.0,0.0,electronics,US,desktop,0,0,264.32,0.0,0.0,435.49,0
TXN0000450,CUST00608,4,996.0,0.0,online_services,US,mobile,0,1,72.7,1.0,6.0,689.2,0
TXN0000451,CUST00283,10,469.0,0.0,travel,US,mobile,0,1,88.97,0.0,0.0,166.63,0
TXN0000452,CUST00878,23,231.0,1.0,fuel,US,mobile,0,0,862.42,2.0,4.0,499.1,0
TXN0000453,CUST00959,18,122.0,0.0,online_services,AU,desktop,1,1,312.27,3.0,2.0,245.51,0
TXN0000454,CUST00480,20,421.0,0.0,electronics,US,mobile,0,0,445.49,0.0,0.0,789.62,0
TXN0000455,CUST00452,2,1016.0,0.0,fashion,US,mobile,0,0,116.13,0.0,2.0,347.94,0
TXN0000456,CUST00828,11,403.0,0.0,online_services,IN,mobile,1,1,543.13,1.0,7.0,305.11,0
TXN0000457,CUST00815,18,1065.0,0.0,online_services,AU,mobile,1,1,854.62,0.0,9.0,529.18,0
TXN0000458,CUST00658,18,1628.0,0.0,grocery,US,desktop,0,0,294.86,0.0,2.0,584.7,0
TXN0000459,CUST00515,12,1002.0,1.0,fuel,US,tablet,0,0,139.95,3.0,10.0,503.7,1
TXN0000460,CUST00546,6,360.0,0.0,grocery,US,mobile,0,0,52.29,1.0,2.0,415.06,0
TXN0000461,CUST00191,14,183.0,1.0,grocery,AU,desktop,1,0,904.55,4.0,9.0,435.46,1
TXN0000462,CUST00048,22,542.0,0.0,fashion,US,mobile,0,0,154.81,1.0,0.0,325.5,0
TXN0000463,CUST00511,6,1798.0,0.0,travel,US,mobile,0,1,110.33,1.0,1.0,214.35,0
TXN0000464,CUST00016,7,387.0,1.0,fuel,CA,mobile,1,0,492.84,1.0,7.0,353.66,0
TXN0000465,CUST00171,4,56.0,0.0,fuel,US,desktop,0,0,712.67,1.0,7.0,292.23,0
TXN0000466,CUST00219,20,329.0,0.0,online_services,UK,desktop,1,1,215.24,1.0,8.0,450.55,0
TXN0000467,CUST00157,13,1109.0,0.0,fashion,UK,desktop,1,0,120.99,0.0,2.0,355.17,0
TXN0000468,CUST00476,3,1212.0,,fuel,US,mobile,0,0,3121.59,2.0,6.0,542.42,0
TXN0000469,CUST00045,22,197.0,0.0,electronics,US,desktop,0,0,102.53,1.0,3.0,245.3,0
TXN0000470,CUST00372,9,194.0,0.0,restaurant,US,desktop,0,0,197.28,1.0,4.0,492.12,0
TXN0000471,CUST00517,19,837.0,0.0,online_services,UK,mobile,1,1,47.78,2.0,8.0,1041.99,0
TXN0000472,CUST00098,14,168.0,1.0,restaurant,CA,tablet,1,0,354.76,2.0,9.0,-629.03,1
TXN0000473,CUST00891,17,222.0,2.0,restaurant,CA,mobile,1,0,182.12,0.0,13.0,304.72,1
TXN0000474,CUST00744,19,1376.0,0.0,grocery,US,desktop,0,0,159.1,0.0,6.0,255.79,0
TXN0000475,CUST00036,12,626.0,0.0,fuel,UK,mobile,1,0,200.51,0.0,3.0,262.57,0
TXN0000476,CUST00279,7,281.0,1.0,online_services,US,desktop,0,1,502.37,5.0,6.0,449.27,1
TXN0000477,CUST00348,8,655.0,0.0,fashion,US,desktop,0,0,157.96,1.0,4.0,407.69,0
TXN0000478,CUST00496,15,177.0,0.0,fuel,US,mobile,0,0,290.44,1.0,1.0,377.16,0
TXN0000479,CUST00301,18,851.0,0.0,fashion,UK,tablet,1,0,308.82,0.0,3.0,291.66,0
TXN0000480,CUST00180,15,238.0,0.0,fuel,UK,mobile,1,0,36.4,0.0,1.0,36.87,0
TXN0000481,CUST00606,6,253.0,0.0,online_services,US,mobile,0,1,570.27,0.0,1.0,999.06,0
TXN0000482,CUST00098,13,1422.0,0.0,online_services,AU,desktop,1,1,301.57,2.0,8.0,526.96,0
TXN0000483,CUST00699,13,855.0,0.0,grocery,US,mobile,0,0,51.04,0.0,0.0,248.25,0
TXN0000484,CUST00992,3,140.0,1.0,online_services,US,mobile,0,1,1972.81,4.0,5.0,654.62,1
TXN0000485,CUST00115,14,771.0,0.0,electronics,US,desktop,0,0,553.22,0.0,2.0,347.83,0
TXN0000486,CUST00190,2,109.0,0.0,restaurant,IN,desktop,1,0,49.86,3.0,,288.53,1
TXN0000487,CUST00252,4,1015.0,1.0,restaurant,US,tablet,0,0,776.04,0.0,9.0,396.75,0
TXN0000488,CUST00980,0,813.0,0.0,fuel,US,desktop,0,0,302.18,1.0,0.0,430.56,0
TXN0000489,CUST00927,2,1162.0,0.0,grocery,AU,desktop,1,0,575.84,3.0,6.0,258.71,0
TXN0000490,CUST00982,14,427.0,0.0,restaurant,AU,tablet,1,0,362.53,0.0,2.0,455.06,0
TXN0000491,CUST00160,23,400.0,0.0,fuel,AU,mobile,1,0,155.95,1.0,2.0,335.29,0
TXN0000492,CUST00255,7,84.0,0.0,online_services,US,mobile,0,1,308.8,1.0,8.0,213.89,0
TXN0000493,CUST00322,3,47.0,0.0,travel,CA,desktop,1,1,209.36,0.0,5.0,534.72,0
TXN0000494,CUST00127,1,1147.0,0.0,fuel,US,mobile,0,0,116.44,1.0,2.0,425.15,0
TXN0000495,CUST00017,23,330.0,0.0,fashion,UK,mobile,1,0,376.23,1.0,2.0,665.68,0
TXN0000496,CUST00792,23,87.0,0.0,restaurant,US,desktop,0,0,511.21,0.0,4.0,521.33,0
TXN0000497,CUST00734,9,185.0,0.0,restaurant,UK,tablet,1,0,180.95,1.0,2.0,1638.02,0
TXN0000498,CUST00565,3,103.0,0.0,travel,US,mobile,0,1,588.24,2.0,10.0,781.83,1
TXN0000499,CUST00569,2,385.0,0.0,online_services,US,mobile,0,1,339.09,5.0,9.0,340.41,1
TXN0000500,CUST00322,1,506.0,0.0,electronics,UK,mobile,1,0,1849.14,0.0,8.0,699.68,0
TXN0000501,CUST00871,16,794.0,0.0,fuel,US,mobile,0,0,56.49,2.0,4.0,775.58,0
TXN0000502,CUST00685,22,306.0,0.0,electronics,US,mobile,0,0,205.44,1.0,2.0,405.46,0
TXN0000503,CUST00791,20,580.0,0.0,fuel,US,desktop,0,0,289.97,0.0,3.0,455.09,0
TXN0000504,CUST00625,-23,1011.0,0.0,travel,CA,mobile,1,1,1072.86,3.0,7.0,808.0,0
TXN0000505,CUST00287,19,206.0,0.0,electronics,US,mobile,0,0,76.42,2.0,3.0,748.49,0
TXN0000506,CUST00942,22,33.0,0.0,grocery,CA,desktop,1,0,112.98,3.0,3.0,427.94,0
TXN0000507,CUST00853,12,808.0,0.0,travel,UK,desktop,1,1,255.71,2.0,9.0,446.55,0
TXN0000508,CUST00662,4,2231.0,0.0,online_services,UK,mobile,1,1,290.54,1.0,12.0,273.74,1
TXN0000509,CUST00961,20,498.0,0.0,fuel,US,mobile,0,0,200.58,1.0,3.0,371.08,0
TXN0000510,CUST00638,8,583.0,1.0,fashion,UK,mobile,1,0,200.84,1.0,11.0,308.3,0
TXN0000511,CUST00154,21,471.0,0.0,online_services,US,tablet,0,1,636.62,0.0,2.0,426.55,0
TXN0000512,CUST00489,5,432.0,0.0,online_services,US,mobile,0,1,937.6,1.0,1.0,561.46,0
TXN0000513,CUST00385,4,150.0,3.0,fashion,UK,tablet,1,0,2652.11,4.0,8.0,710.42,1
TXN0000514,CUST00985,9,926.0,0.0,fashion,IN,desktop,1,0,276.61,0.0,1.0,517.57,0
TXN0000515,CUST00784,7,305.0,2.0,fuel,US,mobile,0,0,727.59,3.0,5.0,637.17,0
TXN0000516,CUST00103,6,210.0,0.0,online_services,US,mobile,0,1,242.31,0.0,1.0,284.92,0
TXN0000517,CUST00928,6,717.0,0.0,restaurant,AU,desktop,1,0,487.27,1.0,1.0,299.97,0
TXN0000518,CUST00392,5,512.0,0.0,travel,AU,mobile,1,1,671.22,0.0,7.0,295.24,0
TXN0000519,CUST00810,20,632.0,0.0,travel,US,mobile,0,1,432.97,0.0,4.0,346.23,0
TXN0000520,CUST00245,19,286.0,0.0,electronics,US,mobile,0,0,297.1,0.0,1.0,402.64,0
TXN0000521,CUST00175,2,183.0,0.0,travel,US,mobile,0,1,430.24,5.0,11.0,644.11,0
TXN0000522,CUST00038,18,164.0,1.0,online_services,CA,mobile,1,1,576.36,3.0,8.0,397.0,1
TXN0000523,CUST00476,21,613.0,0.0,travel,US,tablet,0,1,83.67,1.0,1.0,461.56,0
TXN0000524,CUST00681,14,366.0,0.0,online_services,CA,mobile,1,1,152.44,2.0,6.0,178.07,0
TXN0000525,CUST00758,3,254.0,0.0,electronics,IN,desktop,1,0,290.14,4.0,5.0,233.52,0
TXN0000526,CUST00537,11,564.0,0.0,travel,IN,mobile,1,1,121.96,3.0,8.0,226.79,1
TXN0000527,CUST00866,5,148.0,0.0,travel,AU,mobile,1,1,115.38,2.0,8.0,246.15,0
TXN0000528,CUST00817,18,469.0,0.0,grocery,US,mobile,0,0,401.23,0.0,2.0,708.5,0
TXN0000529,CUST00920,3,1194.0,0.0,fuel,US,tablet,0,0,421.74,0.0,4.0,481.35,0
TXN0000530,CUST00407,14,2332.0,0.0,electronics,UK,mobile,1,0,309.99,0.0,2.0,342.85,0
TXN0000531,CUST00524,8,808.0,0.0,grocery,US,desktop,0,0,164.32,0.0,0.0,306.58,0
TXN0000532,CUST00827,4,1110.0,0.0,restaurant,US,mobile,0,0,186.77,0.0,1.0,319.32,0
TXN0000533,CUST00505,12,553.0,2.0,electronics,US,desktop,0,0,831.99,2.0,14.0,357.62,0
TXN0000534,CUST00902,22,337.0,0.0,online_services,AU,mobile,1,1,118.95,3.0,5.0,362.24,0
TXN0000535,CUST00824,17,246.0,0.0,fuel,AU,mobile,1,0,76.41,1.0,1.0,697.41,0
TXN0000536,CUST00035,4,505.0,0.0,travel,US,desktop,0,1,367.14,2.0,6.0,304.07,0
TXN0000537,CUST00684,15,251.0,0.0,online_services,US,mobile,0,1,222.4,1.0,1.0,575.82,0
TXN0000538,CUST00019,18,216.0,0.0,travel,US,mobile,0,1,696.29,0.0,1.0,448.95,0
TXN0000539,CUST00320,13,56.0,0.0,grocery,AU,mobile,1,0,104.35,2.0,13.0,131.27,0
TXN0000540,CUST00775,15,538.0,0.0,grocery,US,desktop,0,0,578.1,0.0,1.0,418.83,0
TXN0000541,CUST00511,14,414.0,0.0,restaurant,IN,mobile,1,0,153.39,0.0,3.0,200.21,0
TXN0000542,CUST00399,21,553.0,0.0,restaurant,CA,mobile,1,0,457.45,0.0,2.0,338.36,0
TXN0000543,CUST00653,3,1788.0,0.0,fuel,IN,desktop,1,0,87.29,1.0,6.0,541.36,0
TXN0000544,CUST00971,6,177.0,0.0,travel,UK,mobile,1,1,67.75,0.0,6.0,219.04,0
TXN0000545,CUST00882,15,246.0,0.0,online_services,AU,mobile,1,1,324.0,0.0,7.0,355.54,0
TXN0000546,CUST00470,23,956.0,0.0,fashion,CA,desktop,1,0,196.34,2.0,1.0,341.95,0
TXN0000547,CUST00142,21,1055.0,0.0,online_services,US,tablet,0,1,277.96,1.0,4.0,358.94,0
TXN0000548,CUST00091,20,317.0,0.0,restaurant,US,mobile,0,0,112.12,0.0,2.0,244.35,0
TXN0000549,CUST00353,21,542.0,0.0,travel,AU,desktop,1,1,318.13,2.0,7.0,307.68,0
TXN0000550,CUST00833,20,633.0,0.0,online_services,US,mobile,0,1,677.99,0.0,3.0,544.81,0
TXN0000551,CUST00799,7,360.0,0.0,online_services,US,mobile,0,1,588.36,2.0,1.0,228.89,0
TXN0000552,CUST00726,16,251.0,0.0,restaurant,CA,mobile,1,0,142.63,1.0,2.0,373.92,0
TXN0000553,CUST00958,15,146.0,0.0,online_services,CA,mobile,1,1,89.57,1.0,7.0,298.19,0
TXN0000554,CUST00853,22,457.0,0.0,online_services,US,mobile,0,1,244.09,0.0,2.0,493.77,0
TXN0000555,CUST00050,9,877.0,0.0,electronics,US,desktop,0,0,482.02,0.0,1.0,478.41,0
TXN0000556,CUST00664,9,877.0,0.0,grocery,US,mobile,0,0,63.4,0.0,1.0,827.29,0
TXN0000557,CUST00697,1,237.0,0.0,travel,US,mobile,0,1,398.43,0.0,2.0,317.46,0
TXN0000558,CUST00574,8,266.0,0.0,online_services,AU,mobile,1,1,1221.98,1.0,2.0,492.74,0
TXN0000559,CUST00189,16,871.0,0.0,restaurant,UK,mobile,1,0,408.18,0.0,1.0,365.42,0
TXN0000560,CUST00124,10,1230.0,0.0,grocery,IN,mobile,1,0,70.5,1.0,2.0,239.68,0
TXN0000561,CUST00149,9,412.0,1.0,online_services,US,mobile,0,1,236.97,2.0,13.0,256.11,1
TXN0000562,CUST00313,21,716.0,0.0,online_services,US,mobile,0,1,140.9,0.0,3.0,345.92,0
TXN0000563,CUST00569,16,344.0,0.0,fashion,CA,desktop,1,0,217.89,1.0,3.0,367.02,0
TXN0000564,CUST00341,3,1329.0,0.0,restaurant,US,mobile,0,0,323.5,1.0,5.0,347.68,0
TXN0000565,CUST00304,15,669.0,0.0,travel,US,desktop,0,1,435.44,3.0,0.0,590.21,0
TXN0000566,CUST00691,19,717.0,0.0,electronics,IN,tablet,1,0,192.72,0.0,2.0,206.19,0
TXN0000567,CUST00681,14,692.0,0.0,grocery,AU,mobile,1,0,300.31,0.0,3.0,208.77,0
TXN0000568,CUST00837,20,518.0,0.0,grocery,US,mobile,0,0,103.02,1.0,5.0,449.16,0
TXN0000569,CUST00782,4,559.0,1.0,electronics,US,mobile,0,0,575.81,1.0,8.0,324.73,1
TXN0000570,CUST00053,5,1078.0,0.0,travel,US,mobile,0,1,496.69,0.0,4.0,340.45,0
TXN0000571,CUST00443,16,260.0,2.0,fuel,IN,desktop,1,0,1261.9,6.0,5.0,772.35,0
TXN0000572,CUST00612,0,544.0,0.0,fashion,CA,mobile,1,0,388.22,0.0,4.0,408.65,0
TXN0000573,CUST00992,18,397.0,0.0,fuel,US,mobile,0,0,106.54,0.0,1.0,622.57,0
TXN0000574,CUST00263,3,905.0,0.0,online_services,US,mobile,0,1,237.38,3.0,5.0,409.94,0
TXN0000575,CUST00052,16,721.0,0.0,electronics,CA,mobile,1,0,261.98,0.0,2.0,409.83,0
TXN0000576,CUST00571,8,285.0,0.0,fashion,US,mobile,0,0,316.83,0.0,1.0,512.7,0
TXN0000577,CUST00619,23,526.0,0.0,travel,IN,mobile,1,1,552.14,2.0,8.0,541.89,0
TXN0000578,CUST00004,1,391.0,0.0,restaurant,IN,mobile,1,0,253.69,3.0,9.0,392.94,0
TXN0000579,CUST00102,7,489.0,0.0,restaurant,AU,mobile,1,0,873.29,0.0,3.0,292.55,0
TXN0000580,CUST00195,14,279.0,0.0,fuel,UK,mobile,1,0,50.8,0.0,0.0,686.14,0
TXN0000581,CUST00773,6,293.0,0.0,travel,US,desktop,0,1,191.21,1.0,3.0,335.51,0
TXN0000582,CUST00876,5,142.0,3.0,fashion,US,mobile,0,0,2293.94,3.0,4.0,589.45,0
TXN0000583,CUST00991,0,286.0,0.0,fuel,UK,mobile,1,0,134.68,3.0,11.0,230.95,1
TXN0000584,CUST00883,14,1048.0,1.0,electronics,US,mobile,0,0,1476.06,1.0,9.0,954.72,0
TXN0000585,CUST00349,22,1102.0,0.0,fuel,US,desktop,0,0,264.62,0.0,1.0,435.45,0
TXN0000586,CUST00046,6,244.0,0.0,travel,US,mobile,0,1,1117.2,0.0,1.0,478.08,0
TXN0000587,CUST00866,16,66.0,0.0,online_services,US,mobile,0,1,662.88,3.0,3.0,327.77,0
TXN0000588,CUST00822,1,248.0,0.0,travel,US,mobile,0,1,218.91,2.0,8.0,440.66,0
TXN0000589,CUST00935,8,358.0,2.0,restaurant,CA,tablet,1,0,3711.63,1.0,8.0,895.62,1
TXN0000590,CUST00819,8,559.0,0.0,electronics,US,desktop,0,0,183.25,1.0,1.0,367.55,0
TXN0000591,CUST00655,12,1194.0,1.0,restaurant,US,mobile,0,0,1964.4,3.0,13.0,749.12,1
TXN0000592,CUST00268,5,544.0,0.0,fashion,US,mobile,0,0,312.96,0.0,6.0,1212.26,0
TXN0000593,CUST00369,5,530.0,0.0,fashion,US,mobile,0,0,583.9,2.0,6.0,333.06,0
TXN0000594,CUST00635,19,783.0,0.0,grocery,AU,mobile,1,0,185.07,0.0,2.0,199.75,0
TXN0000595,CUST00105,19,270.0,0.0,travel,US,desktop,0,1,224.7,0.0,1.0,201.69,0
TXN0000596,CUST00669,20,532.0,0.0,electronics,US,desktop,0,0,182.36,1.0,0.0,362.66,0
TXN0000597,CUST00658,2,622.0,0.0,electronics,US,mobile,0,0,50.45,1.0,2.0,583.42,0
TXN0000598,CUST00656,16,854.0,0.0,restaurant,IN,desktop,1,0,197.94,0.0,3.0,242.07,0
TXN0000599,CUST00119,16,727.0,0.0,fuel,US,mobile,0,0,3170.36,1.0,1.0,676.95,0
TXN0000600,CUST00830,11,1117.0,0.0,fuel,US,mobile,0,0,136.2,1.0,5.0,389.69,0
TXN0000601,CUST00786,15,321.0,0.0,restaurant,US,mobile,0,0,275.0,0.0,0.0,279.69,0
TXN0000602,CUST00603,14,587.0,1.0,online_services,US,mobile,0,1,1924.79,4.0,11.0,777.33,1
TXN0000603,CUST00057,12,23.0,0.0,fuel,US,mobile,0,0,371.38,0.0,0.0,464.16,0
TXN0000604,CUST00950,22,328.0,0.0,electronics,CA,mobile,1,0,229.97,0.0,3.0,229.72,0
TXN0000605,CUST00345,0,261.0,0.0,restaurant,US,mobile,0,0,119.65,1.0,2.0,405.03,0
TXN0000606,CUST00740,16,917.0,0.0,fuel,CA,mobile,1,0,775.79,1.0,4.0,575.32,0
TXN0000607,CUST00473,2,531.0,0.0,grocery,US,desktop,0,0,594.01,0.0,2.0,431.18,0
TXN0000608,CUST00116,14,647.0,2.0,travel,US,tablet,0,1,2245.42,1.0,8.0,433.4,1
TXN0000609,CUST00829,3,373.0,3.0,grocery,CA,mobile,1,0,2068.13,4.0,3.0,863.71,1
TXN0000610,CUST00790,3,720.0,1.0,fuel,US,desktop,0,0,229.59,5.0,6.0,452.67,0
TXN0000611,CUST00126,17,758.0,0.0,fashion,UK,desktop,1,0,184.67,1.0,2.0,790.43,0
TXN0000612,CUST00392,16,320.0,0.0,electronics,CA,desktop,1,0,313.81,0.0,3.0,279.8,0
TXN0000613,CUST00907,18,383.0,1.0,grocery,IN,mobile,1,0,313.22,2.0,9.0,566.76,1
TXN0000614,CUST00640,10,421.0,0.0,grocery,US,mobile,0,0,147.8,0.0,0.0,234.28,0
TXN0000615,CUST00057,19,512.0,1.0,restaurant,US,mobile,0,0,1192.37,2.0,9.0,493.06,0
TXN0000616,CUST00633,2,173.0,0.0,restaurant,US,mobile,0,0,395.23,1.0,4.0,712.45,0
TXN0000617,CUST00512,7,198.0,0.0,restaurant,US,mobile,0,0,1000.95,0.0,9.0,924.67,0
TXN0000618,CUST00750,13,424.0,0.0,fuel,US,desktop,0,0,137.42,1.0,0.0,336.52,0
TXN0000619,CUST00801,0,1057.0,0.0,online_services,US,mobile,0,1,116.28,1.0,8.0,1241.89,0
TXN0000620,CUST00095,13,820.0,0.0,online_services,US,mobile,0,1,1310.96,0.0,2.0,421.94,0
TXN0000621,CUST00637,1,213.0,0.0,fashion,US,mobile,0,0,201.02,0.0,2.0,282.35,0
TXN0000622,CUST00117,22,735.0,0.0,grocery,CA,mobile,1,0,53.51,0.0,0.0,292.77,0
TXN0000623,CUST00559,3,256.0,0.0,travel,CA,desktop,1,1,1239.84,2.0,5.0,795.98,0
TXN0000624,CUST00600,23,227.0,0.0,restaurant,US,desktop,0,0,103.54,0.0,1.0,438.66,0
TXN0000625,CUST00487,18,783.0,0.0,fashion,CA,desktop,1,0,179.64,0.0,2.0,462.72,0
TXN0000626,CUST00236,5,245.0,0.0,fuel,US,mobile,0,0,78.72,0.0,4.0,209.19,0
TXN0000627,CUST00884,0,210.0,0.0,fashion,US,mobile,0,0,595.37,1.0,1.0,351.77,0
TXN0000628,CUST00896,16,515.0,0.0,restaurant,US,desktop,0,0,339.19,1.0,2.0,399.3,0
TXN0000629,CUST00271,7,287.0,1.0,electronics,CA,mobile,1,0,210.16,3.0,9.0,568.77,1
TXN0000630,CUST00188,18,88.0,0.0,grocery,US,mobile,0,0,286.77,0.0,0.0,259.34,0
TXN0000631,CUST00998,20,353.0,0.0,restaurant,US,mobile,0,0,418.58,0.0,4.0,249.06,0
TXN0000632,CUST00703,0,195.0,0.0,travel,IN,tablet,1,1,686.14,3.0,5.0,348.13,0
TXN0000633,CUST00446,4,508.0,0.0,grocery,US,desktop,0,0,919.94,0.0,1.0,424.67,0
TXN0000634,CUST00580,15,1744.0,0.0,fashion,IN,mobile,1,0,562.95,1.0,5.0,184.79,0
TXN0000635,CUST00789,5,1620.0,2.0,online_services,US,mobile,0,1,609.59,2.0,4.0,336.8,0
TXN0000636,CUST00860,7,1155.0,0.0,travel,CA,desktop,1,1,204.11,0.0,9.0,717.47,0
TXN0000637,CUST00246,12,492.0,0.0,grocery,UK,mobile,1,0,90.99,0.0,2.0,625.75,0
TXN0000638,CUST00962,15,473.0,0.0,travel,AU,mobile,1,1,62.97,0.0,6.0,376.15,0
TXN0000639,CUST00075,2,649.0,1.0,fashion,IN,mobile,1,0,405.9,2.0,10.0,387.6,1
TXN0000640,CUST00153,18,157.0,0.0,restaurant,AU,mobile,1,0,139.46,0.0,1.0,565.31,0
TXN0000641,CUST00655,11,405.0,0.0,online_services,US,mobile,0,1,707.11,1.0,2.0,867.24,0
TXN0000642,CUST00434,15,591.0,1.0,travel,CA,mobile,1,1,271.71,3.0,6.0,383.92,1
TXN0000643,CUST00996,10,954.0,1.0,restaurant,UK,tablet,1,0,834.75,0.0,5.0,364.56,0
TXN0000644,CUST00085,9,120.0,0.0,online_services,US,mobile,0,1,290.5,1.0,3.0,729.59,0
TXN0000645,CUST00696,19,2397.0,0.0,fashion,AU,mobile,1,0,138.98,0.0,0.0,322.86,0
TXN0000646,CUST00284,3,556.0,0.0,online_services,US,mobile,0,1,553.13,0.0,5.0,291.37,0
TXN0000647,CUST00973,11,320.0,0.0,fashion,US,mobile,0,0,190.56,1.0,0.0,487.14,0
TXN0000648,CUST00219,22,424.0,1.0,travel,US,tablet,0,1,412.11,2.0,7.0,497.2,0
TXN0000649,CUST00068,1,603.0,0.0,travel,UK,mobile,1,1,2389.66,2.0,7.0,824.56,0
TXN0000650,CUST00046,23,40.0,0.0,fashion,US,tablet,0,0,124.76,0.0,3.0,563.27,0
TXN0000651,CUST00093,21,356.0,1.0,travel,US,mobile,0,1,1214.81,3.0,7.0,1431.05,1
TXN0000652,CUST00749,18,852.0,0.0,travel,US,desktop,0,1,155.37,0.0,3.0,192.71,0
TXN0000653,CUST00957,4,202.0,0.0,travel,UK,desktop,1,1,240.5,0.0,4.0,476.86,0
TXN0000654,CUST00452,7,1831.0,0.0,fuel,AU,tablet,1,0,187.85,0.0,3.0,357.47,0
TXN0000655,CUST00203,6,573.0,0.0,travel,US,desktop,0,1,1610.99,0.0,1.0,1457.88,0
TXN0000656,CUST00911,13,174.0,3.0,grocery,UK,mobile,1,0,266.51,3.0,3.0,247.84,0
TXN0000657,CUST00217,23,210.0,0.0,fashion,US,desktop,0,0,139.72,0.0,1.0,554.62,0
TXN0000658,CUST00473,22,822.0,0.0,fashion,US,desktop,0,0,654.11,0.0,2.0,325.15,0
TXN0000659,CUST00431,2,663.0,3.0,electronics,US,desktop,0,0,234.24,2.0,8.0,215.3,0
TXN0000660,CUST00340,17,650.0,3.0,restaurant,US,mobile,0,0,456.17,2.0,6.0,720.92,0
TXN0000661,CUST00550,15,543.0,0.0,electronics,UK,mobile,1,0,272.53,0.0,1.0,681.8,0
TXN0000662,CUST00611,22,565.0,0.0,travel,UK,mobile,1,1,,2.0,6.0,326.6,0
TXN0000663,CUST00288,18,705.0,0.0,travel,US,mobile,0,1,367.63,1.0,0.0,352.76,0
TXN0000664,CUST00253,18,779.0,0.0,online_services,US,desktop,0,1,198.3,1.0,2.0,705.54,0
TXN0000665,CUST00733,17,549.0,0.0,grocery,AU,mobile,1,0,245.83,2.0,3.0,314.6,0
TXN0000666,CUST00356,19,465.0,0.0,grocery,US,mobile,0,0,220.39,2.0,1.0,297.73,0
TXN0000667,CUST00022,15,224.0,0.0,grocery,US,desktop,0,0,127.22,1.0,1.0,120.05,0
TXN0000668,CUST00761,7,498.0,0.0,grocery,AU,desktop,1,0,55.69,0.0,1.0,146.49,0
TXN0000669,CUST00521,0,471.0,1.0,grocery,AU,mobile,1,0,3736.79,3.0,2.0,1691.22,1
TXN0000670,CUST00757,16,581.0,0.0,grocery,US,mobile,0,0,126.12,0.0,1.0,310.73,0
TXN0000671,CUST00836,11,343.0,0.0,grocery,US,tablet,0,0,132.3,0.0,0.0,232.73,0
TXN0000672,CUST00099,20,544.0,0.0,grocery,US,mobile,0,0,286.78,0.0,0.0,338.56,0
TXN0000673,CUST00801,10,537.0,0.0,online_services,US,desktop,0,1,106.96,0.0,2.0,1283.35,0
TXN0000674,CUST00179,4,541.0,0.0,fuel,UK,mobile,1,0,509.07,1.0,6.0,328.09,0
TXN0000675,CUST00222,11,208.0,0.0,grocery,US,mobile,0,0,299.97,0.0,1.0,398.75,0
TXN0000676,CUST00905,16,155.0,1.0,fashion,AU,desktop,1,0,851.16,3.0,6.0,341.1,1
TXN0000677,CUST00761,5,1487.0,0.0,grocery,US,desktop,0,0,164.06,0.0,1.0,172.43,0
TXN0000678,CUST00658,0,826.0,1.0,restaurant,US,mobile,0,0,290.88,1.0,10.0,528.11,1
TXN0000679,CUST00441,4,420.0,1.0,grocery,US,desktop,0,0,954.17,4.0,4.0,384.22,1
TXN0000680,CUST00607,13,508.0,0.0,fuel,US,mobile,0,0,272.86,0.0,2.0,545.3,0
TXN0000681,CUST00768,4,363.0,0.0,online_services,US,mobile,0,1,145.94,0.0,8.0,638.32,0
TXN0000682,CUST00324,21,587.0,0.0,travel,CA,desktop,1,1,372.14,,5.0,1932.87,0
TXN0000683,CUST00515,23,572.0,1.0,fuel,AU,desktop,1,0,2078.83,2.0,11.0,477.24,0
TXN0000684,CUST00015,0,587.0,0.0,fuel,IN,desktop,1,0,247.59,,6.0,207.12,0
TXN0000685,CUST00791,17,228.0,0.0,travel,UK,mobile,1,1,200.78,2.0,7.0,413.57,0
TXN0000686,CUST00335,15,732.0,0.0,grocery,AU,desktop,1,0,113.46,2.0,2.0,277.01,0
TXN0000687,CUST00758,8,535.0,0.0,online_services,UK,mobile,1,1,215.45,3.0,3.0,264.4,0
TXN0000688,CUST00257,18,570.0,0.0,online_services,US,mobile,0,1,174.95,0.0,0.0,349.25,0
TXN0000689,CUST00496,21,20.0,2.0,grocery,UK,mobile,1,0,303.99,4.0,8.0,343.31,1
TXN0000690,CUST00987,4,291.0,0.0,travel,US,tablet,0,1,351.07,1.0,0.0,554.89,0
TXN0000691,CUST00895,1,815.0,0.0,restaurant,US,mobile,0,0,304.51,2.0,1.0,526.83,0
TXN0000692,CUST00159,14,565.0,0.0,electronics,CA,mobile,1,0,260.11,0.0,1.0,288.51,0
TXN0000693,CUST00474,6,991.0,0.0,fashion,IN,desktop,1,0,183.14,1.0,2.0,492.47,0
TXN0000694,CUST00851,3,753.0,0.0,travel,US,mobile,0,1,511.4,4.0,3.0,336.66,0
TXN0000695,CUST00663,0,498.0,0.0,grocery,US,desktop,0,0,60.33,1.0,3.0,475.64,0
TXN0000696,CUST00907,12,773.0,0.0,fashion,US,mobile,0,0,62.65,0.0,2.0,652.46,0
TXN0000697,CUST00689,19,58.0,0.0,grocery,US,desktop,0,0,293.06,1.0,2.0,413.0,0
TXN0000698,CUST00674,21,1114.0,0.0,electronics,US,mobile,0,0,672.84,1.0,2.0,468.32,0
TXN0000699,CUST00379,6,218.0,0.0,electronics,IN,mobile,1,0,269.46,2.0,2.0,272.23,0
TXN0000700,CUST00544,14,214.0,0.0,travel,US,desktop,0,1,270.88,0.0,1.0,251.77,0
TXN0000701,CUST00928,22,964.0,0.0,fashion,US,desktop,0,0,105.87,0.0,1.0,236.47,0
TXN0000702,CUST00956,13,264.0,0.0,fuel,CA,mobile,1,0,44.01,2.0,1.0,685.92,0
TXN0000703,CUST00690,22,121.0,1.0,online_services,US,mobile,0,1,261.61,1.0,12.0,152.23,1
TXN0000704,CUST00426,18,321.0,3.0,online_services,UK,mobile,1,1,1505.36,2.0,9.0,1949.86,1
TXN0000705,CUST00612,21,5.0,0.0,fashion,US,mobile,0,0,69.55,0.0,5.0,481.5,0
TXN0000706,CUST00267,23,664.0,0.0,fuel,UK,mobile,1,0,123.78,0.0,3.0,347.11,0
TXN0000707,CUST00834,19,662.0,0.0,electronics,US,mobile,0,0,69.9,1.0,1.0,446.92,0
TXN0000708,CUST00576,23,350.0,0.0,grocery,US,mobile,0,0,118.61,0.0,2.0,340.82,0
TXN0000709,CUST00416,17,1292.0,0.0,online_services,US,mobile,0,1,609.09,1.0,1.0,296.56,0
TXN0000710,CUST00167,9,105.0,0.0,fuel,UK,mobile,1,0,150.7,0.0,3.0,524.63,0
TXN0000711,CUST00841,8,411.0,0.0,fuel,US,mobile,0,0,508.51,1.0,3.0,399.23,0
TXN0000712,CUST00042,7,569.0,0.0,travel,US,desktop,0,1,153.73,1.0,0.0,269.05,0
TXN0000713,CUST00555,9,222.0,0.0,restaurant,IN,,1,0,775.08,1.0,3.0,559.56,0
TXN0000714,CUST00284,16,93.0,0.0,electronics,US,mobile,0,0,323.51,0.0,3.0,387.31,0
TXN0000715,CUST00396,1,586.0,0.0,fuel,CA,mobile,1,0,169.26,2.0,9.0,530.6,0
TXN0000716,CUST00011,5,676.0,0.0,electronics,CA,mobile,1,0,214.98,1.0,3.0,575.98,0
TXN0000717,CUST00606,4,118.0,1.0,travel,AU,mobile,1,1,220.82,2.0,3.0,1140.38,1
TXN0000718,CUST00301,8,123.0,0.0,grocery,AU,mobile,1,0,162.58,0.0,4.0,395.62,0
TXN0000719,CUST00897,4,1164.0,0.0,fashion,US,mobile,0,0,762.39,0.0,1.0,327.22,0
TXN0000720,CUST00252,17,997.0,1.0,electronics,UK,tablet,1,0,960.68,1.0,8.0,420.56,1
TXN0000721,CUST00498,19,338.0,0.0,travel,,mobile,1,1,46.05,4.0,7.0,789.1,0
TXN0000722,CUST00753,8,1316.0,0.0,travel,US,desktop,0,1,213.39,0.0,0.0,257.49,0
TXN0000723,CUST00034,16,920.0,1.0,travel,US,mobile,0,1,691.49,0.0,5.0,304.48,0
TXN0000724,CUST00726,16,2030.0,0.0,online_services,US,mobile,0,1,446.06,1.0,5.0,361.11,0
TXN0000725,CUST00848,11,423.0,0.0,online_services,US,mobile,0,1,181.29,0.0,1.0,872.29,0
TXN0000726,CUST00089,6,964.0,0.0,online_services,CA,mobile,1,1,222.29,3.0,12.0,263.53,0
TXN0000727,CUST00775,2,1113.0,0.0,fashion,IN,mobile,1,0,559.03,2.0,12.0,436.37,0
TXN0000728,CUST00604,9,145.0,0.0,online_services,AU,desktop,1,1,201.42,2.0,11.0,633.55,0
TXN0000729,CUST00921,1,316.0,0.0,electronics,US,desktop,0,0,136.6,0.0,1.0,581.02,0
TXN0000730,CUST00969,2,803.0,0.0,fuel,US,mobile,0,0,477.51,0.0,1.0,253.06,0
TXN0000731,CUST00601,15,469.0,2.0,travel,CA,desktop,1,1,1949.22,3.0,6.0,672.48,1
TXN0000732,CUST00417,1,338.0,2.0,fashion,US,mobile,0,0,140.04,2.0,4.0,329.58,0
TXN0000733,CUST00114,23,1107.0,0.0,online_services,CA,mobile,1,1,301.01,4.0,5.0,430.26,0
TXN0000734,CUST00616,9,226.0,0.0,grocery,CA,desktop,1,0,109.3,0.0,2.0,237.44,0
TXN0000735,CUST00902,5,-338.0,0.0,restaurant,UK,desktop,1,0,336.95,0.0,2.0,399.24,0
TXN0000736,CUST00195,21,689.0,0.0,electronics,US,mobile,0,0,524.3,0.0,5.0,653.02,0
TXN0000737,CUST00825,10,749.0,0.0,fashion,US,mobile,0,0,401.58,0.0,1.0,765.73,0
TXN0000738,CUST00500,22,104.0,0.0,restaurant,US,mobile,0,0,434.57,0.0,3.0,410.68,0
TXN0000739,CUST00625,6,875.0,0.0,restaurant,US,mobile,0,0,144.27,0.0,3.0,752.91,0
TXN0000740,CUST00492,14,312.0,0.0,online_services,IN,tablet,1,1,169.68,3.0,4.0,608.53,0
TXN0000741,CUST00074,5,488.0,0.0,fashion,US,mobile,0,0,393.13,1.0,2.0,789.17,0
TXN0000742,CUST00412,19,757.0,0.0,fuel,US,tablet,0,0,258.98,0.0,2.0,152.17,0
TXN0000743,CUST00375,8,203.0,0.0,fuel,UK,tablet,1,0,71.18,0.0,3.0,539.36,0
TXN0000744,CUST00419,21,1207.0,0.0,fashion,US,mobile,0,0,499.26,2.0,3.0,297.55,0
TXN0000745,CUST00728,19,181.0,0.0,fashion,AU,mobile,1,0,75.89,0.0,1.0,143.42,0
TXN0000746,CUST00276,11,221.0,1.0,travel,US,desktop,0,1,968.81,0.0,9.0,214.88,1
TXN0000747,CUST00760,18,419.0,0.0,grocery,IN,mobile,1,0,288.82,0.0,3.0,216.22,0
TXN0000748,CUST00675,19,1001.0,0.0,fuel,AU,mobile,1,0,629.71,0.0,3.0,426.92,0
TXN0000749,CUST00393,2,529.0,3.0,travel,AU,mobile,1,1,450.85,0.0,13.0,430.21,1
TXN0000750,CUST00868,14,566.0,0.0,restaurant,US,mobile,0,0,48.27,3.0,2.0,206.81,0
TXN0000751,CUST00456,1,193.0,0.0,restaurant,US,mobile,0,0,274.41,1.0,1.0,188.83,0
TXN0000752,CUST00919,20,450.0,0.0,restaurant,CA,mobile,1,0,319.28,1.0,1.0,348.99,0
TXN0000753,CUST00191,1,354.0,0.0,fashion,CA,desktop,1,0,577.61,0.0,6.0,483.71,0
TXN0000754,CUST00738,21,236.0,0.0,electronics,UK,tablet,1,0,160.4,0.0,2.0,756.61,0
TXN0000755,CUST00688,2,634.0,0.0,travel,US,mobile,0,1,429.47,2.0,10.0,329.91,0
TXN0000756,CUST00098,5,569.0,0.0,electronics,US,mobile,0,0,501.51,0.0,3.0,452.83,0
TXN0000757,CUST00547,14,965.0,0.0,online_services,IN,mobile,1,1,136.22,0.0,8.0,144.15,0
TXN0000758,CUST00977,9,465.0,0.0,grocery,US,mobile,0,0,315.32,0.0,1.0,704.93,0
TXN0000759,CUST00998,8,472.0,2.0,grocery,US,desktop,0,0,238.31,1.0,7.0,190.69,0
TXN0000760,CUST00095,0,702.0,0.0,travel,US,desktop,0,1,384.25,3.0,3.0,531.58,0
TXN0000761,CUST00663,15,833.0,0.0,restaurant,CA,mobile,1,0,292.34,0.0,0.0,496.0,0
TXN0000762,CUST00662,5,1080.0,0.0,online_services,US,desktop,0,1,90.83,2.0,4.0,304.42,0
TXN0000763,CUST00189,8,162.0,0.0,fuel,US,desktop,0,0,178.12,0.0,3.0,367.81,0
TXN0000764,CUST00735,3,394.0,2.0,grocery,US,mobile,0,0,1459.38,2.0,9.0,581.54,1
TXN0000765,CUST00036,1,1108.0,0.0,electronics,US,desktop,0,0,287.11,0.0,2.0,268.39,0
TXN0000766,CUST00779,3,504.0,0.0,electronics,UK,mobile,1,0,141.71,3.0,7.0,634.57,0
TXN0000767,CUST00368,0,640.0,0.0,fuel,US,desktop,0,0,132.39,1.0,1.0,222.89,0
TXN0000768,CUST00694,18,200.0,0.0,fashion,US,mobile,0,0,545.95,0.0,0.0,464.94,0
TXN0000769,CUST00524,9,224.0,0.0,restaurant,US,mobile,0,0,165.2,1.0,3.0,401.38,0
TXN0000770,CUST00278,20,1309.0,0.0,fashion,US,desktop,0,0,291.92,0.0,0.0,231.72,0
TXN0000771,CUST00216,14,1835.0,0.0,travel,US,mobile,0,1,175.85,0.0,1.0,328.78,0
TXN0000772,CUST00866,21,,0.0,grocery,AU,desktop,1,0,41.69,1.0,1.0,263.61,0
TXN0000773,CUST00872,18,322.0,0.0,fuel,IN,mobile,1,0,145.1,1.0,4.0,225.18,0
TXN0000774,CUST00797,15,1416.0,0.0,fuel,US,desktop,0,0,608.12,0.0,1.0,514.77,0
TXN0000775,CUST00272,20,705.0,0.0,fuel,US,mobile,0,0,1359.89,2.0,0.0,836.77,0
TXN0000776,CUST00880,23,202.0,0.0,fashion,US,desktop,0,0,131.8,1.0,4.0,997.27,0
TXN0000777,CUST00061,21,592.0,0.0,fashion,AU,mobile,1,0,319.47,1.0,2.0,517.56,0
TXN0000778,CUST00595,3,398.0,0.0,travel,US,mobile,0,1,1576.55,1.0,6.0,1178.31,0
TXN0000779,CUST00879,1,712.0,0.0,electronics,US,mobile,0,0,639.55,0.0,3.0,466.94,0
TXN0000780,CUST00728,12,525.0,0.0,electronics,AU,desktop,1,0,92.78,0.0,4.0,121.79,0
TXN0000781,CUST00341,0,334.0,0.0,online_services,US,mobile,0,1,198.01,1.0,5.0,399.72,0
TXN0000782,CUST00396,16,376.0,0.0,travel,US,tablet,0,1,300.71,2.0,0.0,526.47,0
TXN0000783,CUST00698,12,495.0,0.0,fuel,US,mobile,0,0,677.34,1.0,1.0,199.75,0
TXN0000784,CUST00018,3,89.0,0.0,electronics,US,desktop,0,0,282.61,3.0,3.0,1024.16,0
TXN0000785,CUST00176,6,336.0,0.0,travel,IN,desktop,1,1,454.58,4.0,5.0,850.25,0
TXN0000786,CUST00611,16,691.0,0.0,electronics,UK,desktop,1,0,429.6,0.0,5.0,268.85,0
TXN0000787,CUST00395,8,250.0,0.0,online_services,US,desktop,0,1,191.87,0.0,0.0,465.26,0
TXN0000788,CUST00444,3,454.0,0.0,travel,US,mobile,0,1,1360.11,1.0,8.0,869.47,0
TXN0000789,CUST00232,18,302.0,0.0,electronics,US,mobile,0,0,118.02,1.0,1.0,425.22,0
TXN0000790,CUST00914,0,849.0,0.0,fuel,US,mobile,0,0,327.43,1.0,2.0,371.88,0
TXN0000791,CUST00075,9,547.0,0.0,fashion,US,mobile,0,0,287.01,0.0,3.0,383.83,0
TXN0000792,CUST00264,3,384.0,0.0,fashion,UK,mobile,1,0,330.57,1.0,4.0,188.92,0
TXN0000793,CUST00454,8,1596.0,0.0,online_services,US,mobile,0,1,616.7,2.0,4.0,595.39,0
TXN0000794,CUST00795,12,458.0,0.0,fuel,US,mobile,0,0,83.58,0.0,2.0,280.09,0
TXN0000795,CUST00717,13,696.0,0.0,electronics,US,mobile,0,0,277.78,0.0,0.0,357.0,0
TXN0000796,CUST00734,9,829.0,0.0,fuel,US,desktop,0,0,1182.78,1.0,,1468.98,0
TXN0000797,CUST00383,5,2508.0,3.0,travel,US,mobile,0,1,1387.45,2.0,10.0,618.8,1
TXN0000798,CUST00563,15,711.0,0.0,fashion,US,mobile,0,0,144.21,1.0,1.0,291.02,0
TXN0000799,CUST00850,5,219.0,0.0,grocery,UK,desktop,1,0,129.02,1.0,3.0,531.09,0
TXN0000800,CUST00505,16,303.0,0.0,online_services,US,mobile,0,1,370.27,0.0,0.0,359.3,0
TXN0000801,CUST00366,9,473.0,0.0,electronics,UK,mobile,1,0,165.43,0.0,2.0,1713.38,0
TXN0000802,CUST00143,17,443.0,0.0,grocery,US,mobile,0,0,218.27,1.0,3.0,557.25,0
TXN0000803,CUST00884,21,192.0,1.0,grocery,US,desktop,0,0,440.34,3.0,9.0,394.11,1
TXN0000804,CUST00068,17,2454.0,0.0,online_services,UK,mobile,1,1,1285.84,1.0,5.0,895.93,0
TXN0000805,CUST00098,2,883.0,3.0,restaurant,UK,mobile,1,0,965.78,1.0,7.0,592.32,1
TXN0000806,CUST00395,19,1126.0,0.0,grocery,CA,mobile,1,0,255.24,1.0,4.0,379.3,0
TXN0000807,CUST00024,20,1812.0,0.0,grocery,US,mobile,0,0,66.29,0.0,2.0,215.97,0
TXN0000808,CUST00947,14,816.0,0.0,fuel,IN,desktop,1,0,126.42,2.0,3.0,280.15,0
TXN0000809,CUST00890,14,549.0,1.0,restaurant,CA,desktop,1,0,605.41,1.0,6.0,412.76,0
TXN0000810,CUST00468,3,1315.0,0.0,restaurant,US,desktop,0,0,233.27,0.0,1.0,304.43,0
TXN0000811,CUST00483,8,558.0,0.0,restaurant,AU,mobile,1,0,924.0,2.0,1.0,486.78,0
TXN0000812,CUST00564,18,365.0,0.0,online_services,US,desktop,0,1,270.16,0.0,2.0,303.18,0
TXN0000813,CUST00150,23,50.0,0.0,travel,US,mobile,0,1,1786.01,4.0,11.0,875.31,1
TXN0000814,CUST00143,16,825.0,0.0,restaurant,UK,mobile,1,0,282.43,0.0,1.0,422.03,0
TXN0000815,CUST00568,10,1222.0,0.0,fuel,IN,mobile,1,0,487.26,0.0,1.0,217.37,0
TXN0000816,CUST00038,8,576.0,2.0,travel,US,desktop,0,1,152.73,1.0,8.0,337.12,1
TXN0000817,CUST00108,9,773.0,0.0,electronics,UK,desktop,1,0,89.55,0.0,0.0,436.7,0
TXN0000818,CUST00692,17,204.0,0.0,travel,CA,mobile,1,1,512.37,2.0,7.0,387.17,0
TXN0000819,CUST00041,19,197.0,0.0,electronics,AU,desktop,1,0,810.16,1.0,4.0,433.17,0
TXN0000820,CUST00185,12,1769.0,0.0,restaurant,US,desktop,0,0,62.48,1.0,1.0,173.31,0
TXN0000821,CUST00934,7,502.0,1.0,restaurant,US,mobile,0,0,961.81,0.0,7.0,418.0,0
TXN0000822,CUST00397,6,547.0,0.0,electronics,US,desktop,0,0,73.73,0.0,1.0,384.95,0
TXN0000823,CUST00222,16,728.0,0.0,fashion,US,mobile,0,0,143.83,0.0,1.0,436.69,0
TXN0000824,CUST00633,20,208.0,0.0,fuel,AU,desktop,1,0,53.48,0.0,1.0,849.75,0
TXN0000825,CUST00132,22,755.0,0.0,travel,US,desktop,0,1,222.57,1.0,1.0,264.77,0
TXN0000826,CUST00162,14,1717.0,3.0,fuel,AU,mobile,1,0,628.8,4.0,8.0,1012.95,1
TXN0000827,CUST00214,19,321.0,0.0,fuel,CA,desktop,1,0,209.08,0.0,1.0,434.44,0
TXN0000828,CUST00732,14,1138.0,0.0,grocery,US,mobile,0,0,193.62,0.0,2.0,442.4,0
TXN0000829,CUST00234,0,509.0,0.0,restaurant,US,desktop,0,0,406.64,0.0,3.0,418.07,0
TXN0000830,CUST00842,13,364.0,0.0,travel,US,mobile,0,1,964.46,1.0,0.0,564.1,0
TXN0000831,CUST00657,4,2106.0,0.0,fuel,US,desktop,0,0,93.04,0.0,1.0,287.23,0
TXN0000832,CUST00750,10,1566.0,0.0,travel,US,mobile,0,1,124.91,0.0,2.0,407.94,0
TXN0000833,CUST00587,15,1157.0,1.0,fuel,US,desktop,0,0,892.92,0.0,6.0,403.07,0
TXN0000834,CUST00008,1,702.0,1.0,restaurant,US,mobile,0,0,558.48,1.0,6.0,742.66,0
TXN0000835,CUST00073,7,554.0,0.0,fuel,US,desktop,0,0,189.94,0.0,4.0,246.08,0
TXN0000836,CUST00953,10,1082.0,0.0,electronics,US,mobile,0,0,85.63,0.0,2.0,229.49,0
TXN0000837,CUST00491,17,574.0,0.0,restaurant,US,mobile,0,0,169.93,1.0,2.0,139.37,0
TXN0000838,CUST00912,2,54.0,0.0,travel,UK,mobile,1,1,400.3,5.0,10.0,281.4,1
TXN0000839,CUST00252,0,166.0,0.0,online_services,US,desktop,0,1,291.5,0.0,3.0,380.86,0
TXN0000840,CUST00229,10,1815.0,0.0,fashion,UK,mobile,1,0,118.4,0.0,3.0,108.84,0
TXN0000841,CUST00518,15,654.0,0.0,fuel,UK,mobile,1,0,499.64,1.0,1.0,517.37,0
TXN0000842,CUST00173,17,461.0,0.0,electronics,UK,desktop,1,0,88.96,0.0,3.0,278.13,0
TXN0000843,CUST00652,15,1150.0,0.0,restaurant,IN,desktop,1,0,848.39,1.0,2.0,435.34,0
TXN0000844,CUST00167,22,292.0,0.0,grocery,US,mobile,0,0,127.21,0.0,4.0,525.95,0
TXN0000845,CUST00169,9,671.0,2.0,online_services,US,mobile,0,1,2506.37,2.0,8.0,,1
TXN0000846,CUST00392,17,714.0,0.0,online_services,US,mobile,0,1,134.3,0.0,3.0,380.4,0
TXN0000847,CUST00945,5,373.0,0.0,restaurant,US,desktop,0,0,475.54,1.0,2.0,728.67,0
TXN0000848,CUST00794,18,635.0,0.0,online_services,US,desktop,0,1,182.75,0.0,2.0,868.81,0
TXN0000849,CUST00633,3,241.0,0.0,travel,US,desktop,0,1,260.99,1.0,3.0,731.05,0
TXN0000850,CUST00193,12,180.0,0.0,travel,US,desktop,0,1,396.02,0.0,4.0,993.69,0
TXN0000851,CUST00516,23,515.0,0.0,grocery,UK,mobile,1,0,187.38,0.0,2.0,399.85,0
TXN0000852,CUST00028,13,877.0,0.0,electronics,UK,mobile,1,0,53.37,1.0,0.0,169.86,0
TXN0000853,CUST00164,2,643.0,0.0,travel,US,mobile,0,1,147.12,8.0,8.0,477.46,0
TXN0000854,CUST00421,9,516.0,0.0,electronics,US,mobile,0,0,163.3,0.0,3.0,430.64,0
TXN0000855,CUST00338,5,405.0,0.0,electronics,AU,tablet,1,0,975.38,0.0,2.0,560.59,0
TXN0000856,CUST00647,0,399.0,0.0,restaurant,,mobile,1,0,235.62,2.0,9.0,617.85,0
TXN0000857,CUST00495,22,150.0,0.0,electronics,US,tablet,0,0,280.48,0.0,2.0,242.16,0
TXN0000858,CUST00364,23,1242.0,0.0,fuel,AU,desktop,1,0,223.07,0.0,0.0,475.13,0
TXN0000859,CUST00832,13,718.0,0.0,travel,US,desktop,0,1,291.3,1.0,0.0,958.3,0
TXN0000860,CUST00341,7,977.0,1.0,travel,US,mobile,0,1,305.78,2.0,4.0,335.45,0
TXN0000861,CUST00499,18,621.0,0.0,fashion,US,mobile,0,0,141.23,0.0,6.0,229.88,0
TXN0000862,CUST00656,13,319.0,0.0,online_services,AU,mobile,1,1,415.73,3.0,12.0,208.8,1
TXN0000863,CUST00510,9,141.0,0.0,electronics,US,desktop,0,0,204.68,0.0,4.0,171.22,0
TXN0000864,CUST00326,16,512.0,0.0,fashion,US,mobile,0,0,225.64,0.0,0.0,410.95,0
TXN0000865,CUST00216,8,224.0,0.0,restaurant,AU,mobile,1,0,240.77,0.0,1.0,470.65,0
TXN0000866,CUST00300,5,269.0,0.0,fashion,US,desktop,0,0,424.31,1.0,3.0,996.55,0
TXN0000867,CUST00131,10,1298.0,0.0,online_services,CA,desktop,1,1,146.55,0.0,3.0,285.53,0
TXN0000868,CUST00803,6,1154.0,0.0,electronics,US,desktop,0,0,265.06,0.0,0.0,193.87,0
TXN0000869,CUST00069,16,614.0,0.0,online_services,US,mobile,0,1,43.7,1.0,6.0,229.48,0
TXN0000870,CUST00251,0,444.0,0.0,travel,,tablet,1,1,188.01,3.0,6.0,849.74,0
TXN0000871,CUST00414,21,118.0,0.0,restaurant,US,desktop,0,0,200.55,1.0,2.0,726.95,0
TXN0000872,CUST00786,4,80.0,1.0,electronics,CA,desktop,1,0,291.21,2.0,11.0,284.65,1
TXN0000873,CUST00444,8,824.0,0.0,restaurant,IN,mobile,1,0,537.33,0.0,2.0,1032.63,0
TXN0000874,CUST00875,17,857.0,0.0,grocery,UK,desktop,1,0,104.12,1.0,3.0,375.71,0
TXN0000875,CUST00181,23,181.0,0.0,electronics,US,desktop,0,0,220.91,1.0,3.0,332.3,0
TXN0000876,CUST00166,20,200.0,0.0,grocery,US,mobile,0,0,464.96,2.0,0.0,198.19,0
TXN0000877,CUST00090,1,760.0,0.0,fashion,US,mobile,0,0,363.08,0.0,1.0,281.14,0
TXN0000878,CUST00713,10,1026.0,0.0,electronics,US,desktop,0,0,158.26,0.0,2.0,684.33,0
TXN0000879,CUST00857,5,975.0,0.0,grocery,AU,tablet,1,0,179.13,0.0,1.0,253.0,0
TXN0000880,CUST00530,7,1405.0,0.0,fuel,US,desktop,0,0,357.72,0.0,3.0,382.52,0
TXN0000881,CUST00038,3,1909.0,0.0,travel,AU,mobile,1,1,1571.37,2.0,3.0,364.45,0
TXN0000882,CUST00125,17,357.0,0.0,fashion,CA,mobile,1,0,-810.42,0.0,1.0,463.71,0
TXN0000883,CUST00450,10,175.0,0.0,electronics,IN,mobile,1,0,465.99,1.0,7.0,229.99,0
TXN0000884,CUST00172,4,178.0,0.0,electronics,IN,desktop,1,0,423.39,1.0,7.0,583.52,0
TXN0000885,CUST00652,14,258.0,0.0,travel,UK,desktop,1,1,321.85,2.0,15.0,336.76,0
TXN0000886,CUST00753,17,601.0,0.0,travel,AU,mobile,1,1,269.53,1.0,5.0,301.68,0
TXN0000887,CUST00219,1,477.0,0.0,online_services,UK,tablet,1,1,543.93,0.0,5.0,503.23,0
TXN0000888,CUST00637,21,323.0,0.0,,UK,desktop,1,0,364.59,0.0,3.0,297.42,0
TXN0000889,CUST00057,10,534.0,0.0,grocery,UK,mobile,1,0,202.52,0.0,2.0,405.93,0
TXN0000890,CUST00659,12,302.0,0.0,grocery,UK,mobile,1,0,427.17,0.0,0.0,624.99,0
TXN0000891,CUST00475,3,785.0,1.0,online_services,US,mobile,0,1,1142.63,3.0,8.0,329.99,1
TXN0000892,CUST00455,21,1066.0,0.0,restaurant,US,mobile,0,0,356.45,1.0,1.0,444.82,0
TXN0000893,CUST00828,6,595.0,0.0,fashion,US,mobile,0,0,148.74,0.0,0.0,257.06,0
TXN0000894,CUST00894,10,330.0,0.0,electronics,US,desktop,0,0,228.01,1.0,1.0,260.57,0
TXN0000895,CUST00360,21,710.0,0.0,fashion,US,desktop,0,0,582.36,0.0,6.0,509.55,0
TXN0000896,CUST00934,23,794.0,0.0,travel,AU,mobile,1,1,62.46,5.0,4.0,440.7,0
TXN0000897,CUST00000,3,563.0,0.0,fuel,UK,mobile,1,0,284.88,2.0,10.0,337.33,0
TXN0000898,CUST00386,14,191.0,0.0,fashion,US,desktop,0,0,448.38,0.0,2.0,430.7,0
TXN0000899,CUST00972,0,81.0,0.0,fashion,CA,mobile,1,0,876.52,3.0,8.0,542.1,1
TXN0000900,CUST00347,22,702.0,4.0,grocery,IN,tablet,1,0,3602.02,2.0,7.0,606.36,1
TXN0000901,CUST00189,2,1140.0,0.0,travel,CA,mobile,1,1,203.0,5.0,8.0,416.96,1
TXN0000902,CUST00504,13,435.0,2.0,fashion,UK,mobile,1,0,288.31,1.0,9.0,337.54,1
TXN0000903,CUST00190,5,61.0,0.0,electronics,US,desktop,0,0,283.12,0.0,2.0,317.96,0
TXN0000904,CUST00507,17,1002.0,0.0,grocery,US,desktop,0,0,515.72,0.0,1.0,743.48,0
TXN0000905,CUST00368,0,151.0,0.0,online_services,US,mobile,0,1,256.18,2.0,9.0,253.12,0
TXN0000906,CUST00408,5,583.0,0.0,fashion,US,mobile,0,0,702.32,0.0,4.0,632.56,0
TXN0000907,CUST00823,5,860.0,0.0,travel,US,desktop,0,1,154.19,3.0,2.0,246.55,0
TXN0000908,CUST00928,20,134.0,0.0,fuel,IN,mobile,1,0,196.71,0.0,0.0,289.38,0
TXN0000909,CUST00933,15,840.0,1.0,electronics,UK,mobile,1,0,1443.6,4.0,4.0,618.82,0
TXN0000910,CUST00116,4,228.0,0.0,fuel,US,desktop,0,0,184.38,0.0,2.0,488.1,0
TXN0000911,CUST00133,16,1042.0,0.0,travel,US,desktop,0,1,517.76,0.0,7.0,1199.8,0
TXN0000912,CUST00057,9,424.0,0.0,travel,US,desktop,0,1,426.58,1.0,1.0,386.76,0
TXN0000913,CUST00555,20,234.0,0.0,travel,US,mobile,0,1,175.38,0.0,3.0,663.65,0
TXN0000914,CUST00684,17,614.0,0.0,fuel,UK,mobile,1,0,310.95,0.0,1.0,583.97,0
TXN0000915,CUST00671,6,292.0,,restaurant,US,mobile,0,0,166.93,0.0,1.0,464.99,0
TXN0000916,CUST00172,2,384.0,0.0,electronics,CA,desktop,1,0,119.84,3.0,13.0,520.33,0
TXN0000917,CUST00828,12,1066.0,0.0,travel,CA,desktop,1,1,178.92,2.0,7.0,348.61,0
TXN0000918,CUST00814,14,963.0,0.0,restaurant,UK,mobile,1,0,211.97,0.0,5.0,385.45,0
TXN0000919,CUST00148,19,296.0,0.0,grocery,CA,mobile,1,0,267.57,0.0,2.0,323.78,0
TXN0000920,CUST00079,18,286.0,0.0,restaurant,US,desktop,0,0,224.32,1.0,1.0,178.91,0
TXN0000921,CUST00885,2,256.0,0.0,grocery,US,mobile,0,0,60.1,0.0,2.0,326.75,0
TXN0000922,CUST00212,3,1443.0,1.0,fuel,UK,mobile,1,0,1925.34,3.0,5.0,642.61,1
TXN0000923,CUST00202,4,391.0,0.0,online_services,UK,mobile,1,1,150.16,2.0,5.0,209.31,0
TXN0000924,CUST00763,0,778.0,0.0,online_services,US,desktop,0,1,284.6,3.0,12.0,384.56,1
TXN0000925,CUST00228,3,734.0,0.0,restaurant,US,tablet,0,0,135.26,0.0,1.0,462.11,0
TXN0000926,CUST00675,11,1153.0,0.0,fuel,US,mobile,0,0,275.02,0.0,2.0,376.99,0
TXN0000927,CUST00226,23,326.0,0.0,travel,US,mobile,0,1,204.52,1.0,1.0,417.36,0
TXN0000928,CUST00658,9,267.0,1.0,restaurant,CA,mobile,1,0,996.23,4.0,8.0,468.55,1
TXN0000929,CUST00531,22,-923.0,0.0,restaurant,US,mobile,0,0,371.06,0.0,1.0,320.33,0
TXN0000930,CUST00440,20,477.0,0.0,travel,CA,mobile,1,1,561.34,4.0,9.0,217.37,1
TXN0000931,CUST00401,19,288.0,0.0,grocery,US,mobile,0,0,454.19,1.0,1.0,718.88,0
TXN0000932,CUST00046,27,615.0,0.0,travel,AU,desktop,1,1,252.93,2.0,6.0,485.23,0
TXN0000933,CUST00232,12,346.0,0.0,electronics,US,mobile,0,0,520.38,0.0,2.0,484.97,0
TXN0000934,CUST00304,22,1598.0,0.0,online_services,US,desktop,0,1,162.87,0.0,1.0,422.49,0
TXN0000935,CUST00525,13,411.0,0.0,online_services,UK,desktop,1,1,938.91,1.0,9.0,473.86,0
TXN0000936,CUST00142,22,728.0,0.0,restaurant,US,mobile,0,0,152.09,0.0,2.0,369.34,0
TXN0000937,CUST00414,4,607.0,0.0,electronics,US,mobile,0,0,168.04,0.0,4.0,907.46,0
TXN0000938,CUST00512,3,183.0,0.0,travel,CA,desktop,1,1,190.81,3.0,10.0,998.69,1
TXN0000939,CUST00372,13,333.0,0.0,online_services,IN,desktop,1,1,143.42,1.0,9.0,410.52,0
TXN0000940,CUST00565,9,150.0,0.0,fuel,US,mobile,0,0,197.62,0.0,4.0,681.96,0
TXN0000941,CUST00885,16,327.0,1.0,travel,US,mobile,0,1,493.54,0.0,9.0,320.59,1
TXN0000942,CUST00258,9,752.0,0.0,fashion,US,desktop,0,0,940.42,1.0,1.0,632.59,0
TXN0000943,CUST00655,6,378.0,0.0,electronics,AU,mobile,1,0,390.72,0.0,1.0,721.49,0
TXN0000944,CUST00470,15,570.0,0.0,online_services,US,mobile,0,1,518.64,0.0,2.0,349.94,0
TXN0000945,CUST00952,0,1475.0,0.0,fashion,US,tablet,0,0,244.72,0.0,2.0,466.86,0
TXN0000946,CUST00970,16,673.0,0.0,electronics,US,desktop,0,0,139.65,0.0,2.0,369.73,0
TXN0000947,CUST00011,20,448.0,0.0,fuel,US,desktop,0,0,1398.45,0.0,0.0,531.02,0
TXN0000948,CUST00329,8,699.0,0.0,fashion,US,mobile,0,0,225.71,0.0,2.0,406.53,0
TXN0000949,CUST00735,5,453.0,0.0,fashion,US,,0,0,409.76,1.0,2.0,614.19,0
TXN0000950,CUST00783,18,969.0,0.0,electronics,US,,0,0,114.66,0.0,2.0,1480.31,0
TXN0000951,CUST00967,12,353.0,0.0,travel,US,desktop,0,1,95.92,0.0,1.0,485.92,0
TXN0000952,CUST00357,2,747.0,0.0,grocery,AU,mobile,1,0,809.69,3.0,7.0,305.73,0
TXN0000953,CUST00971,6,644.0,0.0,travel,IN,,1,1,345.85,0.0,8.0,206.74,0
TXN0000954,CUST00407,21,115.0,0.0,grocery,US,mobile,0,0,204.8,1.0,4.0,340.48,0
TXN0000955,CUST00667,8,436.0,0.0,electronics,UK,mobile,1,0,210.42,0.0,1.0,431.91,0
TXN0000956,CUST00372,21,877.0,1.0,restaurant,UK,mobile,1,0,342.72,4.0,11.0,475.2,1
TXN0000957,CUST00007,4,845.0,0.0,travel,US,desktop,0,1,156.2,1.0,9.0,532.19,0
TXN0000958,CUST00121,9,300.0,0.0,fashion,US,desktop,0,0,343.98,1.0,0.0,470.03,0
TXN0000959,CUST00347,22,470.0,0.0,travel,UK,desktop,1,1,253.79,3.0,4.0,750.75,0
TXN0000960,CUST00675,16,725.0,0.0,electronics,US,mobile,0,0,446.86,0.0,1.0,471.28,0
TXN0000961,CUST00089,11,260.0,0.0,restaurant,US,desktop,0,0,27.31,0.0,2.0,252.86,0
TXN0000962,CUST00647,22,660.0,0.0,restaurant,US,mobile,0,0,281.31,0.0,1.0,693.29,0
TXN0000963,CUST00697,15,51.0,0.0,travel,US,mobile,0,1,978.68,1.0,5.0,464.76,0
TXN0000964,CUST00315,2,423.0,0.0,travel,CA,desktop,1,1,144.81,2.0,6.0,544.94,0
TXN0000965,CUST00177,21,647.0,0.0,fuel,UK,mobile,1,0,107.0,0.0,5.0,315.94,0
TXN0000966,CUST00539,8,1118.0,0.0,travel,IN,mobile,1,1,76.95,2.0,4.0,139.5,0
TXN0000967,CUST00731,14,485.0,0.0,electronics,CA,mobile,1,0,690.37,0.0,1.0,595.34,0
TXN0000968,CUST00868,4,458.0,0.0,grocery,US,mobile,0,0,259.22,0.0,2.0,165.41,0
TXN0000969,CUST00040,22,2428.0,1.0,fuel,UK,mobile,1,0,746.07,2.0,8.0,411.76,1
TXN0000970,CUST00739,12,883.0,0.0,grocery,UK,mobile,1,0,606.42,0.0,1.0,495.71,0
TXN0000971,CUST00703,13,359.0,0.0,fashion,UK,mobile,1,0,223.93,0.0,2.0,338.15,0
TXN0000972,CUST00922,19,635.0,0.0,online_services,US,mobile,0,1,145.49,1.0,0.0,257.17,0
TXN0000973,CUST00501,14,244.0,0.0,electronics,US,desktop,0,0,280.61,0.0,2.0,220.18,0
TXN0000974,CUST00958,15,1449.0,0.0,fuel,IN,mobile,1,0,345.22,0.0,2.0,331.02,0
TXN0000975,CUST00144,22,345.0,1.0,restaurant,AU,desktop,1,0,231.32,2.0,9.0,266.35,1
TXN0000976,CUST00200,12,465.0,0.0,fuel,US,desktop,0,0,856.74,1.0,2.0,332.85,0
TXN0000977,CUST00928,16,378.0,0.0,fashion,US,desktop,0,0,53.81,0.0,1.0,306.82,0
TXN0000978,CUST00723,22,280.0,0.0,restaurant,CA,desktop,1,0,317.72,0.0,3.0,215.47,0
TXN0000979,CUST00460,7,859.0,0.0,fuel,US,mobile,0,0,933.52,0.0,0.0,884.54,0
TXN0000980,CUST00731,20,175.0,0.0,restaurant,US,mobile,0,0,269.57,1.0,1.0,582.36,0
TXN0000981,CUST00751,1,633.0,0.0,travel,UK,desktop,1,1,126.62,5.0,9.0,320.6,1
TXN0000982,CUST00924,4,301.0,0.0,restaurant,CA,desktop,1,0,803.74,0.0,5.0,742.74,0
TXN0000983,CUST00908,5,660.0,0.0,fuel,US,mobile,0,0,166.51,0.0,3.0,472.77,0
TXN0000984,CUST00557,11,254.0,0.0,restaurant,CA,mobile,1,0,457.01,1.0,3.0,537.94,0
TXN0000985,CUST00546,17,1572.0,0.0,electronics,UK,desktop,1,0,342.11,1.0,2.0,396.96,0
TXN0000986,CUST00252,21,474.0,0.0,travel,US,desktop,0,1,241.54,0.0,1.0,468.65,0
TXN0000987,CUST00389,21,1360.0,0.0,travel,US,desktop,0,1,47.13,2.0,3.0,345.46,0
TXN0000988,CUST00593,0,1133.0,1.0,fashion,US,mobile,0,0,1081.22,3.0,11.0,576.68,1
TXN0000989,CUST00882,16,807.0,0.0,travel,US,mobile,0,1,441.63,1.0,1.0,282.36,0
TXN0000990,CUST00255,10,608.0,1.0,grocery,US,mobile,0,0,176.81,0.0,4.0,163.29,0
TXN0000991,CUST00708,9,360.0,1.0,electronics,US,mobile,0,0,3034.82,1.0,5.0,951.47,0
TXN0000992,CUST00814,18,835.0,0.0,fashion,US,tablet,0,0,179.66,1.0,1.0,431.96,0
TXN0000993,CUST00920,13,124.0,0.0,grocery,US,mobile,0,0,1046.41,0.0,2.0,452.11,0
TXN0000994,CUST00449,9,546.0,0.0,restaurant,US,mobile,0,0,417.22,0.0,1.0,573.33,0
TXN0000995,CUST00009,14,274.0,0.0,online_services,US,mobile,0,1,249.37,0.0,3.0,264.9,0
TXN0000996,CUST00823,18,655.0,0.0,grocery,US,desktop,0,0,266.08,3.0,1.0,295.25,0
TXN0000997,CUST00797,3,709.0,0.0,fashion,UK,mobile,1,0,538.0,2.0,12.0,556.78,0
TXN0000998,CUST00241,1,1330.0,0.0,travel,US,desktop,0,1,830.8,5.0,9.0,462.43,1
TXN0000999,CUST00250,8,1269.0,0.0,electronics,US,desktop,0,0,112.45,0.0,3.0,203.16,0
TXN0001000,CUST00876,9,334.0,0.0,online_services,US,mobile,0,1,151.58,0.0,0.0,802.91,0
TXN0001001,CUST00004,10,1035.0,0.0,fashion,UK,mobile,1,0,921.89,0.0,1.0,399.96,0
TXN0001002,CUST00118,13,466.0,0.0,grocery,US,desktop,0,0,120.82,1.0,1.0,397.44,0
TXN0001003,CUST00800,6,253.0,0.0,online_services,AU,desktop,1,1,249.07,3.0,6.0,1191.86,0
TXN0001004,CUST00373,22,1243.0,0.0,grocery,UK,mobile,1,0,141.2,1.0,3.0,327.12,0
TXN0001005,CUST00064,14,331.0,0.0,fashion,US,mobile,0,0,442.03,1.0,0.0,580.94,0
TXN0001006,CUST00145,21,283.0,0.0,online_services,US,desktop,0,1,34.09,0.0,2.0,294.76,0
TXN0001007,CUST00223,18,659.0,0.0,fuel,UK,mobile,1,0,440.42,0.0,2.0,298.84,0
TXN0001008,CUST00238,21,526.0,0.0,fuel,US,mobile,0,0,619.11,1.0,4.0,351.33,0
TXN0001009,CUST00176,14,56.0,1.0,fashion,US,desktop,0,0,1282.78,2.0,5.0,636.09,0
TXN0001010,CUST00778,23,629.0,0.0,fuel,US,mobile,0,0,125.82,2.0,2.0,502.24,0
TXN0001011,CUST00852,7,655.0,1.0,fashion,AU,desktop,1,0,58.92,3.0,10.0,366.13,1
TXN0001012,CUST00281,10,420.0,0.0,travel,US,mobile,0,1,142.31,1.0,2.0,194.91,0
TXN0001013,CUST00062,8,1156.0,0.0,online_services,US,mobile,0,1,412.16,1.0,1.0,384.93,0
TXN0001014,CUST00216,14,918.0,1.0,fashion,US,desktop,0,0,729.94,0.0,11.0,381.68,0
TXN0001015,CUST00853,0,1260.0,0.0,restaurant,US,mobile,0,0,494.25,1.0,1.0,389.1,0
TXN0001016,CUST00826,0,171.0,0.0,electronics,UK,desktop,1,0,205.0,2.0,14.0,659.09,0
TXN0001017,CUST00794,18,772.0,0.0,electronics,US,mobile,0,0,196.87,0.0,0.0,1047.33,0
TXN0001018,CUST00688,2,760.0,0.0,restaurant,CA,mobile,1,0,880.2,1.0,8.0,379.1,0
TXN0001019,CUST00460,9,367.0,0.0,grocery,US,mobile,0,0,140.84,0.0,2.0,987.06,0
TXN0001020,CUST00928,7,246.0,0.0,grocery,UK,desktop,1,0,410.45,1.0,2.0,269.96,0
TXN0001021,CUST00609,14,955.0,2.0,grocery,US,mobile,0,0,1072.72,1.0,11.0,428.93,0
TXN0001022,CUST00104,9,479.0,0.0,online_services,CA,mobile,1,1,1631.26,2.0,10.0,764.22,0
TXN0001023,CUST00098,0,1448.0,1.0,grocery,CA,mobile,1,0,2987.33,1.0,8.0,481.89,1
TXN0001024,CUST00510,17,1350.0,0.0,travel,CA,desktop,1,1,379.64,2.0,11.0,215.08,0
TXN0001025,CUST00384,1,181.0,0.0,restaurant,US,mobile,0,0,431.73,0.0,2.0,395.85,0
TXN0001026,CUST00404,18,494.0,1.0,electronics,UK,desktop,1,0,2219.92,0.0,10.0,837.71,0
TXN0001027,CUST00822,12,631.0,0.0,restaurant,US,tablet,0,0,146.46,1.0,0.0,466.5,0
TXN0001028,CUST00517,21,199.0,2.0,electronics,IN,mobile,1,0,2888.4,1.0,6.0,1232.5,0
TXN0001029,CUST00475,0,740.0,0.0,grocery,US,mobile,0,0,238.66,0.0,2.0,422.58,0
TXN0001030,CUST00976,1,752.0,0.0,travel,CA,desktop,1,1,1239.54,1.0,8.0,365.68,0
TXN0001031,CUST00708,15,821.0,1.0,fashion,US,mobile,0,0,739.47,2.0,4.0,1118.3,0
TXN0001032,CUST00862,14,626.0,2.0,fashion,US,desktop,0,0,426.52,1.0,3.0,447.43,0
TXN0001033,CUST00644,12,448.0,0.0,fuel,US,mobile,0,0,180.41,0.0,4.0,210.89,0
TXN0001034,CUST00869,15,539.0,0.0,grocery,US,mobile,0,0,129.29,0.0,2.0,135.25,0
TXN0001035,CUST00770,16,210.0,0.0,grocery,US,tablet,0,0,291.61,2.0,0.0,267.06,0
TXN0001036,CUST00436,20,803.0,1.0,restaurant,US,mobile,0,0,221.86,4.0,3.0,732.12,0
TXN0001037,CUST00022,6,100.0,0.0,travel,US,mobile,0,1,110.92,0.0,1.0,107.76,0
TXN0001038,CUST00996,23,534.0,0.0,travel,CA,desktop,1,1,171.62,3.0,11.0,421.02,0
TXN0001039,CUST00564,16,848.0,0.0,restaurant,US,tablet,0,0,215.68,1.0,4.0,282.69,0
TXN0001040,CUST00676,6,799.0,0.0,travel,CA,mobile,1,1,784.21,0.0,9.0,452.91,0
TXN0001041,CUST00713,12,964.0,2.0,online_services,UK,tablet,1,1,1643.08,0.0,5.0,753.02,1
TXN0001042,CUST00457,4,657.0,0.0,online_services,CA,desktop,1,1,782.94,2.0,6.0,463.28,0
TXN0001043,CUST00082,16,275.0,0.0,travel,US,tablet,0,1,1044.74,0.0,0.0,380.95,0
TXN0001044,CUST00144,2,428.0,0.0,online_services,US,desktop,0,1,320.05,1.0,10.0,298.06,0
TXN0001045,CUST00084,6,749.0,0.0,fashion,UK,desktop,1,0,419.6,0.0,2.0,168.96,0
TXN0001046,CUST00077,16,54.0,0.0,travel,UK,desktop,1,1,152.11,2.0,2.0,196.99,0
TXN0001047,CUST00456,6,1130.0,3.0,online_services,UK,mobile,1,1,315.67,1.0,7.0,187.29,0
TXN0001048,CUST00877,20,1009.0,0.0,grocery,CA,tablet,1,0,565.73,0.0,4.0,374.4,0
TXN0001049,CUST00000,0,198.0,0.0,fashion,UK,mobile,1,0,413.15,0.0,5.0,306.39,0
TXN0001050,CUST00050,16,428.0,0.0,grocery,US,mobile,0,0,1028.83,0.0,1.0,491.0,0
TXN0001051,CUST00684,16,246.0,0.0,grocery,CA,desktop,1,0,966.81,1.0,2.0,475.62,0
TXN0001052,CUST00716,10,321.0,0.0,online_services,UK,mobile,1,1,160.04,1.0,6.0,239.59,0
TXN0001053,CUST00771,2,167.0,0.0,online_services,US,desktop,0,1,614.55,3.0,4.0,407.43,0
TXN0001054,CUST00445,14,612.0,0.0,restaurant,US,desktop,0,0,111.49,0.0,0.0,310.26,0
TXN0001055,CUST00448,20,730.0,0.0,fuel,UK,mobile,1,0,68.69,1.0,3.0,237.78,0
TXN0001056,CUST00880,10,473.0,4.0,travel,US,mobile,0,1,1045.77,1.0,10.0,1236.84,0
TXN0001057,CUST00487,15,790.0,0.0,travel,IN,mobile,1,1,451.38,4.0,6.0,672.08,0
TXN0001058,CUST00799,21,721.0,0.0,travel,US,desktop,0,1,319.83,3.0,1.0,231.18,0
TXN0001059,CUST00033,8,1304.0,0.0,travel,UK,desktop,1,1,525.81,2.0,6.0,304.46,0
TXN0001060,CUST00347,23,938.0,0.0,online_services,CA,mobile,1,1,153.65,2.0,8.0,867.64,0
TXN0001061,CUST00094,23,443.0,0.0,fashion,UK,tablet,1,0,552.83,0.0,3.0,463.3,0
TXN0001062,CUST00071,0,1061.0,0.0,electronics,US,mobile,0,0,161.43,0.0,1.0,226.02,0
TXN0001063,CUST00550,21,938.0,0.0,grocery,US,mobile,0,0,1654.18,1.0,3.0,604.5,0
TXN0001064,CUST00153,15,1400.0,2.0,fuel,US,mobile,0,0,1325.35,4.0,9.0,746.08,1
TXN0001065,CUST00249,8,197.0,0.0,fuel,US,mobile,0,0,864.25,2.0,2.0,575.11,0
TXN0001066,CUST00673,18,213.0,0.0,electronics,AU,desktop,1,0,90.42,0.0,3.0,321.87,0
TXN0001067,CUST00437,11,151.0,0.0,electronics,US,mobile,0,0,174.76,0.0,1.0,156.55,0
TXN0001068,CUST00117,18,173.0,0.0,electronics,UK,desktop,1,0,228.48,0.0,6.0,217.35,0
TXN0001069,CUST00770,21,597.0,1.0,online_services,US,desktop,0,1,273.11,2.0,3.0,355.48,0
TXN0001070,CUST00890,8,1152.0,0.0,fashion,US,mobile,0,0,890.43,0.0,4.0,352.71,0
TXN0001071,CUST00305,6,406.0,0.0,electronics,UK,mobile,1,0,,0.0,1.0,720.5,0
TXN0001072,CUST00267,13,73.0,3.0,fashion,US,mobile,0,0,236.62,2.0,13.0,326.69,0
TXN0001073,CUST00960,18,70.0,0.0,online_services,UK,mobile,1,1,434.22,0.0,6.0,284.05,0
TXN0001074,CUST00053,18,1007.0,0.0,restaurant,US,mobile,0,0,99.62,1.0,3.0,307.13,0
TXN0001075,CUST00235,1,124.0,0.0,restaurant,UK,mobile,1,0,444.14,1.0,4.0,663.73,0
TXN0001076,CUST00388,8,195.0,0.0,fuel,US,mobile,0,0,397.67,0.0,0.0,219.81,0
TXN0001077,CUST00989,12,1023.0,0.0,restaurant,US,desktop,0,0,410.79,0.0,1.0,170.74,0
TXN0001078,CUST00733,14,346.0,0.0,fashion,US,mobile,0,0,536.21,0.0,1.0,245.97,0
TXN0001079,CUST00762,2,634.0,0.0,fashion,UK,tablet,1,0,1419.08,3.0,9.0,548.16,0
TXN0001080,CUST00824,10,382.0,0.0,grocery,US,mobile,0,0,1044.85,0.0,4.0,649.75,0
TXN0001081,CUST00400,20,830.0,4.0,electronics,US,tablet,0,0,434.46,2.0,12.0,377.43,0
TXN0001082,CUST00623,13,329.0,0.0,travel,CA,mobile,1,1,1344.18,1.0,6.0,461.36,0
TXN0001083,CUST00766,7,1261.0,0.0,travel,US,desktop,0,1,208.46,1.0,2.0,214.54,0
TXN0001084,CUST00302,17,361.0,0.0,electronics,UK,mobile,1,0,266.12,2.0,2.0,623.79,0
TXN0001085,CUST00918,18,14.0,0.0,travel,US,mobile,0,1,810.89,0.0,11.0,375.6,0
TXN0001086,CUST00206,15,465.0,0.0,travel,US,desktop,0,1,416.45,0.0,2.0,383.12,0
TXN0001087,CUST00228,1,935.0,0.0,online_services,US,desktop,0,1,54.96,2.0,4.0,408.58,0
TXN0001088,CUST00852,7,1130.0,0.0,travel,US,desktop,0,1,249.62,0.0,3.0,307.92,0
TXN0001089,CUST00909,21,525.0,0.0,fuel,US,mobile,0,0,309.91,0.0,3.0,370.63,0
TXN0001090,CUST00577,5,288.0,0.0,fashion,US,desktop,0,0,63.57,0.0,1.0,483.63,0
TXN0001091,CUST00074,11,189.0,0.0,fashion,UK,mobile,1,0,62.63,0.0,1.0,771.1,0
TXN0001092,CUST00434,14,252.0,0.0,fashion,US,mobile,0,0,126.4,0.0,2.0,,0
TXN0001093,CUST00102,7,1234.0,0.0,electronics,US,desktop,0,0,135.31,1.0,0.0,309.09,0
TXN0001094,CUST00421,3,881.0,0.0,restaurant,US,mobile,0,0,253.23,1.0,1.0,363.97,0
TXN0001095,CUST00703,14,250.0,0.0,fuel,US,tablet,0,0,219.98,0.0,1.0,272.88,0
TXN0001096,CUST00763,19,788.0,2.0,fuel,US,mobile,0,0,1747.61,4.0,11.0,283.93,1
TXN0001097,CUST00737,16,908.0,0.0,travel,UK,tablet,1,1,180.55,3.0,7.0,192.47,0
TXN0001098,CUST00805,12,1068.0,0.0,grocery,IN,desktop,1,0,183.27,1.0,2.0,259.33,0
TXN0001099,CUST00305,17,692.0,1.0,fashion,US,mobile,0,0,1684.79,1.0,5.0,638.96,0
TXN0001100,CUST00097,1,555.0,0.0,online_services,US,mobile,0,1,53.4,1.0,8.0,224.06,0
TXN0001101,CUST00849,12,681.0,0.0,fuel,US,desktop,0,0,1011.19,0.0,1.0,515.68,0
TXN0001102,CUST00797,12,541.0,0.0,fuel,US,desktop,0,0,72.38,1.0,3.0,503.41,0
TXN0001103,CUST00334,21,608.0,3.0,grocery,US,mobile,0,0,1925.52,3.0,9.0,793.96,1
TXN0001104,CUST00858,14,711.0,0.0,travel,US,desktop,0,1,480.74,2.0,2.0,269.84,0
TXN0001105,CUST00434,19,323.0,0.0,fuel,UK,mobile,1,0,855.93,0.0,1.0,385.54,0
TXN0001106,CUST00446,9,687.0,1.0,fuel,US,desktop,0,0,444.93,3.0,6.0,468.57,0
TXN0001107,CUST00993,2,429.0,0.0,restaurant,UK,tablet,1,0,253.07,1.0,10.0,304.75,0
TXN0001108,CUST00307,18,218.0,0.0,grocery,US,mobile,0,0,97.38,0.0,2.0,394.91,0
TXN0001109,CUST00248,2,665.0,0.0,online_services,IN,desktop,1,1,572.82,4.0,8.0,305.63,1
TXN0001110,CUST00165,21,322.0,0.0,online_services,US,mobile,0,1,225.44,1.0,5.0,418.02,0
TXN0001111,CUST00480,13,359.0,1.0,travel,CA,mobile,1,1,2668.26,2.0,5.0,944.4,1
TXN0001112,CUST00983,7,824.0,0.0,travel,AU,desktop,1,1,376.17,3.0,8.0,293.83,1
TXN0001113,CUST00334,22,564.0,0.0,fashion,AU,mobile,1,0,238.15,1.0,0.0,616.66,0
TXN0001114,CUST00541,3,1040.0,0.0,restaurant,US,mobile,0,0,235.69,0.0,3.0,413.45,0
TXN0001115,CUST00758,19,1158.0,0.0,travel,US,desktop,0,1,169.47,0.0,0.0,209.38,0
TXN0001116,CUST00105,10,1048.0,0.0,restaurant,US,mobile,0,0,202.09,0.0,0.0,203.19,0
TXN0001117,CUST00562,10,622.0,0.0,fashion,US,mobile,0,0,261.31,0.0,3.0,433.43,0
TXN0001118,CUST00080,10,468.0,0.0,online_services,US,mobile,0,1,1154.15,1.0,5.0,514.06,0
TXN0001119,CUST00132,1,1081.0,0.0,grocery,US,mobile,0,0,337.46,0.0,3.0,272.46,0
TXN0001120,CUST00796,16,444.0,1.0,fuel,US,mobile,0,0,347.21,1.0,8.0,236.95,1
TXN0001121,CUST00899,8,331.0,0.0,fuel,US,desktop,0,0,1971.27,0.0,3.0,704.79,0
TXN0001122,CUST00137,1,19.0,0.0,electronics,US,mobile,0,0,1223.2,1.0,6.0,740.23,0
TXN0001123,CUST00183,23,485.0,2.0,electronics,US,mobile,0,0,1682.08,2.0,5.0,706.55,0
TXN0001124,CUST00400,14,155.0,0.0,electronics,US,mobile,0,0,205.86,0.0,4.0,377.64,0
TXN0001125,CUST00329,15,489.0,1.0,fuel,US,mobile,0,0,1162.09,2.0,4.0,515.52,0
TXN0001126,CUST00784,3,208.0,0.0,restaurant,CA,mobile,1,0,312.14,3.0,2.0,541.21,0
TXN0001127,CUST00507,7,1398.0,0.0,electronics,US,desktop,0,0,82.48,0.0,1.0,873.69,0
TXN0001128,CUST00851,8,130.0,0.0,grocery,IN,mobile,1,0,351.75,0.0,6.0,276.06,0
TXN0001129,CUST00983,4,124.0,0.0,travel,US,tablet,0,1,89.66,4.0,2.0,292.71,0
TXN0001130,CUST00068,15,89.0,0.0,restaurant,AU,mobile,1,0,310.58,3.0,5.0,773.82,0
TXN0001131,CUST00545,12,314.0,0.0,fuel,US,mobile,0,0,334.64,0.0,1.0,626.5,0
TXN0001132,CUST00773,6,241.0,0.0,grocery,IN,mobile,1,0,117.94,0.0,4.0,366.91,0
TXN0001133,CUST00052,19,1021.0,0.0,online_services,US,mobile,0,1,268.82,0.0,0.0,391.46,0
TXN0001134,CUST00449,16,735.0,1.0,fuel,UK,desktop,1,0,1276.94,0.0,9.0,534.36,1
TXN0001135,CUST00204,2,88.0,0.0,restaurant,US,desktop,0,0,633.13,1.0,12.0,677.2,0
TXN0001136,CUST00125,4,985.0,1.0,restaurant,UK,mobile,1,0,532.53,0.0,6.0,452.38,1
TXN0001137,CUST00746,18,311.0,0.0,restaurant,US,desktop,0,0,677.12,0.0,0.0,681.55,0
TXN0001138,CUST00042,11,431.0,0.0,fashion,UK,desktop,1,0,479.97,0.0,0.0,307.52,0
TXN0001139,CUST00751,6,60.0,0.0,travel,UK,tablet,1,1,567.75,3.0,6.0,290.15,0
TXN0001140,CUST00970,8,917.0,0.0,electronics,AU,mobile,1,0,782.54,0.0,4.0,458.59,0
TXN0001141,CUST00882,5,230.0,0.0,fashion,UK,mobile,1,0,446.89,0.0,4.0,268.5,0
TXN0001142,CUST00110,16,1572.0,0.0,travel,US,mobile,0,1,213.73,1.0,2.0,703.25,0
TXN0001143,CUST00760,15,284.0,0.0,fuel,US,mobile,0,0,149.39,0.0,1.0,260.06,0
TXN0001144,CUST00662,22,961.0,0.0,electronics,UK,desktop,1,0,401.41,0.0,3.0,249.66,0
TXN0001145,CUST00182,2,202.0,0.0,online_services,US,tablet,0,1,583.06,,8.0,835.15,1
TXN0001146,CUST00847,20,-294.0,0.0,fashion,CA,mobile,1,0,606.24,0.0,1.0,636.0,0
TXN0001147,CUST00094,3,339.0,0.0,fashion,US,desktop,0,0,400.63,0.0,1.0,415.96,0
TXN0001148,CUST00970,9,328.0,0.0,grocery,US,tablet,0,0,186.28,0.0,1.0,366.93,0
TXN0001149,CUST00373,4,231.0,0.0,online_services,US,tablet,0,1,385.48,1.0,10.0,407.35,0
TXN0001150,CUST00911,20,166.0,0.0,online_services,US,desktop,0,1,122.89,0.0,1.0,337.96,0
TXN0001151,CUST00519,21,322.0,0.0,fashion,UK,desktop,1,0,308.59,2.0,2.0,333.27,0
TXN0001152,CUST00899,9,349.0,0.0,restaurant,US,mobile,0,0,1031.37,0.0,2.0,672.8,0
TXN0001153,CUST00359,11,658.0,0.0,fuel,US,tablet,0,0,109.29,0.0,3.0,444.15,0
TXN0001154,CUST00899,9,335.0,0.0,online_services,IN,mobile,1,1,157.15,0.0,7.0,579.46,0
TXN0001155,CUST00695,12,245.0,0.0,fashion,US,mobile,0,0,521.87,0.0,0.0,243.62,0
TXN0001156,CUST00280,10,349.0,3.0,restaurant,UK,mobile,1,0,248.33,1.0,2.0,481.84,0
TXN0001157,CUST00194,21,157.0,0.0,travel,US,desktop,0,1,835.29,0.0,2.0,1039.75,0
TXN0001158,CUST00863,15,89.0,0.0,travel,UK,mobile,1,1,1340.98,0.0,9.0,738.95,1
TXN0001159,CUST00194,7,824.0,0.0,online_services,US,desktop,0,1,552.4,0.0,2.0,852.36,0
TXN0001160,CUST00666,7,744.0,0.0,restaurant,US,mobile,0,0,608.07,2.0,1.0,408.02,0
TXN0001161,CUST00092,7,280.0,0.0,grocery,US,mobile,0,0,87.01,1.0,2.0,688.99,0
TXN0001162,CUST00671,12,587.0,0.0,grocery,,,0,0,103.0,1.0,4.0,389.65,0
TXN0001163,CUST00945,1,121.0,0.0,travel,IN,mobile,1,1,2132.49,2.0,10.0,727.39,0
TXN0001164,CUST00060,11,181.0,0.0,fuel,US,mobile,0,0,191.42,0.0,4.0,192.8,0
TXN0001165,CUST00633,9,421.0,0.0,fashion,CA,mobile,1,0,230.94,1.0,4.0,662.58,0
TXN0001166,CUST00050,11,894.0,0.0,online_services,US,mobile,0,1,431.09,1.0,1.0,417.62,0
TXN0001167,CUST00402,10,1949.0,0.0,online_services,US,desktop,0,1,276.18,0.0,0.0,275.99,0
TXN0001168,CUST00788,14,572.0,0.0,travel,US,mobile,0,1,580.88,1.0,5.0,398.55,0
TXN0001169,CUST00004,15,597.0,0.0,travel,US,desktop,0,1,388.7,0.0,2.0,344.61,0
TXN0001170,CUST00465,16,516.0,0.0,restaurant,US,mobile,0,0,208.89,0.0,2.0,729.76,0
TXN0001171,CUST00603,1,309.0,0.0,grocery,US,mobile,0,0,226.79,1.0,4.0,620.35,0
TXN0001172,CUST00681,17,1069.0,0.0,fuel,UK,desktop,1,0,300.87,2.0,4.0,197.56,0
TXN0001173,CUST00828,11,102.0,0.0,restaurant,US,desktop,0,0,334.27,1.0,5.0,288.98,0
TXN0001174,CUST00533,18,427.0,0.0,travel,US,mobile,0,1,465.81,1.0,0.0,266.29,0
TXN0001175,CUST00404,22,792.0,0.0,electronics,US,mobile,0,0,279.34,0.0,1.0,929.24,0
TXN0001176,CUST00837,17,532.0,0.0,fashion,CA,tablet,1,0,228.68,2.0,2.0,516.11,0
TXN0001177,CUST00512,16,149.0,0.0,travel,US,mobile,0,1,211.87,0.0,4.0,1075.46,0
TXN0001178,CUST00644,5,114.0,0.0,restaurant,IN,mobile,1,0,173.17,1.0,0.0,260.43,0
TXN0001179,CUST00232,14,427.0,0.0,electronics,US,mobile,0,0,883.47,2.0,1.0,425.23,0
TXN0001180,CUST00523,2,91.0,0.0,electronics,US,desktop,0,0,121.68,1.0,1.0,248.25,0
TXN0001181,CUST00345,5,1425.0,0.0,travel,US,desktop,0,1,89.27,0.0,2.0,579.6,0
TXN0001182,CUST00045,2,500.0,0.0,fuel,US,mobile,0,0,499.25,0.0,1.0,196.22,0
TXN0001183,CUST00545,0,756.0,1.0,grocery,CA,mobile,1,0,714.53,2.0,7.0,565.72,0
TXN0001184,CUST00944,12,970.0,0.0,electronics,US,mobile,0,0,1276.05,1.0,0.0,396.96,0
TXN0001185,CUST00077,20,481.0,0.0,online_services,US,mobile,0,1,228.89,0.0,2.0,180.35,0
TXN0001186,CUST00729,13,702.0,0.0,fashion,US,mobile,0,0,239.09,0.0,0.0,167.99,0
TXN0001187,CUST00812,12,495.0,0.0,restaurant,US,mobile,0,0,126.61,0.0,0.0,620.13,0
TXN0001188,CUST00922,3,466.0,0.0,restaurant,IN,mobile,1,0,265.23,1.0,7.0,219.11,0
TXN0001189,CUST00072,6,512.0,0.0,restaurant,CA,desktop,1,0,61.13,2.0,0.0,302.56,0
TXN0001190,CUST00793,21,2747.0,0.0,online_services,US,desktop,0,1,54.04,0.0,2.0,458.92,0
TXN0001191,CUST00248,9,880.0,0.0,travel,US,desktop,0,1,158.43,0.0,2.0,401.08,0
TXN0001192,CUST00046,6,2320.0,0.0,restaurant,AU,mobile,1,0,258.02,0.0,3.0,548.34,0
TXN0001193,CUST00120,20,497.0,0.0,online_services,US,tablet,0,1,153.0,0.0,0.0,531.55,0
TXN0001194,CUST00213,14,1414.0,0.0,restaurant,AU,tablet,1,0,154.04,1.0,1.0,412.73,0
TXN0001195,CUST00238,14,225.0,0.0,fashion,US,mobile,0,0,73.21,0.0,1.0,379.58,0
TXN0001196,CUST00055,3,929.0,0.0,online_services,US,mobile,0,1,405.55,2.0,7.0,201.43,0
TXN0001197,CUST00349,22,103.0,0.0,grocery,UK,desktop,1,0,138.36,1.0,3.0,481.64,0
TXN0001198,CUST00106,22,303.0,0.0,fuel,US,desktop,0,0,923.0,0.0,2.0,532.99,0
TXN0001199,CUST00830,5,438.0,0.0,travel,UK,tablet,1,1,231.5,0.0,10.0,316.53,0
TXN0001200,CUST00047,23,50.0,0.0,travel,US,desktop,0,1,258.02,1.0,12.0,1084.05,0
TXN0001201,CUST00572,19,313.0,0.0,restaurant,UK,mobile,1,0,38.68,1.0,1.0,454.48,0
TXN0001202,CUST00336,4,1172.0,0.0,fashion,US,mobile,0,0,91.6,0.0,4.0,780.97,0
TXN0001203,CUST00025,19,856.0,0.0,electronics,US,mobile,0,0,232.59,0.0,0.0,244.68,0
TXN0001204,CUST00803,11,187.0,0.0,online_services,UK,desktop,1,1,36.56,0.0,10.0,202.2,0
TXN0001205,CUST00256,0,803.0,0.0,restaurant,US,tablet,0,0,129.8,1.0,3.0,532.56,0
TXN0001206,CUST00007,7,880.0,0.0,online_services,UK,mobile,1,1,159.86,2.0,12.0,496.38,0
TXN0001207,CUST00624,0,732.0,0.0,restaurant,IN,mobile,1,0,135.35,2.0,10.0,476.84,0
TXN0001208,CUST00866,4,692.0,0.0,travel,UK,mobile,1,1,187.78,0.0,8.0,260.07,1
TXN0001209,CUST00252,21,404.0,0.0,travel,UK,mobile,1,1,168.63,2.0,6.0,330.16,0
TXN0001210,CUST00691,5,1034.0,1.0,restaurant,UK,desktop,1,0,375.59,1.0,9.0,253.15,0
TXN0001211,CUST00718,20,960.0,0.0,travel,US,mobile,0,1,793.1,1.0,0.0,490.24,0
TXN0001212,CUST00302,2,1342.0,0.0,fashion,CA,mobile,1,0,149.4,2.0,4.0,719.11,0
TXN0001213,CUST00638,14,1074.0,0.0,electronics,US,mobile,0,0,29.89,1.0,1.0,254.26,0
TXN0001214,CUST00055,4,176.0,0.0,electronics,UK,mobile,1,0,66.09,0.0,9.0,219.76,0
TXN0001215,CUST00725,23,410.0,0.0,online_services,US,mobile,0,1,396.05,0.0,3.0,401.56,0
TXN0001216,CUST00525,13,12.0,0.0,electronics,US,mobile,0,0,350.85,0.0,1.0,485.41,0
TXN0001217,CUST00473,17,198.0,0.0,online_services,US,mobile,0,1,160.76,0.0,1.0,389.23,0
TXN0001218,CUST00027,15,251.0,0.0,restaurant,UK,desktop,1,0,79.12,3.0,2.0,743.93,0
TXN0001219,CUST00982,5,331.0,0.0,fuel,US,desktop,0,0,432.33,0.0,3.0,374.03,0
TXN0001220,CUST00077,23,1236.0,0.0,restaurant,US,desktop,0,0,68.74,0.0,0.0,219.12,0
TXN0001221,CUST00215,13,778.0,0.0,restaurant,US,desktop,0,0,329.94,1.0,1.0,258.95,0
TXN0001222,CUST00385,23,1003.0,0.0,fashion,US,tablet,0,0,173.59,2.0,1.0,619.57,0
TXN0001223,CUST00364,7,906.0,0.0,electronics,US,desktop,0,0,364.93,0.0,0.0,443.11,0
TXN0001224,CUST00665,6,348.0,0.0,travel,US,mobile,0,1,163.17,0.0,0.0,-333.06,0
TXN0001225,CUST00525,7,1032.0,0.0,travel,UK,mobile,1,1,786.99,4.0,4.0,663.57,0
TXN0001226,CUST00698,12,320.0,0.0,grocery,US,mobile,0,0,55.93,0.0,0.0,229.62,0
TXN0001227,CUST00311,5,1380.0,0.0,grocery,AU,mobile,1,0,387.7,1.0,5.0,285.45,0
TXN0001228,CUST00882,17,298.0,0.0,online_services,US,desktop,0,1,185.51,0.0,1.0,372.61,0
TXN0001229,CUST00006,1,858.0,0.0,fuel,US,desktop,0,0,139.34,2.0,4.0,441.79,0
TXN0001230,CUST00002,7,612.0,0.0,online_services,US,mobile,0,1,667.9,0.0,1.0,263.97,0
TXN0001231,CUST00622,10,91.0,0.0,travel,IN,desktop,1,1,108.41,2.0,11.0,374.73,1
TXN0001232,CUST00918,0,315.0,0.0,electronics,US,mobile,0,0,295.1,0.0,4.0,428.23,0
TXN0001233,CUST00749,21,496.0,0.0,online_services,US,tablet,0,1,269.79,0.0,1.0,173.79,0
TXN0001234,CUST00362,5,258.0,0.0,restaurant,AU,desktop,1,0,91.44,0.0,1.0,327.39,0
TXN0001235,CUST00750,15,387.0,1.0,travel,US,desktop,0,1,1611.49,2.0,11.0,370.27,1
TXN0001236,CUST00507,19,1057.0,1.0,fuel,US,mobile,0,0,3228.79,0.0,6.0,945.88,0
TXN0001237,CUST00273,11,324.0,0.0,fuel,UK,mobile,1,0,894.04,0.0,1.0,328.65,0
TXN0001238,CUST00505,10,99.0,0.0,travel,CA,mobile,1,1,336.2,2.0,10.0,379.45,1
TXN0001239,CUST00805,9,43.0,0.0,grocery,UK,mobile,1,0,203.89,1.0,8.0,311.88,0
TXN0001240,CUST00738,2,469.0,,electronics,CA,mobile,1,0,470.14,0.0,11.0,725.06,0
TXN0001241,CUST00882,12,475.0,0.0,travel,US,tablet,0,1,530.82,0.0,1.0,272.76,0
TXN0001242,CUST00014,2,2054.0,0.0,restaurant,AU,mobile,1,0,263.16,1.0,10.0,714.76,0
TXN0001243,CUST00191,14,569.0,0.0,restaurant,US,mobile,0,0,36.17,0.0,2.0,421.94,0
TXN0001244,CUST00984,15,501.0,1.0,fashion,US,mobile,0,0,175.42,2.0,5.0,571.87,0
TXN0001245,CUST00630,12,350.0,0.0,restaurant,US,mobile,0,0,353.45,0.0,4.0,281.31,0
TXN0001246,CUST00484,16,484.0,0.0,travel,UK,tablet,1,1,317.27,2.0,12.0,699.52,0
TXN0001247,CUST00027,2,1408.0,1.0,travel,UK,mobile,1,1,544.47,1.0,6.0,879.65,1
TXN0001248,CUST00713,19,1406.0,0.0,restaurant,US,tablet,0,0,304.8,0.0,1.0,645.56,0
TXN0001249,CUST00038,10,639.0,2.0,grocery,US,mobile,0,0,247.85,3.0,9.0,349.69,1
TXN0001250,CUST00952,20,162.0,0.0,electronics,US,tablet,0,0,212.03,0.0,2.0,442.44,0
TXN0001251,CUST00272,18,531.0,3.0,fuel,IN,mobile,1,0,640.61,2.0,7.0,836.18,0
TXN0001252,CUST00230,21,118.0,0.0,travel,US,desktop,0,1,50.84,1.0,1.0,501.51,0
TXN0001253,CUST00085,10,918.0,0.0,restaurant,US,mobile,0,0,262.39,1.0,2.0,574.75,0
TXN0001254,CUST00473,15,356.0,0.0,fuel,UK,desktop,1,0,72.21,0.0,1.0,427.91,0
TXN0001255,CUST00125,20,65.0,1.0,restaurant,AU,desktop,1,0,1140.32,1.0,5.0,434.77,1
TXN0001256,CUST00811,2,263.0,0.0,travel,CA,mobile,1,1,710.94,3.0,11.0,400.14,1
TXN0001257,CUST00536,21,680.0,0.0,fashion,AU,mobile,1,0,143.37,0.0,0.0,401.01,0
TXN0001258,CUST00144,5,1137.0,0.0,electronics,UK,tablet,1,0,108.4,2.0,0.0,291.26,0
TXN0001259,CUST00524,13,549.0,1.0,travel,AU,mobile,1,1,248.93,1.0,,358.23,1
TXN0001260,CUST00211,23,807.0,0.0,fuel,US,tablet,0,0,167.21,1.0,0.0,140.52,0
TXN0001261,CUST00024,17,1075.0,0.0,restaurant,US,desktop,0,0,453.98,1.0,0.0,197.95,0
TXN0001262,CUST00579,16,775.0,0.0,fashion,CA,mobile,1,0,186.65,1.0,2.0,238.66,0
TXN0001263,CUST00393,3,792.0,0.0,online_services,US,mobile,0,1,213.23,3.0,7.0,471.88,0
TXN0001264,CUST00066,22,429.0,0.0,travel,AU,tablet,1,1,101.07,3.0,7.0,166.44,0
TXN0001265,CUST00232,14,510.0,0.0,electronics,US,mobile,0,0,163.36,0.0,3.0,362.21,0
TXN0001266,CUST00108,10,521.0,0.0,fashion,US,mobile,0,0,204.25,2.0,2.0,533.98,0
TXN0001267,CUST00145,2,137.0,0.0,fuel,US,desktop,0,0,270.23,2.0,1.0,345.57,0
TXN0001268,CUST00110,2,517.0,1.0,restaurant,US,mobile,0,0,729.28,4.0,11.0,598.38,1
TXN0001269,CUST00227,15,271.0,0.0,grocery,US,desktop,0,0,350.37,0.0,3.0,986.39,0
TXN0001270,CUST00110,4,458.0,0.0,online_services,US,mobile,0,1,413.21,0.0,8.0,743.58,0
TXN0001271,CUST00469,20,880.0,0.0,online_services,AU,mobile,1,1,831.12,2.0,13.0,769.78,0
TXN0001272,CUST00033,9,236.0,0.0,electronics,AU,mobile,1,0,291.76,0.0,2.0,322.92,0
TXN0001273,CUST00622,18,597.0,1.0,fashion,US,mobile,0,0,796.09,0.0,13.0,422.35,0
TXN0001274,CUST00775,3,702.0,0.0,travel,US,mobile,0,1,161.08,1.0,10.0,452.48,0
TXN0001275,CUST00935,18,744.0,0.0,travel,US,desktop,0,1,837.95,0.0,3.0,690.36,0
TXN0001276,CUST00368,10,347.0,0.0,fashion,US,desktop,0,0,167.95,0.0,0.0,248.36,0
TXN0001277,CUST00747,1,718.0,0.0,travel,US,desktop,0,1,396.09,2.0,7.0,340.7,0
TXN0001278,CUST00594,9,1248.0,0.0,online_services,US,mobile,0,1,164.96,1.0,1.0,134.79,0
TXN0001279,CUST00553,10,923.0,2.0,online_services,US,mobile,0,1,647.91,1.0,6.0,643.01,0
TXN0001280,CUST00424,19,548.0,3.0,online_services,CA,tablet,1,1,981.48,5.0,11.0,362.63,1
TXN0001281,CUST00612,15,890.0,0.0,fashion,US,mobile,0,0,51.27,0.0,0.0,449.43,0
TXN0001282,CUST00517,18,50.0,0.0,electronics,US,mobile,0,0,286.78,0.0,2.0,1258.52,0
TXN0001283,CUST00691,22,809.0,0.0,online_services,US,mobile,0,1,229.48,1.0,0.0,212.62,0
TXN0001284,CUST00281,23,63.0,0.0,travel,UK,mobile,1,1,451.9,2.0,5.0,197.4,0
TXN0001285,CUST00319,10,136.0,0.0,electronics,UK,mobile,1,0,109.54,0.0,1.0,221.43,0
TXN0001286,CUST00737,13,634.0,0.0,restaurant,UK,desktop,1,0,146.56,1.0,2.0,222.25,0
TXN0001287,CUST00442,1,394.0,0.0,restaurant,UK,desktop,1,0,104.57,1.0,3.0,281.56,0
TXN0001288,CUST00951,22,285.0,0.0,restaurant,US,mobile,0,0,163.97,0.0,1.0,467.55,0
TXN0001289,CUST00314,4,502.0,0.0,restaurant,US,desktop,0,0,143.23,0.0,4.0,138.04,0
TXN0001290,CUST00876,4,223.0,0.0,travel,UK,mobile,1,1,681.18,3.0,3.0,696.08,0
TXN0001291,CUST00965,18,340.0,0.0,fashion,CA,mobile,1,0,449.98,0.0,3.0,560.63,0
TXN0001292,CUST00740,20,724.0,0.0,travel,US,desktop,0,1,118.24,2.0,0.0,592.36,0
TXN0001293,CUST00376,11,41.0,0.0,fuel,US,mobile,0,0,153.43,1.0,3.0,850.02,0
TXN0001294,CUST00288,17,141.0,0.0,travel,UK,mobile,1,1,268.62,5.0,8.0,386.28,1
TXN0001295,CUST00436,3,388.0,0.0,electronics,US,desktop,0,0,111.69,0.0,1.0,891.36,0
TXN0001296,CUST00661,21,1330.0,1.0,fashion,US,desktop,0,0,1424.07,2.0,9.0,671.39,0
TXN0001297,CUST00276,16,802.0,0.0,online_services,US,desktop,0,1,113.08,1.0,2.0,259.01,0
TXN0001298,CUST00709,9,694.0,0.0,grocery,US,mobile,0,0,272.47,0.0,3.0,512.97,0
TXN0001299,CUST00581,19,991.0,0.0,grocery,US,mobile,0,0,572.26,0.0,2.0,624.28,0
TXN0001300,CUST00502,5,359.0,0.0,online_services,US,mobile,0,1,111.4,0.0,1.0,276.74,0
TXN0001301,CUST00623,13,989.0,2.0,fashion,CA,mobile,1,0,317.8,1.0,5.0,504.94,0
TXN0001302,CUST00515,10,319.0,0.0,grocery,US,desktop,0,0,170.59,0.0,1.0,406.62,0
TXN0001303,CUST00349,10,631.0,0.0,fashion,UK,desktop,1,0,248.47,1.0,3.0,438.09,0
TXN0001304,CUST00842,17,199.0,0.0,electronics,UK,mobile,1,0,220.48,1.0,1.0,578.69,0
TXN0001305,CUST00445,22,,0.0,electronics,US,desktop,0,0,241.36,0.0,4.0,285.72,0
TXN0001306,CUST00829,21,379.0,0.0,travel,US,mobile,0,1,366.86,1.0,2.0,1034.17,0
TXN0001307,CUST00349,17,272.0,1.0,grocery,UK,desktop,1,0,487.49,4.0,6.0,526.39,1
TXN0001308,CUST00606,23,757.0,0.0,online_services,US,mobile,0,1,75.76,0.0,1.0,1200.1,0
TXN0001309,CUST00663,22,330.0,0.0,fashion,US,mobile,0,0,677.76,0.0,1.0,352.51,0
TXN0001310,CUST00822,10,274.0,0.0,electronics,US,mobile,0,0,345.54,1.0,6.0,379.82,0
TXN0001311,CUST00136,20,110.0,1.0,travel,US,tablet,0,1,264.64,1.0,4.0,910.76,1
TXN0001312,CUST00758,11,691.0,0.0,grocery,CA,mobile,1,0,211.15,1.0,4.0,266.74,0
TXN0001313,CUST00898,4,635.0,0.0,grocery,UK,mobile,1,0,458.65,3.0,10.0,742.18,0
TXN0001314,CUST00242,22,293.0,0.0,grocery,US,mobile,0,0,118.3,1.0,1.0,516.33,0
TXN0001315,CUST00542,8,176.0,0.0,electronics,IN,mobile,1,0,512.62,0.0,2.0,815.01,0
TXN0001316,CUST00039,8,1261.0,0.0,electronics,US,mobile,0,0,112.76,1.0,1.0,287.51,0
TXN0001317,CUST00228,21,1158.0,2.0,grocery,UK,desktop,1,0,1187.87,2.0,11.0,501.35,1
TXN0001318,CUST00547,9,559.0,0.0,electronics,CA,mobile,1,0,31.52,0.0,4.0,159.35,0
TXN0001319,CUST00919,21,1260.0,0.0,grocery,CA,tablet,1,0,520.39,0.0,2.0,299.24,0
TXN0001320,CUST00222,18,1674.0,1.0,restaurant,US,mobile,0,0,157.58,3.0,9.0,394.44,1
TXN0001321,CUST00005,0,737.0,0.0,electronics,UK,mobile,1,0,634.56,3.0,14.0,714.87,1
TXN0001322,CUST00321,6,264.0,0.0,fashion,US,mobile,0,0,96.29,1.0,1.0,177.37,0
TXN0001323,CUST00467,3,323.0,0.0,electronics,US,desktop,0,0,1104.15,1.0,3.0,840.66,0
TXN0001324,CUST00731,0,204.0,1.0,grocery,US,mobile,0,0,888.05,1.0,5.0,616.08,0
TXN0001325,CUST00074,14,1314.0,0.0,fashion,CA,mobile,1,0,551.94,0.0,1.0,775.64,0
TXN0001326,CUST00003,7,411.0,0.0,travel,US,desktop,0,1,210.79,0.0,5.0,174.61,0
TXN0001327,CUST00846,11,1348.0,0.0,fashion,US,desktop,0,0,72.41,1.0,0.0,580.18,0
TXN0001328,CUST00645,21,905.0,0.0,fashion,US,desktop,0,0,115.81,0.0,1.0,165.27,0
TXN0001329,CUST00117,21,725.0,0.0,electronics,US,desktop,0,0,355.25,0.0,4.0,292.55,0
TXN0001330,CUST00880,17,1851.0,1.0,fuel,US,mobile,0,0,7000.0,0.0,8.0,1030.17,1
TXN0001331,CUST00605,14,298.0,0.0,fashion,AU,mobile,1,0,775.71,2.0,2.0,394.85,0
TXN0001332,CUST00503,16,254.0,0.0,fashion,US,desktop,0,0,262.57,1.0,2.0,902.73,0
TXN0001333,CUST00997,13,601.0,0.0,online_services,US,mobile,0,1,521.0,0.0,3.0,456.27,0
TXN0001334,CUST00946,13,999.0,0.0,grocery,UK,mobile,1,0,291.14,1.0,2.0,565.47,0
TXN0001335,CUST00573,17,56.0,0.0,electronics,CA,desktop,1,0,203.24,2.0,2.0,584.31,0
TXN0001336,CUST00440,19,895.0,0.0,grocery,CA,mobile,1,0,256.27,0.0,1.0,260.03,0
TXN0001337,CUST00193,17,186.0,0.0,electronics,UK,mobile,1,0,155.26,1.0,7.0,,0
TXN0001338,CUST00846,15,29.0,2.0,travel,US,desktop,0,1,860.76,2.0,12.0,451.51,1
TXN0001339,CUST00714,0,871.0,1.0,fuel,CA,desktop,1,0,673.23,3.0,3.0,312.08,1
TXN0001340,CUST00391,22,1778.0,0.0,fashion,US,mobile,0,0,231.9,1.0,3.0,433.67,0
TXN0001341,CUST00025,10,321.0,0.0,online_services,UK,mobile,1,1,166.86,0.0,6.0,168.94,0
TXN0001342,CUST00434,14,759.0,0.0,electronics,IN,mobile,1,0,159.78,0.0,3.0,459.34,0
TXN0001343,CUST00172,11,1216.0,1.0,fashion,CA,mobile,1,0,694.17,3.0,5.0,623.06,0
TXN0001344,CUST00299,7,1011.0,0.0,fashion,CA,mobile,1,0,266.76,0.0,0.0,170.52,0
TXN0001345,CUST00644,21,791.0,0.0,restaurant,US,mobile,0,0,165.31,0.0,3.0,221.72,0
TXN0001346,CUST00325,19,1256.0,0.0,grocery,US,desktop,0,0,371.62,0.0,3.0,373.75,0
TXN0001347,CUST00409,5,514.0,0.0,fuel,IN,mobile,1,0,66.06,0.0,1.0,140.54,0
TXN0001348,CUST00117,2,657.0,0.0,online_services,US,tablet,0,1,288.43,1.0,7.0,270.88,0
TXN0001349,CUST00835,23,107.0,0.0,electronics,US,mobile,0,0,531.44,0.0,3.0,211.11,0
TXN0001350,CUST00786,12,1217.0,0.0,travel,UK,tablet,1,1,1005.14,1.0,4.0,327.26,0
TXN0001351,CUST00723,12,69.0,0.0,fuel,US,mobile,0,0,229.75,1.0,3.0,250.73,0
TXN0001352,CUST00224,1,73.0,0.0,restaurant,UK,mobile,1,0,1112.66,3.0,8.0,379.51,1
TXN0001353,CUST00531,4,87.0,0.0,grocery,AU,mobile,1,0,614.7,1.0,8.0,393.98,0
TXN0001354,CUST00112,16,2912.0,0.0,travel,US,desktop,0,1,551.03,1.0,1.0,319.69,0
TXN0001355,CUST00139,5,424.0,0.0,travel,US,desktop,0,1,200.97,0.0,4.0,374.17,0
TXN0001356,CUST00558,1,702.0,1.0,fashion,US,desktop,0,0,1202.45,1.0,7.0,361.25,0
TXN0001357,CUST00000,3,730.0,0.0,grocery,AU,desktop,1,0,43.04,2.0,9.0,319.04,0
TXN0001358,CUST00089,21,438.0,0.0,restaurant,US,mobile,0,0,537.19,0.0,2.0,256.36,0
TXN0001359,CUST00653,10,785.0,0.0,electronics,US,mobile,0,0,269.38,0.0,2.0,605.2,0
TXN0001360,CUST00319,7,546.0,0.0,electronics,UK,mobile,1,0,139.52,2.0,2.0,208.67,0
TXN0001361,CUST00549,11,260.0,0.0,restaurant,US,mobile,0,0,303.35,1.0,3.0,490.37,0
TXN0001362,CUST00804,7,751.0,0.0,fashion,US,desktop,0,0,753.63,1.0,5.0,403.57,0
TXN0001363,CUST00893,10,430.0,0.0,fashion,UK,desktop,1,0,113.04,2.0,2.0,122.43,0
TXN0001364,CUST00138,21,777.0,0.0,travel,IN,mobile,1,1,118.92,2.0,6.0,600.23,0
TXN0001365,CUST00510,19,209.0,0.0,grocery,US,desktop,0,0,66.08,0.0,2.0,216.76,0
TXN0001366,CUST00867,7,515.0,0.0,travel,US,mobile,0,1,119.06,2.0,1.0,144.52,0
TXN0001367,CUST00844,7,579.0,0.0,online_services,US,mobile,0,1,113.41,0.0,3.0,730.16,0
TXN0001368,CUST00258,16,1575.0,0.0,online_services,UK,mobile,1,1,207.85,2.0,8.0,792.32,0
TXN0001369,CUST00672,19,1011.0,0.0,electronics,US,mobile,0,0,252.91,2.0,2.0,455.42,0
TXN0001370,CUST00901,19,910.0,1.0,restaurant,IN,mobile,1,0,330.54,0.0,4.0,552.1,0
TXN0001371,CUST00689,22,1456.0,0.0,grocery,US,mobile,0,0,313.9,1.0,2.0,481.69,0
TXN0001372,CUST00009,15,356.0,0.0,restaurant,US,mobile,0,0,298.19,1.0,0.0,223.63,0
TXN0001373,CUST00260,13,366.0,0.0,grocery,US,mobile,0,0,292.88,3.0,3.0,505.7,0
TXN0001374,CUST00918,10,463.0,0.0,fuel,AU,mobile,1,0,121.08,1.0,2.0,402.87,0
TXN0001375,CUST00649,6,915.0,0.0,electronics,US,mobile,0,0,1136.9,0.0,2.0,971.87,0
TXN0001376,CUST00171,15,462.0,0.0,electronics,US,tablet,0,0,404.84,1.0,1.0,278.64,0
TXN0001377,CUST00897,12,552.0,0.0,fuel,US,desktop,0,0,83.58,0.0,3.0,302.14,0
TXN0001378,CUST00012,14,1375.0,1.0,grocery,UK,tablet,1,0,169.14,3.0,8.0,161.72,1
TXN0001379,CUST00167,23,324.0,1.0,fashion,US,mobile,0,0,341.62,2.0,9.0,603.59,0
TXN0001380,CUST00641,15,185.0,0.0,grocery,UK,desktop,1,0,262.49,0.0,4.0,313.94,0
TXN0001381,CUST00595,20,396.0,0.0,electronics,US,mobile,0,0,776.33,1.0,2.0,1096.48,0
TXN0001382,CUST00320,22,297.0,0.0,online_services,AU,desktop,1,1,142.18,2.0,7.0,175.12,0
TXN0001383,CUST00318,23,832.0,0.0,restaurant,CA,mobile,1,0,70.76,0.0,2.0,206.26,0
TXN0001384,CUST00612,8,54.0,1.0,travel,US,mobile,0,1,995.5,3.0,3.0,469.88,1
TXN0001385,CUST00328,2,1192.0,0.0,restaurant,IN,mobile,1,0,167.79,1.0,3.0,588.42,0
TXN0001386,CUST00784,18,303.0,2.0,electronics,US,mobile,0,0,884.63,3.0,5.0,478.98,0
TXN0001387,CUST00776,19,122.0,0.0,restaurant,CA,mobile,1,0,214.34,0.0,2.0,536.67,0
TXN0001388,CUST00970,4,785.0,0.0,fashion,US,tablet,0,0,196.82,3.0,3.0,436.15,0
TXN0001389,CUST00910,9,1427.0,0.0,fashion,US,mobile,0,0,555.12,0.0,4.0,413.49,0
TXN0001390,CUST00919,16,595.0,0.0,online_services,US,desktop,0,1,391.53,0.0,1.0,414.1,0
TXN0001391,CUST00549,14,97.0,0.0,grocery,US,mobile,0,0,290.21,1.0,1.0,590.94,0
TXN0001392,CUST00418,22,735.0,0.0,restaurant,US,desktop,0,0,43.63,2.0,1.0,308.33,0
TXN0001393,CUST00605,7,113.0,0.0,restaurant,UK,desktop,1,0,199.61,0.0,2.0,395.96,0
TXN0001394,CUST00094,14,312.0,0.0,electronics,US,mobile,0,0,487.88,0.0,1.0,363.74,0
TXN0001395,CUST00816,20,1114.0,0.0,grocery,UK,mobile,1,0,112.12,0.0,5.0,203.69,0
TXN0001396,CUST00580,13,357.0,0.0,grocery,UK,desktop,1,0,203.52,0.0,0.0,201.97,0
TXN0001397,CUST00317,19,534.0,0.0,restaurant,UK,mobile,1,0,233.99,1.0,3.0,225.55,0
TXN0001398,CUST00955,6,614.0,0.0,travel,UK,mobile,1,1,292.84,1.0,11.0,406.3,0
TXN0001399,CUST00235,20,302.0,0.0,restaurant,US,mobile,0,0,176.01,0.0,6.0,717.47,0
TXN0001400,CUST00945,22,742.0,0.0,restaurant,US,mobile,0,0,341.01,1.0,2.0,594.55,0
TXN0001401,CUST00333,11,132.0,0.0,restaurant,US,mobile,0,0,331.41,0.0,2.0,237.65,0
TXN0001402,CUST00884,16,1017.0,0.0,fashion,AU,mobile,1,0,117.46,0.0,2.0,345.21,0
TXN0001403,CUST00375,16,183.0,0.0,fuel,US,desktop,0,0,129.97,0.0,3.0,507.27,0
TXN0001404,CUST00458,9,257.0,0.0,grocery,UK,desktop,1,0,280.35,1.0,3.0,602.57,0
TXN0001405,CUST00136,18,429.0,0.0,fuel,AU,mobile,1,0,788.25,0.0,2.0,656.56,0
TXN0001406,CUST00929,13,725.0,0.0,fashion,AU,mobile,1,0,544.54,1.0,2.0,300.31,0
TXN0001407,CUST00587,10,615.0,0.0,travel,US,mobile,0,1,155.25,0.0,0.0,329.1,0
TXN0001408,CUST00994,1,81.0,0.0,electronics,US,mobile,0,0,392.86,2.0,4.0,502.2,0
TXN0001409,CUST00546,17,351.0,0.0,online_services,AU,desktop,1,1,180.38,2.0,8.0,481.33,0
TXN0001410,CUST00512,6,95.0,0.0,travel,CA,desktop,1,1,834.73,3.0,8.0,900.88,1
TXN0001411,CUST00295,11,1242.0,0.0,grocery,UK,desktop,1,0,241.48,1.0,2.0,589.87,0
TXN0001412,CUST00319,1,1449.0,0.0,electronics,UK,tablet,1,0,282.9,3.0,4.0,170.34,0
TXN0001413,CUST00917,19,362.0,1.0,fuel,UK,mobile,1,0,309.3,6.0,5.0,996.08,1
TXN0001414,CUST00571,17,357.0,0.0,travel,US,desktop,0,1,249.24,0.0,2.0,469.27,0
TXN0001415,CUST00831,5,457.0,0.0,grocery,CA,desktop,1,0,72.55,1.0,3.0,,0
TXN0001416,CUST00348,23,1171.0,0.0,online_services,UK,desktop,1,1,80.69,2.0,10.0,420.48,0
TXN0001417,CUST00839,9,123.0,0.0,online_services,US,desktop,0,1,260.71,0.0,0.0,399.9,0
TXN0001418,CUST00778,19,465.0,0.0,travel,US,desktop,0,1,294.17,0.0,2.0,508.73,0
TXN0001419,CUST00872,14,508.0,0.0,electronics,AU,mobile,1,0,175.07,0.0,2.0,173.63,0
TXN0001420,CUST00228,4,163.0,0.0,electronics,UK,tablet,1,0,315.51,2.0,6.0,418.71,0
TXN0001421,CUST00269,19,21.0,0.0,travel,US,desktop,0,1,308.74,2.0,12.0,247.5,0
TXN0001422,CUST00827,2,637.0,0.0,fashion,US,mobile,0,0,185.21,2.0,0.0,236.2,0
TXN0001423,CUST00797,4,430.0,0.0,travel,UK,desktop,1,1,567.28,3.0,10.0,451.91,1
TXN0001424,CUST00290,7,801.0,1.0,fuel,US,mobile,0,0,525.1,3.0,9.0,392.12,1
TXN0001425,CUST00724,7,1160.0,0.0,travel,US,desktop,0,1,191.74,0.0,5.0,419.37,0
TXN0001426,CUST00164,7,1495.0,0.0,travel,,tablet,1,1,1497.97,3.0,5.0,620.17,0
TXN0001427,CUST00004,11,863.0,0.0,fashion,,mobile,0,0,114.14,2.0,0.0,352.45,0
TXN0001428,CUST00850,23,282.0,2.0,restaurant,,desktop,1,0,847.82,1.0,7.0,512.4,0
TXN0001429,CUST00378,22,109.0,0.0,electronics,US,desktop,0,0,2275.32,1.0,0.0,730.54,0
TXN0001430,CUST00077,7,251.0,0.0,fuel,US,desktop,0,0,398.93,1.0,3.0,167.04,0
TXN0001431,CUST00409,10,3529.0,0.0,grocery,US,mobile,0,0,237.09,0.0,1.0,132.3,0
TXN0001432,CUST00573,13,602.0,0.0,electronics,US,mobile,0,0,469.93,1.0,5.0,548.76,0
TXN0001433,CUST00131,7,256.0,0.0,electronics,US,mobile,0,0,405.18,1.0,3.0,353.96,0
TXN0001434,CUST00600,23,835.0,0.0,restaurant,UK,mobile,1,0,101.18,0.0,2.0,366.17,0
TXN0001435,CUST00748,9,661.0,0.0,electronics,US,mobile,0,0,70.86,2.0,1.0,501.65,0
TXN0001436,CUST00041,6,196.0,0.0,electronics,AU,desktop,1,0,264.37,0.0,3.0,416.6,0
TXN0001437,CUST00088,16,413.0,0.0,fashion,US,tablet,0,0,166.75,1.0,3.0,274.11,0
TXN0001438,CUST00401,3,484.0,0.0,fashion,UK,mobile,1,0,1508.81,2.0,16.0,799.17,0
TXN0001439,CUST00295,12,362.0,0.0,fashion,IN,mobile,1,0,599.04,1.0,2.0,606.69,0
TXN0001440,CUST00839,3,318.0,0.0,fashion,US,desktop,0,0,598.86,0.0,1.0,494.18,0
TXN0001441,CUST00294,4,606.0,0.0,fashion,US,mobile,0,0,36.74,0.0,2.0,133.48,0
TXN0001442,CUST00615,21,86.0,0.0,fuel,UK,tablet,1,0,152.63,1.0,4.0,169.04,0
TXN0001443,CUST00525,3,796.0,0.0,grocery,UK,desktop,1,0,242.67,3.0,5.0,638.77,0
TXN0001444,CUST00799,17,660.0,0.0,restaurant,US,desktop,0,0,135.9,0.0,1.0,277.41,0
TXN0001445,CUST00690,5,274.0,0.0,travel,US,mobile,0,1,148.4,1.0,4.0,215.09,0
TXN0001446,CUST00636,23,1173.0,0.0,online_services,UK,mobile,1,1,199.22,3.0,8.0,171.3,1
TXN0001447,CUST00421,23,895.0,1.0,fuel,UK,mobile,1,0,746.4,3.0,5.0,424.77,1
TXN0001448,CUST00864,22,264.0,0.0,fashion,US,mobile,0,0,2132.31,1.0,2.0,1206.94,0
TXN0001449,CUST00022,21,742.0,0.0,restaurant,IN,desktop,1,0,142.94,0.0,1.0,129.52,0
TXN0001450,CUST00574,1,286.0,0.0,travel,US,mobile,0,1,481.32,1.0,6.0,428.01,0
TXN0001451,CUST00142,22,465.0,0.0,electronics,US,mobile,0,0,789.1,0.0,4.0,295.2,0
TXN0001452,CUST00992,10,597.0,0.0,fuel,CA,desktop,1,0,110.38,1.0,1.0,696.11,0
TXN0001453,CUST00664,13,257.0,0.0,electronics,UK,mobile,1,0,1224.06,0.0,1.0,727.36,0
TXN0001454,CUST00144,4,838.0,0.0,restaurant,US,mobile,0,0,295.42,0.0,1.0,207.43,0
TXN0001455,CUST00224,5,515.0,0.0,grocery,US,desktop,0,0,33.24,0.0,3.0,370.93,0
TXN0001456,CUST00502,9,549.0,0.0,grocery,CA,mobile,1,0,650.3,1.0,3.0,326.5,0
TXN0001457,CUST00961,7,514.0,1.0,restaurant,UK,mobile,1,0,114.67,2.0,11.0,458.88,1
TXN0001458,CUST00973,13,983.0,0.0,online_services,IN,mobile,1,1,785.5,2.0,9.0,485.15,0
TXN0001459,CUST00820,23,1139.0,0.0,online_services,US,mobile,0,1,533.09,1.0,0.0,333.33,0
TXN0001460,CUST00615,2,1417.0,0.0,grocery,US,mobile,0,0,106.46,0.0,4.0,195.87,0
TXN0001461,CUST00103,11,2196.0,0.0,online_services,US,mobile,0,1,179.1,0.0,2.0,275.69,0
TXN0001462,CUST00946,15,185.0,0.0,grocery,UK,mobile,1,0,423.1,3.0,4.0,739.24,0
TXN0001463,CUST00038,22,474.0,0.0,electronics,US,mobile,0,0,156.97,0.0,5.0,436.69,0
TXN0001464,CUST00946,16,508.0,0.0,online_services,CA,mobile,1,1,984.45,2.0,7.0,525.56,0
TXN0001465,CUST00197,0,247.0,0.0,grocery,US,desktop,0,0,508.65,0.0,2.0,359.19,0
TXN0001466,CUST00645,22,159.0,0.0,grocery,US,desktop,0,0,74.01,2.0,2.0,194.36,0
TXN0001467,CUST00578,9,486.0,0.0,restaurant,IN,desktop,1,0,212.65,0.0,1.0,305.81,0
TXN0001468,CUST00390,22,1404.0,0.0,grocery,US,mobile,0,0,370.85,0.0,3.0,441.59,0
TXN0001469,CUST00178,9,239.0,0.0,online_services,IN,mobile,1,1,131.15,1.0,7.0,148.69,0
TXN0001470,CUST00967,20,150.0,0.0,online_services,US,desktop,0,1,586.01,1.0,1.0,477.76,0
TXN0001471,CUST00553,23,586.0,1.0,fuel,US,desktop,0,0,1362.26,3.0,9.0,664.99,1
TXN0001472,CUST00447,1,894.0,0.0,fashion,CA,desktop,1,0,434.67,1.0,11.0,1958.03,0
TXN0001473,CUST00499,8,444.0,0.0,fashion,CA,mobile,1,0,190.18,2.0,1.0,271.9,0
TXN0001474,CUST00014,21,707.0,0.0,restaurant,US,mobile,0,0,108.31,0.0,2.0,508.72,0
TXN0001475,CUST00622,12,624.0,0.0,fashion,US,desktop,0,0,648.11,1.0,1.0,377.91,0
TXN0001476,CUST00668,15,500.0,0.0,electronics,UK,tablet,1,0,1000.57,1.0,3.0,472.46,0
TXN0001477,CUST00288,17,171.0,0.0,fuel,US,tablet,0,0,559.22,1.0,1.0,396.14,0
TXN0001478,CUST00477,18,114.0,0.0,fuel,CA,tablet,1,0,499.16,1.0,0.0,466.28,0
TXN0001479,CUST00230,11,378.0,0.0,restaurant,US,desktop,0,0,257.23,0.0,0.0,521.64,0
TXN0001480,CUST00922,7,213.0,0.0,online_services,CA,desktop,1,1,138.82,5.0,5.0,290.22,0
TXN0001481,CUST00419,16,1464.0,0.0,grocery,US,mobile,0,0,442.88,0.0,4.0,233.49,0
TXN0001482,CUST00156,14,862.0,0.0,fashion,US,desktop,0,0,148.18,0.0,1.0,273.31,0
TXN0001483,CUST00549,9,472.0,0.0,electronics,CA,mobile,1,0,545.41,0.0,3.0,484.99,0
TXN0001484,CUST00440,14,1008.0,0.0,online_services,US,mobile,0,1,304.19,0.0,1.0,242.46,0
TXN0001485,CUST00096,14,961.0,0.0,restaurant,CA,desktop,1,0,75.08,0.0,4.0,1055.82,0
TXN0001486,CUST00996,22,607.0,1.0,online_services,US,desktop,0,1,692.22,1.0,9.0,466.06,0
TXN0001487,CUST00410,6,1218.0,0.0,restaurant,US,desktop,0,0,90.51,1.0,0.0,197.71,0
TXN0001488,CUST00950,12,52.0,0.0,grocery,US,mobile,0,0,80.44,0.0,2.0,193.01,0
TXN0001489,CUST00288,16,1026.0,0.0,travel,AU,mobile,1,1,41.58,2.0,11.0,292.72,0
TXN0001490,CUST00253,8,196.0,0.0,fashion,US,tablet,0,0,83.2,1.0,1.0,600.98,0
TXN0001491,CUST00195,7,754.0,0.0,electronics,US,desktop,0,0,94.5,0.0,2.0,701.55,0
TXN0001492,CUST00597,19,257.0,0.0,restaurant,UK,mobile,1,0,676.68,1.0,0.0,594.55,0
TXN0001493,CUST00833,20,1569.0,0.0,online_services,US,mobile,0,1,387.24,0.0,2.0,605.73,0
TXN0001494,CUST00521,17,672.0,0.0,fashion,US,tablet,0,0,1211.17,0.0,1.0,1890.48,0
TXN0001495,CUST00516,12,742.0,0.0,online_services,US,mobile,0,1,209.36,0.0,3.0,458.48,0
TXN0001496,CUST00634,15,736.0,0.0,electronics,US,mobile,0,0,86.84,0.0,0.0,1769.81,0
TXN0001497,CUST00841,8,1788.0,0.0,fuel,US,mobile,0,0,242.97,0.0,1.0,363.27,0
TXN0001498,CUST00864,11,232.0,0.0,fuel,CA,mobile,1,0,174.2,0.0,3.0,1404.28,0
TXN0001499,CUST00117,11,486.0,0.0,electronics,CA,mobile,1,0,343.26,0.0,1.0,209.91,0
TXN0001500,CUST00805,5,1359.0,0.0,fuel,US,mobile,0,0,78.32,0.0,0.0,227.11,0
TXN0001501,CUST00908,18,329.0,1.0,restaurant,UK,mobile,1,0,830.46,2.0,9.0,455.65,0
TXN0001502,CUST00158,6,552.0,0.0,fashion,US,mobile,0,0,719.3,0.0,1.0,442.75,0
TXN0001503,CUST00814,2,159.0,0.0,electronics,US,mobile,0,0,728.17,0.0,4.0,454.3,0
TXN0001504,CUST00227,15,1165.0,1.0,restaurant,IN,tablet,1,0,1973.53,1.0,5.0,813.17,0
TXN0001505,CUST00876,17,331.0,1.0,fashion,US,desktop,0,0,1032.96,1.0,8.0,632.64,0
TXN0001506,CUST00215,15,612.0,0.0,fashion,US,mobile,0,0,519.09,1.0,1.0,246.87,0
TXN0001507,CUST00947,22,597.0,0.0,restaurant,CA,mobile,1,0,237.23,1.0,3.0,237.39,0
TXN0001508,CUST00695,6,1385.0,0.0,fashion,UK,mobile,1,0,342.59,1.0,2.0,291.37,0
TXN0001509,CUST00014,3,165.0,0.0,travel,US,desktop,0,1,220.72,1.0,7.0,715.45,0
TXN0001510,CUST00156,7,364.0,1.0,electronics,US,mobile,0,0,491.94,3.0,13.0,265.38,1
TXN0001511,CUST00647,12,398.0,0.0,electronics,US,tablet,0,0,300.56,1.0,0.0,593.9,0
TXN0001512,CUST00260,12,311.0,0.0,fashion,US,desktop,0,0,954.01,0.0,2.0,525.03,0
TXN0001513,CUST00156,16,606.0,0.0,restaurant,UK,tablet,1,0,305.83,1.0,3.0,300.12,0
TXN0001514,CUST00046,16,325.0,0.0,grocery,US,mobile,0,0,360.15,0.0,0.0,641.58,0
TXN0001515,CUST00323,4,787.0,0.0,fuel,CA,desktop,1,0,455.72,1.0,8.0,798.22,0
TXN0001516,CUST00843,5,390.0,0.0,fashion,US,desktop,0,0,316.72,0.0,0.0,219.24,0
TXN0001517,CUST00684,18,579.0,0.0,grocery,US,mobile,0,0,205.18,1.0,1.0,562.29,0
TXN0001518,CUST00129,12,424.0,0.0,fashion,US,mobile,0,0,457.01,0.0,1.0,428.24,0
TXN0001519,CUST00410,13,1272.0,0.0,grocery,US,mobile,0,0,136.17,0.0,2.0,198.43,0
TXN0001520,CUST00094,21,280.0,0.0,fashion,US,mobile,0,0,627.25,0.0,1.0,473.11,0
TXN0001521,CUST00626,3,536.0,0.0,restaurant,US,desktop,0,0,670.55,1.0,2.0,341.55,0
TXN0001522,CUST00754,6,161.0,0.0,fuel,US,desktop,0,0,235.61,0.0,1.0,392.5,0
TXN0001523,CUST00931,7,1518.0,0.0,online_services,US,mobile,0,1,144.08,2.0,2.0,332.79,0
TXN0001524,CUST00291,12,808.0,1.0,online_services,US,mobile,0,1,3272.45,3.0,6.0,1220.77,1
TXN0001525,CUST00793,5,40.0,0.0,grocery,AU,tablet,1,0,139.58,0.0,8.0,423.09,0
TXN0001526,CUST00810,5,239.0,1.0,travel,US,mobile,0,1,428.31,3.0,8.0,413.24,1
TXN0001527,CUST00282,23,1164.0,0.0,restaurant,AU,mobile,1,0,49.04,0.0,3.0,356.07,0
TXN0001528,CUST00068,20,1778.0,0.0,fuel,US,mobile,0,0,735.26,0.0,2.0,698.57,0
TXN0001529,CUST00659,2,614.0,0.0,fashion,US,tablet,0,0,77.59,0.0,1.0,647.8,0
TXN0001530,CUST00010,2,584.0,0.0,grocery,US,desktop,0,0,361.45,0.0,4.0,408.5,0
TXN0001531,CUST00253,12,301.0,0.0,fuel,AU,mobile,1,0,312.11,0.0,5.0,697.45,0
TXN0001532,CUST00841,21,425.0,0.0,electronics,CA,mobile,1,0,229.88,0.0,0.0,329.35,0
TXN0001533,CUST00871,1,591.0,1.0,restaurant,IN,mobile,1,0,510.43,3.0,6.0,672.28,1
TXN0001534,CUST00549,15,308.0,0.0,grocery,CA,mobile,1,0,348.11,0.0,0.0,570.12,0
TXN0001535,CUST00133,21,93.0,3.0,restaurant,US,desktop,0,0,3122.1,3.0,5.0,1606.94,1
TXN0001536,CUST00711,5,396.0,0.0,grocery,IN,mobile,1,0,199.88,2.0,0.0,181.0,0
TXN0001537,CUST00022,7,875.0,0.0,online_services,IN,mobile,1,1,65.07,2.0,7.0,136.1,0
TXN0001538,CUST00814,22,326.0,0.0,electronics,US,mobile,0,0,57.45,0.0,2.0,382.84,0
TXN0001539,CUST00345,7,909.0,0.0,travel,AU,mobile,1,1,210.48,3.0,9.0,505.29,1
TXN0001540,CUST00301,5,92.0,0.0,electronics,UK,tablet,1,0,169.84,1.0,1.0,296.37,0
TXN0001541,CUST00362,13,426.0,0.0,fashion,AU,mobile,1,0,213.38,1.0,2.0,382.53,0
TXN0001542,CUST00395,2,280.0,1.0,restaurant,AU,mobile,1,0,1095.1,2.0,8.0,404.96,0
TXN0001543,CUST00217,9,351.0,0.0,travel,AU,desktop,1,1,166.18,0.0,11.0,415.06,0
TXN0001544,CUST00140,2,616.0,0.0,restaurant,AU,mobile,1,0,2226.34,5.0,9.0,1107.66,1
TXN0001545,CUST00615,11,555.0,0.0,fuel,US,mobile,0,0,332.27,0.0,0.0,235.47,0
TXN0001546,CUST00957,16,10.0,0.0,grocery,US,mobile,0,0,503.49,1.0,1.0,427.1,0
TXN0001547,CUST00209,4,242.0,0.0,fashion,US,mobile,0,0,215.91,0.0,1.0,,0
TXN0001548,CUST00984,19,735.0,0.0,fashion,US,tablet,0,0,217.09,0.0,5.0,404.47,0
TXN0001549,CUST00992,8,136.0,0.0,restaurant,US,mobile,0,0,152.16,0.0,3.0,640.48,0
TXN0001550,CUST00622,20,669.0,0.0,online_services,UK,mobile,1,1,259.88,2.0,5.0,417.45,0
TXN0001551,CUST00615,19,251.0,0.0,fashion,US,,0,0,72.3,0.0,2.0,227.66,0
TXN0001552,CUST00827,6,594.0,0.0,restaurant,UK,mobile,1,0,67.67,0.0,1.0,257.81,0
TXN0001553,CUST00682,21,786.0,2.0,grocery,CA,tablet,1,0,464.57,3.0,11.0,646.24,1
TXN0001554,CUST00459,3,526.0,0.0,grocery,UK,mobile,1,0,114.77,5.0,6.0,859.66,0
TXN0001555,CUST00355,12,538.0,0.0,restaurant,US,mobile,0,0,149.04,1.0,0.0,213.89,0
TXN0001556,CUST00323,12,331.0,0.0,electronics,US,mobile,0,0,186.93,0.0,1.0,748.55,0
TXN0001557,CUST00132,9,351.0,0.0,electronics,US,mobile,0,0,194.18,0.0,3.0,191.96,0
TXN0001558,CUST00887,17,252.0,1.0,grocery,US,mobile,0,0,1522.25,2.0,12.0,483.58,0
TXN0001559,CUST00804,16,827.0,0.0,travel,,mobile,1,1,454.13,4.0,9.0,426.59,1
TXN0001560,CUST00839,19,151.0,0.0,electronics,US,mobile,0,0,239.15,0.0,0.0,375.71,0
TXN0001561,CUST00126,19,476.0,1.0,restaurant,UK,mobile,1,0,3930.12,0.0,8.0,854.29,1
TXN0001562,CUST00105,12,91.0,0.0,grocery,US,mobile,0,0,168.47,0.0,5.0,217.35,0
TXN0001563,CUST00603,16,232.0,0.0,fashion,US,mobile,0,0,476.22,1.0,0.0,621.24,0
TXN0001564,CUST00798,21,342.0,0.0,fashion,CA,mobile,1,0,366.69,2.0,3.0,340.03,0
TXN0001565,CUST00377,3,191.0,0.0,online_services,US,mobile,0,1,205.65,1.0,5.0,282.73,0
TXN0001566,CUST00904,0,347.0,0.0,electronics,UK,mobile,1,0,220.53,2.0,5.0,398.41,0
TXN0001567,CUST00050,0,312.0,0.0,travel,CA,desktop,1,1,510.3,0.0,4.0,616.03,0
TXN0001568,CUST00028,14,1438.0,0.0,fuel,US,mobile,0,0,448.95,0.0,2.0,198.44,0
TXN0001569,CUST00461,12,995.0,1.0,electronics,US,mobile,0,0,2075.6,,7.0,613.55,1
TXN0001570,CUST00295,16,963.0,0.0,travel,UK,mobile,1,1,251.96,1.0,4.0,758.9,0
TXN0001571,CUST00296,23,278.0,1.0,electronics,UK,mobile,1,0,157.42,4.0,4.0,264.14,0
TXN0001572,CUST00725,7,128.0,0.0,fashion,US,desktop,0,0,378.78,2.0,2.0,444.45,0
TXN0001573,CUST00778,17,78.0,0.0,travel,CA,mobile,1,1,778.85,1.0,7.0,379.21,0
TXN0001574,CUST00406,12,622.0,0.0,fashion,US,mobile,0,0,105.21,1.0,3.0,435.99,0
TXN0001575,CUST00768,22,309.0,1.0,online_services,US,mobile,0,1,833.33,1.0,6.0,472.98,0
TXN0001576,CUST00813,13,140.0,0.0,restaurant,US,tablet,0,0,185.25,1.0,1.0,176.66,0
TXN0001577,CUST00612,7,907.0,0.0,restaurant,US,mobile,0,0,101.78,0.0,3.0,402.12,0
TXN0001578,CUST00404,7,113.0,0.0,grocery,US,desktop,0,0,205.0,1.0,1.0,904.7,0
TXN0001579,CUST00345,14,719.0,0.0,fashion,US,mobile,0,0,756.59,0.0,2.0,586.03,0
TXN0001580,CUST00621,12,489.0,3.0,fashion,US,mobile,0,0,756.26,2.0,3.0,404.72,0
TXN0001581,CUST00419,6,415.0,0.0,online_services,US,mobile,0,1,249.78,0.0,1.0,254.03,0
TXN0001582,CUST00181,4,857.0,0.0,grocery,AU,mobile,1,0,349.81,2.0,11.0,326.68,0
TXN0001583,CUST00982,16,365.0,0.0,restaurant,US,mobile,0,0,295.41,0.0,3.0,432.02,0
TXN0001584,CUST00824,15,191.0,0.0,restaurant,AU,mobile,1,0,195.47,1.0,2.0,650.45,0
TXN0001585,CUST00000,22,1228.0,0.0,travel,AU,mobile,1,1,286.01,0.0,3.0,295.93,0
TXN0001586,CUST00830,1,286.0,0.0,travel,US,mobile,0,1,261.73,0.0,8.0,315.26,1
TXN0001587,CUST00949,21,338.0,1.0,fuel,US,mobile,0,0,121.44,2.0,4.0,1540.49,0
TXN0001588,CUST00566,17,407.0,0.0,online_services,US,mobile,0,1,373.67,0.0,0.0,472.56,0
TXN0001589,CUST00370,16,176.0,0.0,restaurant,IN,mobile,1,0,253.66,0.0,1.0,343.05,0
TXN0001590,CUST00935,6,1368.0,3.0,fuel,UK,mobile,1,0,1129.16,3.0,7.0,877.67,1
TXN0001591,CUST00910,12,406.0,0.0,electronics,IN,mobile,1,0,240.99,1.0,1.0,449.43,0
TXN0001592,CUST00660,17,845.0,0.0,fashion,US,mobile,0,0,184.82,0.0,3.0,737.29,0
TXN0001593,CUST00430,13,227.0,0.0,travel,AU,desktop,1,1,114.1,0.0,11.0,216.61,0
TXN0001594,CUST00968,17,518.0,0.0,electronics,US,mobile,0,0,278.37,2.0,1.0,1027.57,0
TXN0001595,CUST00308,12,931.0,0.0,travel,AU,tablet,1,1,277.47,0.0,4.0,577.46,0
TXN0001596,CUST00136,10,443.0,1.0,grocery,US,desktop,0,0,2499.63,2.0,7.0,858.38,0
TXN0001597,CUST00201,20,298.0,0.0,fashion,UK,desktop,1,0,166.27,2.0,3.0,197.43,0
TXN0001598,CUST00435,20,344.0,0.0,fuel,UK,mobile,1,0,578.95,1.0,2.0,575.08,0
TXN0001599,CUST00312,15,173.0,0.0,fuel,UK,desktop,1,0,462.08,0.0,1.0,346.2,0
TXN0001600,CUST00116,22,197.0,0.0,travel,US,desktop,0,1,132.23,0.0,3.0,469.28,0
TXN0001601,CUST00665,16,1010.0,0.0,restaurant,UK,desktop,1,0,80.91,1.0,0.0,347.62,0
TXN0001602,CUST00936,7,96.0,0.0,online_services,US,mobile,0,1,551.0,1.0,5.0,276.22,0
TXN0001603,CUST00802,18,310.0,0.0,fuel,US,desktop,0,0,353.33,1.0,1.0,424.57,0
TXN0001604,CUST00574,19,1077.0,0.0,grocery,US,desktop,0,0,471.77,1.0,0.0,462.69,0
TXN0001605,CUST00243,14,54.0,1.0,grocery,US,mobile,0,0,1168.96,2.0,10.0,727.97,1
TXN0001606,CUST00536,8,179.0,0.0,restaurant,CA,desktop,1,0,107.99,1.0,5.0,309.15,0
TXN0001607,CUST00601,19,1018.0,2.0,grocery,US,mobile,0,0,988.57,3.0,7.0,533.59,0
TXN0001608,CUST00074,9,1168.0,0.0,online_services,US,desktop,0,1,412.03,0.0,1.0,851.09,0
TXN0001609,CUST00805,11,686.0,0.0,fashion,US,desktop,0,0,41.23,0.0,1.0,332.99,0
TXN0001610,CUST00385,20,285.0,0.0,travel,AU,mobile,1,1,359.17,2.0,10.0,645.18,0
TXN0001611,CUST00902,22,614.0,3.0,grocery,US,desktop,0,0,1776.61,4.0,6.0,351.69,0
TXN0001612,CUST00209,19,1117.0,1.0,fashion,CA,desktop,1,0,1347.63,2.0,2.0,679.07,0
TXN0001613,CUST00474,0,393.0,2.0,restaurant,US,mobile,0,0,1297.97,2.0,5.0,553.65,0
TXN0001614,CUST00417,19,1055.0,2.0,travel,CA,mobile,1,1,582.23,1.0,6.0,277.62,0
TXN0001615,CUST00346,8,2910.0,0.0,restaurant,US,desktop,0,0,232.28,1.0,4.0,260.5,0
TXN0001616,CUST00528,21,709.0,0.0,travel,CA,mobile,1,1,75.04,0.0,4.0,163.69,0
TXN0001617,CUST00639,14,593.0,0.0,online_services,US,mobile,0,1,567.06,1.0,3.0,612.94,0
TXN0001618,CUST00938,0,285.0,0.0,grocery,US,desktop,0,0,460.98,0.0,1.0,389.07,0
TXN0001619,CUST00954,11,112.0,3.0,grocery,US,tablet,0,0,590.01,3.0,7.0,402.27,1
TXN0001620,CUST00875,2,218.0,0.0,travel,AU,mobile,1,1,915.61,3.0,14.0,438.57,1
TXN0001621,CUST00762,10,602.0,0.0,fashion,UK,mobile,1,0,402.13,0.0,2.0,549.59,0
TXN0001622,CUST00178,1,71.0,0.0,fashion,AU,mobile,1,0,259.95,1.0,8.0,183.01,0
TXN0001623,CUST00181,15,1236.0,0.0,fashion,US,desktop,0,0,1246.79,0.0,1.0,427.02,0
TXN0001624,CUST00663,8,1046.0,0.0,electronics,US,desktop,0,0,125.02,0.0,1.0,404.08,0
TXN0001625,CUST00024,14,1220.0,0.0,fuel,US,mobile,0,0,44.87,1.0,1.0,179.03,0
TXN0001626,CUST00966,11,517.0,0.0,fuel,US,mobile,0,0,337.59,0.0,4.0,386.14,0
TXN0001627,CUST00179,0,175.0,0.0,fuel,CA,mobile,1,0,320.4,2.0,6.0,422.73,0
TXN0001628,CUST00709,12,1117.0,0.0,fashion,US,desktop,0,0,178.41,1.0,3.0,454.82,0
TXN0001629,CUST00500,13,219.0,0.0,grocery,US,mobile,0,0,289.46,0.0,5.0,411.52,0
TXN0001630,CUST00855,7,30.0,2.0,online_services,US,desktop,0,1,399.03,2.0,11.0,760.53,1
TXN0001631,CUST00160,7,200.0,0.0,electronics,UK,mobile,1,0,62.45,1.0,2.0,294.16,0
TXN0001632,CUST00176,11,314.0,0.0,fashion,US,desktop,0,0,533.92,1.0,1.0,855.41,0
TXN0001633,CUST00284,0,386.0,0.0,grocery,IN,mobile,1,0,312.38,2.0,6.0,306.81,0
TXN0001634,CUST00062,10,272.0,0.0,electronics,US,desktop,0,0,181.79,0.0,0.0,388.25,0
TXN0001635,CUST00661,7,796.0,0.0,grocery,CA,tablet,1,0,988.5,0.0,3.0,755.28,0
TXN0001636,CUST00665,9,414.0,0.0,travel,US,tablet,0,1,193.26,1.0,1.0,392.88,0
TXN0001637,CUST00155,18,221.0,0.0,grocery,US,tablet,0,0,393.08,2.0,3.0,485.94,0
TXN0001638,CUST00881,10,1802.0,0.0,electronics,CA,mobile,1,0,111.76,0.0,2.0,339.39,0
TXN0001639,CUST00468,6,531.0,1.0,fashion,US,mobile,0,0,-110.02,0.0,7.0,234.13,0
TXN0001640,CUST00048,10,500.0,0.0,fuel,UK,mobile,1,0,400.05,0.0,1.0,290.99,0
TXN0001641,CUST00966,16,1073.0,0.0,electronics,UK,mobile,1,0,390.55,1.0,1.0,352.46,0
TXN0001642,CUST00848,0,209.0,2.0,fashion,US,mobile,0,0,3215.23,0.0,8.0,633.23,1
TXN0001643,CUST00083,20,1614.0,0.0,fashion,CA,desktop,1,0,99.52,1.0,1.0,267.34,0
TXN0001644,CUST00360,20,581.0,0.0,online_services,UK,desktop,1,1,63.95,2.0,7.0,587.23,0
TXN0001645,CUST00688,7,289.0,0.0,restaurant,CA,mobile,1,0,149.72,1.0,2.0,413.14,0
TXN0001646,CUST00147,22,1351.0,0.0,online_services,US,desktop,0,1,381.13,1.0,3.0,283.28,0
TXN0001647,CUST00629,23,541.0,3.0,travel,US,,0,1,188.26,3.0,6.0,210.19,1
TXN0001648,CUST00341,5,800.0,0.0,restaurant,US,,0,0,,2.0,1.0,349.93,0
TXN0001649,CUST00475,21,61.0,0.0,fuel,AU,mobile,1,0,,2.0,5.0,342.47,0
TXN0001650,CUST00062,17,88.0,1.0,electronics,IN,mobile,1,0,749.04,0.0,7.0,300.62,0
TXN0001651,CUST00700,5,389.0,0.0,restaurant,US,mobile,0,0,121.3,0.0,3.0,529.29,0
TXN0001652,CUST00359,4,410.0,0.0,fuel,US,desktop,0,0,594.77,1.0,4.0,363.34,0
TXN0001653,CUST00560,12,1115.0,0.0,fashion,UK,,1,0,68.34,1.0,1.0,446.51,0
TXN0001654,CUST00326,18,133.0,0.0,electronics,CA,mobile,1,0,522.51,1.0,1.0,333.87,0
TXN0001655,CUST00768,21,1425.0,0.0,restaurant,CA,mobile,1,0,360.34,0.0,3.0,623.91,0
TXN0001656,CUST00735,7,1114.0,0.0,grocery,US,desktop,0,0,166.91,1.0,4.0,581.05,0
TXN0001657,CUST00140,8,1212.0,1.0,fuel,US,mobile,0,0,2945.88,2.0,12.0,964.7,1
TXN0001658,CUST00989,16,169.0,0.0,fuel,US,mobile,0,0,54.04,0.0,2.0,131.01,0
TXN0001659,CUST00214,2,687.0,0.0,travel,US,mobile,0,1,544.1,2.0,4.0,459.3,0
TXN0001660,CUST00434,18,996.0,0.0,grocery,CA,desktop,1,0,101.43,1.0,3.0,326.54,0
TXN0001661,CUST00890,10,611.0,0.0,electronics,US,mobile,0,0,169.63,0.0,1.0,337.81,0
TXN0001662,CUST00951,23,517.0,0.0,restaurant,CA,mobile,1,0,313.95,0.0,1.0,360.09,0
TXN0001663,CUST00722,16,580.0,2.0,fashion,US,mobile,0,0,1751.23,2.0,,2895.99,0
TXN0001664,CUST00317,20,302.0,0.0,restaurant,UK,tablet,1,0,113.9,0.0,1.0,282.61,0
TXN0001665,CUST00031,18,926.0,0.0,online_services,US,mobile,0,1,386.21,2.0,2.0,443.73,0
TXN0001666,CUST00669,1,1171.0,0.0,electronics,US,desktop,0,0,172.25,0.0,2.0,404.11,0
TXN0001667,CUST00284,7,246.0,0.0,electronics,US,mobile,0,0,123.54,0.0,5.0,355.7,0
TXN0001668,CUST00304,18,935.0,1.0,electronics,US,mobile,0,0,219.33,2.0,8.0,577.7,0
TXN0001669,CUST00428,6,248.0,0.0,electronics,AU,tablet,1,0,180.59,0.0,0.0,399.47,0
TXN0001670,CUST00476,16,305.0,0.0,online_services,US,mobile,0,1,87.88,1.0,0.0,592.91,0
TXN0001671,CUST00285,5,90.0,2.0,fuel,CA,desktop,1,0,283.43,3.0,5.0,229.88,1
TXN0001672,CUST00143,18,540.0,0.0,restaurant,IN,tablet,1,0,165.74,2.0,3.0,492.78,0
TXN0001673,CUST00423,23,470.0,0.0,grocery,UK,desktop,1,0,202.31,0.0,4.0,393.46,0
TXN0001674,CUST00018,5,319.0,0.0,fashion,UK,mobile,1,0,157.78,0.0,3.0,1416.9,0
TXN0001675,CUST00017,1,1153.0,4.0,fashion,US,desktop,0,0,751.55,3.0,7.0,532.36,1
TXN0001676,CUST00768,5,1221.0,0.0,travel,US,desktop,0,1,942.07,0.0,1.0,622.02,0
TXN0001677,CUST00589,22,535.0,0.0,fuel,UK,tablet,1,0,143.08,3.0,2.0,998.44,0
TXN0001678,CUST00370,4,448.0,0.0,electronics,UK,desktop,1,0,119.72,1.0,11.0,390.67,0
TXN0001679,CUST00174,18,1612.0,0.0,electronics,US,mobile,0,0,115.73,1.0,1.0,386.15,0
TXN0001680,CUST00193,19,461.0,0.0,electronics,IN,desktop,1,0,26.33,0.0,0.0,857.54,0
TXN0001681,CUST00501,3,241.0,0.0,fuel,US,mobile,0,0,147.26,0.0,5.0,184.32,0
TXN0001682,CUST00987,21,362.0,0.0,grocery,IN,mobile,1,0,1017.51,1.0,1.0,673.97,0
TXN0001683,CUST00112,16,488.0,0.0,electronics,US,desktop,0,0,258.78,0.0,2.0,281.33,0
TXN0001684,CUST00113,10,707.0,0.0,travel,CA,desktop,1,1,177.07,2.0,6.0,175.48,0
TXN0001685,CUST00221,3,190.0,0.0,travel,UK,desktop,1,1,1112.78,2.0,7.0,582.33,0
TXN0001686,CUST00677,12,236.0,0.0,grocery,UK,desktop,1,0,173.49,0.0,4.0,180.27,0
TXN0001687,CUST00946,19,892.0,0.0,fuel,US,mobile,0,0,659.03,1.0,1.0,663.87,0
TXN0001688,CUST00830,16,160.0,0.0,electronics,US,mobile,0,0,221.41,0.0,1.0,302.25,0
TXN0001689,CUST00643,8,812.0,0.0,online_services,US,mobile,0,1,749.19,2.0,2.0,847.18,0
TXN0001690,CUST00896,3,370.0,0.0,restaurant,AU,mobile,1,0,301.9,0.0,11.0,475.82,0
TXN0001691,CUST00263,22,79.0,1.0,restaurant,UK,mobile,1,0,1197.09,4.0,5.0,506.34,1
TXN0001692,CUST00924,13,506.0,0.0,fashion,US,tablet,0,0,216.62,1.0,1.0,604.67,0
TXN0001693,CUST00054,18,472.0,0.0,grocery,US,mobile,0,0,531.32,1.0,1.0,496.91,0
TXN0001694,CUST00870,2,1076.0,0.0,restaurant,UK,mobile,1,0,950.78,0.0,5.0,560.5,0
TXN0001695,CUST00642,13,579.0,0.0,fashion,US,mobile,0,0,375.94,2.0,2.0,636.97,0
TXN0001696,CUST00799,7,985.0,0.0,travel,IN,desktop,1,1,211.66,3.0,2.0,262.19,0
TXN0001697,CUST00777,23,839.0,1.0,fashion,US,mobile,0,0,1867.99,2.0,4.0,614.52,0
TXN0001698,CUST00457,0,1365.0,0.0,electronics,US,mobile,0,0,167.88,0.0,2.0,406.67,0
TXN0001699,CUST00978,9,680.0,1.0,electronics,US,mobile,0,0,2671.87,2.0,5.0,3111.49,0
TXN0001700,CUST00877,17,332.0,0.0,travel,CA,mobile,1,1,163.04,1.0,9.0,303.98,0
TXN0001701,CUST00161,15,1133.0,0.0,grocery,US,desktop,0,0,230.88,0.0,3.0,285.49,0
TXN0001702,CUST00379,7,379.0,0.0,fuel,US,mobile,0,0,490.66,0.0,3.0,299.21,0
TXN0001703,CUST00992,0,1501.0,0.0,electronics,US,mobile,0,0,47.7,2.0,0.0,626.71,0
TXN0001704,CUST00086,11,582.0,0.0,electronics,CA,tablet,1,0,314.78,0.0,3.0,370.36,0
TXN0001705,CUST00054,7,482.0,0.0,fashion,US,mobile,0,0,277.94,2.0,2.0,445.73,0
TXN0001706,CUST00475,23,1057.0,1.0,fashion,US,mobile,0,0,562.76,2.0,6.0,405.1,0
TXN0001707,CUST00799,15,91.0,0.0,fashion,US,desktop,0,0,188.78,0.0,1.0,253.27,0
TXN0001708,CUST00177,17,155.0,0.0,restaurant,IN,desktop,1,0,124.45,0.0,1.0,396.79,0
TXN0001709,CUST00390,3,135.0,0.0,online_services,US,mobile,0,1,113.36,1.0,5.0,460.79,0
TXN0001710,CUST00348,5,1121.0,3.0,travel,CA,desktop,1,1,395.77,3.0,14.0,336.3,1
TXN0001711,CUST00007,11,274.0,0.0,grocery,UK,mobile,1,0,110.31,1.0,3.0,467.6,0
TXN0001712,CUST00832,8,792.0,1.0,,UK,tablet,1,0,951.7,3.0,14.0,785.63,1
TXN0001713,CUST00312,14,320.0,0.0,grocery,CA,desktop,1,0,137.63,0.0,2.0,404.28,0
TXN0001714,CUST00758,15,265.0,0.0,online_services,US,mobile,0,1,463.49,0.0,4.0,230.3,0
TXN0001715,CUST00834,23,837.0,0.0,fashion,US,mobile,0,0,114.76,2.0,1.0,534.31,0
TXN0001716,CUST00983,11,914.0,0.0,electronics,US,mobile,0,0,87.3,0.0,2.0,248.16,0
TXN0001717,CUST00982,23,723.0,0.0,online_services,US,desktop,0,1,205.35,1.0,1.0,425.61,0
TXN0001718,CUST00442,22,527.0,0.0,grocery,AU,desktop,1,0,96.93,0.0,1.0,306.94,0
TXN0001719,CUST00766,13,129.0,0.0,restaurant,AU,tablet,1,0,219.29,2.0,1.0,213.98,0
TXN0001720,CUST00327,12,243.0,0.0,fashion,UK,mobile,1,0,130.18,0.0,1.0,290.65,0
TXN0001721,CUST00053,1,293.0,0.0,fuel,AU,desktop,1,0,89.22,4.0,5.0,325.4,0
TXN0001722,CUST00760,2,302.0,0.0,travel,IN,mobile,1,1,304.01,5.0,4.0,221.5,1
TXN0001723,CUST00238,23,869.0,0.0,electronics,CA,mobile,1,0,625.78,1.0,0.0,346.78,0
TXN0001724,CUST00228,21,802.0,0.0,online_services,US,desktop,0,1,428.73,0.0,0.0,400.63,0
TXN0001725,CUST00578,9,706.0,0.0,online_services,US,mobile,0,1,85.77,0.0,1.0,319.89,0
TXN0001726,CUST00050,8,372.0,0.0,fashion,IN,mobile,1,0,129.76,0.0,3.0,477.7,0
TXN0001727,CUST00608,19,265.0,0.0,online_services,UK,desktop,1,1,803.5,1.0,11.0,699.8,0
TXN0001728,CUST00603,7,1082.0,0.0,grocery,CA,mobile,1,0,239.04,0.0,2.0,672.64,0
TXN0001729,CUST00263,9,1619.0,0.0,fashion,US,tablet,0,0,185.94,0.0,0.0,476.1,0
TXN0001730,CUST00417,18,654.0,0.0,electronics,US,mobile,0,0,266.65,0.0,0.0,348.71,0
TXN0001731,CUST00802,2,322.0,0.0,travel,US,mobile,0,1,302.14,3.0,6.0,475.88,0
TXN0001732,CUST00095,23,848.0,0.0,travel,US,mobile,0,1,242.59,0.0,3.0,489.5,0
TXN0001733,CUST00087,4,412.0,0.0,travel,AU,mobile,1,1,358.8,2.0,9.0,222.67,0
TXN0001734,CUST00077,2,508.0,1.0,fuel,US,tablet,0,0,164.11,4.0,4.0,167.23,1
TXN0001735,CUST00287,15,360.0,0.0,electronics,US,mobile,0,0,240.8,0.0,5.0,587.62,0
TXN0001736,CUST00119,16,1610.0,0.0,fuel,US,mobile,0,0,55.73,2.0,3.0,735.0,0
TXN0001737,CUST00813,14,990.0,0.0,fuel,US,mobile,0,0,165.48,2.0,7.0,202.56,0
TXN0001738,CUST00490,2,795.0,0.0,online_services,US,desktop,0,1,144.86,0.0,4.0,232.69,0
TXN0001739,CUST00911,11,77.0,0.0,fashion,IN,mobile,1,0,137.0,2.0,6.0,266.69,0
TXN0001740,CUST00451,8,453.0,0.0,electronics,CA,desktop,1,0,343.61,2.0,2.0,236.27,0
TXN0001741,CUST00499,20,725.0,0.0,electronics,UK,desktop,1,0,206.3,0.0,0.0,270.79,0
TXN0001742,CUST00164,11,198.0,0.0,online_services,AU,mobile,1,1,357.34,2.0,5.0,439.19,0
TXN0001743,CUST00181,14,775.0,0.0,fashion,IN,tablet,1,0,58.12,0.0,1.0,485.46,0
TXN0001744,CUST00468,1,191.0,0.0,restaurant,US,desktop,0,0,448.22,2.0,2.0,212.26,0
TXN0001745,CUST00909,22,423.0,0.0,fuel,US,mobile,0,0,510.79,1.0,2.0,389.54,0
TXN0001746,CUST00734,17,848.0,1.0,travel,US,desktop,0,1,494.81,3.0,12.0,1348.79,1
TXN0001747,CUST00822,19,549.0,0.0,grocery,US,desktop,0,0,1151.32,0.0,1.0,474.27,0
TXN0001748,CUST00943,11,404.0,0.0,fuel,US,desktop,0,0,419.95,0.0,2.0,526.9,0
TXN0001749,CUST00977,22,1256.0,0.0,grocery,US,mobile,0,0,238.1,0.0,2.0,544.25,0
TXN0001750,CUST00006,3,762.0,0.0,fashion,US,desktop,0,0,769.37,2.0,2.0,376.55,0
TXN0001751,CUST00329,22,772.0,0.0,grocery,AU,mobile,1,0,261.73,4.0,3.0,598.02,0
TXN0001752,CUST00774,15,735.0,0.0,restaurant,CA,mobile,1,0,116.89,1.0,1.0,343.87,0
TXN0001753,CUST00672,22,672.0,0.0,electronics,US,desktop,0,0,468.2,1.0,5.0,,0
TXN0001754,CUST00150,15,786.0,0.0,travel,CA,desktop,1,1,821.16,5.0,3.0,628.97,0
TXN0001755,CUST00084,0,1337.0,0.0,grocery,CA,mobile,1,0,71.71,1.0,7.0,209.15,0
TXN0001756,CUST00146,21,869.0,0.0,grocery,US,mobile,0,0,168.91,2.0,7.0,396.41,0
TXN0001757,CUST00623,1,799.0,0.0,fashion,UK,desktop,1,0,162.8,2.0,5.0,448.59,0
TXN0001758,CUST00380,2,709.0,0.0,fashion,US,tablet,0,0,88.2,0.0,0.0,239.77,0
TXN0001759,CUST00914,20,1393.0,0.0,online_services,US,mobile,0,1,195.25,0.0,3.0,383.71,0
TXN0001760,CUST00547,19,122.0,0.0,electronics,US,mobile,0,0,130.85,0.0,3.0,121.79,0
TXN0001761,CUST00284,16,273.0,0.0,travel,US,desktop,0,1,342.67,0.0,2.0,374.1,0
TXN0001762,CUST00699,19,1670.0,0.0,online_services,US,mobile,0,1,363.28,1.0,2.0,249.05,0
TXN0001763,CUST00081,21,458.0,2.0,online_services,US,mobile,0,1,522.75,5.0,6.0,396.0,1
TXN0001764,CUST00513,20,113.0,0.0,grocery,IN,desktop,1,0,289.69,0.0,1.0,313.38,0
TXN0001765,CUST00896,0,562.0,0.0,electronics,UK,mobile,1,0,815.48,3.0,6.0,386.71,0
TXN0001766,CUST00814,19,258.0,0.0,travel,UK,mobile,1,1,1226.65,0.0,5.0,327.87,0
TXN0001767,CUST00708,5,698.0,0.0,electronics,CA,desktop,1,0,398.2,0.0,5.0,1041.73,0
TXN0001768,CUST00915,14,258.0,1.0,grocery,UK,mobile,1,0,403.75,2.0,5.0,266.38,0
TXN0001769,CUST00522,13,1065.0,0.0,fashion,US,mobile,0,0,306.02,0.0,2.0,319.08,0
TXN0001770,CUST00745,19,910.0,0.0,fashion,AU,mobile,1,0,250.81,0.0,2.0,634.36,0
TXN0001771,CUST00385,14,677.0,0.0,fashion,CA,mobile,1,0,422.44,0.0,1.0,528.75,0
TXN0001772,CUST00706,13,437.0,0.0,restaurant,US,mobile,0,0,120.55,1.0,0.0,174.76,0
TXN0001773,CUST00470,20,869.0,0.0,electronics,US,mobile,0,0,444.24,2.0,0.0,301.73,0
TXN0001774,CUST00118,23,1003.0,0.0,grocery,UK,desktop,1,0,261.29,0.0,1.0,334.13,0
TXN0001775,CUST00395,4,537.0,0.0,electronics,US,desktop,0,0,228.67,1.0,5.0,384.82,0
TXN0001776,CUST00531,5,378.0,0.0,fashion,US,mobile,0,0,236.05,1.0,2.0,318.44,0
TXN0001777,CUST00260,16,710.0,0.0,fuel,US,mobile,0,0,719.26,0.0,2.0,500.17,0
TXN0001778,CUST00804,10,473.0,0.0,fuel,AU,mobile,1,0,2182.8,0.0,1.0,450.81,0
TXN0001779,CUST00933,15,556.0,0.0,electronics,US,desktop,0,0,268.96,2.0,0.0,515.86,0
TXN0001780,CUST00255,11,804.0,0.0,travel,US,mobile,0,1,136.29,2.0,1.0,195.05,0
TXN0001781,CUST00733,14,193.0,0.0,fuel,US,desktop,0,0,242.42,1.0,4.0,303.0,0
TXN0001782,CUST00904,22,976.0,0.0,fuel,CA,mobile,1,0,313.29,0.0,1.0,400.77,0
TXN0001783,CUST00225,3,514.0,1.0,electronics,AU,tablet,1,0,933.5,2.0,5.0,569.17,0
TXN0001784,CUST00052,17,81.0,0.0,online_services,US,mobile,0,1,848.52,1.0,8.0,373.27,0
TXN0001785,CUST00939,20,287.0,0.0,restaurant,US,desktop,0,0,212.4,0.0,7.0,707.59,0
TXN0001786,CUST00866,2,202.0,0.0,restaurant,US,desktop,0,0,719.45,1.0,1.0,337.58,0
TXN0001787,CUST00499,21,594.0,0.0,fashion,CA,mobile,1,0,197.19,0.0,0.0,264.21,0
TXN0001788,CUST00505,7,504.0,0.0,grocery,UK,desktop,1,0,465.84,0.0,3.0,382.48,0
TXN0001789,CUST00853,22,312.0,0.0,online_services,UK,desktop,1,1,73.1,3.0,5.0,449.34,0
TXN0001790,CUST00363,2,1998.0,0.0,travel,US,desktop,0,1,155.54,3.0,4.0,223.16,0
TXN0001791,CUST00279,7,522.0,0.0,online_services,US,desktop,0,1,309.33,2.0,3.0,436.12,0
TXN0001792,CUST00592,17,434.0,0.0,grocery,US,mobile,0,0,238.65,0.0,2.0,345.02,0
TXN0001793,CUST00713,9,386.0,2.0,grocery,IN,mobile,1,0,1913.78,3.0,11.0,625.3,1
TXN0001794,CUST00157,19,1634.0,0.0,travel,UK,mobile,1,1,303.49,2.0,6.0,308.96,0
TXN0001795,CUST00631,16,192.0,0.0,restaurant,UK,desktop,1,0,706.04,0.0,1.0,532.63,0
TXN0001796,CUST00058,7,319.0,0.0,online_services,AU,mobile,1,1,361.23,2.0,3.0,495.45,0
TXN0001797,CUST00726,22,1519.0,1.0,fuel,AU,desktop,1,0,349.43,1.0,8.0,309.42,1
TXN0001798,CUST00127,10,618.0,1.0,fashion,US,mobile,0,0,678.28,0.0,10.0,347.44,0
TXN0001799,CUST00735,4,353.0,0.0,electronics,US,mobile,0,0,220.54,2.0,2.0,631.99,0
TXN0001800,CUST00720,12,1591.0,2.0,restaurant,AU,mobile,1,0,2297.68,2.0,8.0,972.73,0
TXN0001801,CUST00881,20,691.0,1.0,fashion,IN,mobile,1,0,688.92,1.0,10.0,293.71,1
TXN0001802,CUST00114,22,611.0,0.0,fuel,US,mobile,0,0,219.38,1.0,3.0,338.39,0
TXN0001803,CUST00208,4,241.0,0.0,restaurant,AU,mobile,1,0,177.8,1.0,7.0,417.58,0
TXN0001804,CUST00525,23,371.0,0.0,online_services,US,mobile,0,1,269.83,0.0,1.0,568.31,0
TXN0001805,CUST00520,12,106.0,0.0,travel,US,desktop,0,1,412.32,0.0,0.0,620.39,0
TXN0001806,CUST00551,5,725.0,0.0,grocery,US,mobile,0,0,428.81,2.0,3.0,290.2,0
TXN0001807,CUST00961,4,1194.0,0.0,travel,CA,mobile,1,1,558.2,0.0,3.0,363.43,0
TXN0001808,CUST00236,8,226.0,0.0,fuel,UK,desktop,1,0,49.34,0.0,0.0,167.13,0
TXN0001809,CUST00280,15,514.0,0.0,electronics,UK,mobile,1,0,305.1,1.0,1.0,466.84,0
TXN0001810,CUST00358,1,447.0,2.0,travel,US,mobile,0,1,783.69,2.0,8.0,279.83,1
TXN0001811,CUST00200,0,141.0,0.0,fuel,US,mobile,0,0,276.49,0.0,4.0,329.11,0
TXN0001812,CUST00757,7,1040.0,0.0,grocery,IN,mobile,1,0,245.91,2.0,3.0,454.35,0
TXN0001813,CUST00277,18,105.0,0.0,restaurant,US,mobile,0,0,312.39,2.0,2.0,556.77,0
TXN0001814,CUST00234,10,313.0,0.0,fashion,UK,mobile,1,0,48.79,0.0,0.0,389.5,0
TXN0001815,CUST00493,11,2069.0,0.0,fuel,CA,mobile,1,0,274.99,1.0,2.0,430.08,0
TXN0001816,CUST00003,11,828.0,0.0,fuel,UK,mobile,1,0,110.48,1.0,1.0,146.25,0
TXN0001817,CUST00665,6,467.0,0.0,online_services,IN,mobile,1,1,631.29,1.0,2.0,348.23,0
TXN0001818,CUST00441,12,119.0,0.0,electronics,US,mobile,0,0,270.07,0.0,1.0,482.28,0
TXN0001819,CUST00028,7,1057.0,,restaurant,UK,mobile,1,0,137.09,1.0,2.0,195.38,0
TXN0001820,CUST00108,21,1292.0,0.0,fuel,US,mobile,0,0,95.04,1.0,2.0,493.21,0
TXN0001821,CUST00609,8,135.0,1.0,fuel,US,desktop,0,0,532.67,5.0,9.0,542.46,1
TXN0001822,CUST00726,6,820.0,0.0,fashion,US,desktop,0,0,146.36,0.0,3.0,336.66,0
TXN0001823,CUST00804,20,1046.0,0.0,grocery,US,desktop,0,0,252.66,1.0,1.0,437.77,0
TXN0001824,CUST00074,23,1246.0,0.0,travel,AU,desktop,1,1,94.18,0.0,7.0,774.6,0
TXN0001825,CUST00837,14,583.0,0.0,online_services,UK,desktop,1,1,296.95,1.0,5.0,481.95,0
TXN0001826,CUST00145,1,423.0,0.0,restaurant,US,mobile,0,0,545.84,0.0,1.0,376.88,0
TXN0001827,CUST00127,22,136.0,0.0,fashion,US,mobile,0,0,591.55,0.0,2.0,331.19,0
TXN0001828,CUST00852,19,394.0,0.0,fashion,US,mobile,0,0,179.95,0.0,1.0,347.79,0
TXN0001829,CUST00041,11,486.0,0.0,travel,UK,mobile,1,1,239.28,0.0,6.0,426.58,0
TXN0001830,CUST00355,0,192.0,0.0,restaurant,CA,mobile,1,0,144.11,2.0,5.0,269.26,0
TXN0001831,CUST00040,22,343.0,0.0,restaurant,US,tablet,0,0,93.21,0.0,4.0,440.36,0
TXN0001832,CUST00933,21,577.0,0.0,online_services,US,tablet,0,1,159.07,0.0,4.0,646.16,0
TXN0001833,CUST00033,7,293.0,0.0,grocery,US,mobile,0,0,57.73,0.0,2.0,349.9,0
TXN0001834,CUST00016,4,430.0,0.0,restaurant,US,mobile,0,0,50.38,2.0,0.0,277.69,0
TXN0001835,CUST00676,14,557.0,0.0,online_services,UK,mobile,1,1,311.69,0.0,11.0,333.88,0
TXN0001836,CUST00152,0,559.0,2.0,fuel,US,desktop,0,0,914.5,0.0,7.0,689.76,0
TXN0001837,CUST00997,0,246.0,0.0,travel,US,desktop,0,1,649.22,0.0,3.0,401.77,0
TXN0001838,CUST00377,9,264.0,0.0,restaurant,US,mobile,0,0,771.34,0.0,2.0,322.59,0
TXN0001839,CUST00587,21,139.0,0.0,grocery,US,desktop,0,0,283.06,0.0,2.0,456.75,0
TXN0001840,CUST00598,9,1228.0,0.0,fashion,US,desktop,0,0,115.07,0.0,4.0,542.38,0
TXN0001841,CUST00628,20,429.0,0.0,fuel,CA,mobile,1,0,114.76,0.0,4.0,456.58,0
TXN0001842,CUST00873,14,324.0,0.0,restaurant,UK,mobile,1,0,106.47,2.0,1.0,824.39,0
TXN0001843,CUST00341,16,509.0,0.0,travel,UK,tablet,1,1,299.31,2.0,9.0,341.71,0
TXN0001844,CUST00980,21,1026.0,0.0,restaurant,US,desktop,0,0,134.17,1.0,3.0,326.3,0
TXN0001845,CUST00026,5,444.0,0.0,online_services,US,mobile,0,1,79.52,0.0,1.0,107.88,0
TXN0001846,CUST00824,2,449.0,1.0,electronics,US,mobile,0,0,933.52,3.0,7.0,688.89,1
TXN0001847,CUST00286,12,109.0,0.0,grocery,US,mobile,0,0,486.95,1.0,1.0,516.11,0
TXN0001848,CUST00645,15,1655.0,0.0,fashion,US,desktop,0,0,134.65,0.0,2.0,195.97,0
TXN0001849,CUST00730,7,682.0,0.0,electronics,US,mobile,0,0,238.03,1.0,4.0,979.89,0
TXN0001850,CUST00167,14,45.0,0.0,travel,US,mobile,0,1,2007.84,4.0,5.0,509.35,0
TXN0001851,CUST00609,16,148.0,0.0,restaurant,US,mobile,0,0,516.28,0.0,3.0,513.03,0
TXN0001852,CUST00267,16,388.0,0.0,grocery,CA,mobile,1,0,116.97,0.0,3.0,367.68,0
TXN0001853,CUST00748,21,846.0,1.0,fuel,US,mobile,0,0,2668.66,1.0,10.0,521.06,1
TXN0001854,CUST00820,12,486.0,0.0,online_services,US,mobile,0,1,434.71,2.0,2.0,319.79,0
TXN0001855,CUST00454,16,413.0,0.0,online_services,US,mobile,0,1,897.94,0.0,5.0,501.5,0
TXN0001856,CUST00905,5,1747.0,2.0,restaurant,UK,desktop,1,0,619.3,3.0,9.0,420.02,1
TXN0001857,CUST00684,16,592.0,0.0,restaurant,UK,mobile,1,0,123.53,1.0,4.0,564.74,0
TXN0001858,CUST00400,15,169.0,0.0,restaurant,US,mobile,0,0,237.09,0.0,1.0,432.52,0
TXN0001859,CUST00921,13,862.0,0.0,fuel,CA,desktop,1,0,79.15,1.0,0.0,529.78,0
TXN0001860,CUST00980,12,710.0,0.0,restaurant,US,mobile,0,0,474.57,0.0,1.0,485.9,0
TXN0001861,CUST00475,5,363.0,0.0,grocery,UK,mobile,1,0,157.23,1.0,0.0,347.18,0
TXN0001862,CUST00701,2,916.0,0.0,fuel,UK,mobile,1,0,334.38,3.0,11.0,183.3,1
TXN0001863,CUST00633,13,1216.0,1.0,fuel,CA,desktop,1,0,3119.91,3.0,11.0,761.48,1
TXN0001864,CUST00557,13,1116.0,0.0,electronics,UK,desktop,1,0,165.64,1.0,5.0,574.04,0
TXN0001865,CUST00575,14,507.0,0.0,travel,US,mobile,0,1,244.63,0.0,1.0,1064.08,0
TXN0001866,CUST00129,7,509.0,0.0,fuel,US,desktop,0,0,168.39,0.0,1.0,382.2,0
TXN0001867,CUST00821,14,1668.0,0.0,electronics,US,tablet,0,0,217.8,0.0,2.0,525.88,0
TXN0001868,CUST00362,21,199.0,0.0,grocery,IN,mobile,1,0,202.84,0.0,0.0,287.8,0
TXN0001869,CUST00704,12,207.0,0.0,travel,US,desktop,0,1,544.45,1.0,2.0,331.53,0
TXN0001870,CUST00818,16,641.0,0.0,fuel,US,mobile,0,0,498.28,0.0,1.0,628.19,0
TXN0001871,CUST00692,20,958.0,0.0,fashion,US,mobile,0,0,204.01,0.0,0.0,333.47,0
TXN0001872,CUST00291,23,129.0,2.0,electronics,US,mobile,0,0,768.28,3.0,7.0,1411.4,1
TXN0001873,CUST00370,2,1566.0,1.0,grocery,UK,desktop,1,0,680.55,1.0,7.0,369.2,0
TXN0001874,CUST00793,5,1544.0,0.0,grocery,US,mobile,0,0,759.18,0.0,1.0,314.74,0
TXN0001875,CUST00028,4,1038.0,0.0,grocery,US,mobile,0,0,31.74,0.0,0.0,157.15,0
TXN0001876,CUST00148,21,413.0,0.0,online_services,US,mobile,0,1,130.59,2.0,1.0,288.43,0
TXN0001877,CUST00778,16,288.0,0.0,travel,UK,mobile,1,1,343.97,1.0,9.0,477.44,0
TXN0001878,CUST00295,22,135.0,2.0,restaurant,US,desktop,0,0,1360.09,1.0,5.0,600.99,0
TXN0001879,CUST00010,1,245.0,0.0,fashion,US,mobile,0,0,675.34,0.0,2.0,420.85,0
TXN0001880,CUST00511,14,531.0,0.0,travel,UK,mobile,1,1,244.71,2.0,3.0,188.21,0
TXN0001881,CUST00675,4,1554.0,0.0,travel,US,mobile,0,1,152.63,1.0,10.0,455.4,0
TXN0001882,CUST00112,19,427.0,0.0,fuel,US,mobile,0,0,239.42,0.0,2.0,367.32,0
TXN0001883,CUST00186,5,714.0,0.0,online_services,CA,mobile,1,1,,1.0,6.0,310.13,0
TXN0001884,CUST00806,5,594.0,0.0,electronics,US,desktop,0,0,149.65,1.0,2.0,467.47,0
TXN0001885,CUST00743,17,760.0,1.0,fashion,US,mobile,0,0,684.37,2.0,10.0,369.23,1
TXN0001886,CUST00226,17,320.0,0.0,grocery,US,mobile,0,0,192.52,2.0,2.0,437.42,0
TXN0001887,CUST00309,3,305.0,0.0,travel,US,mobile,0,1,663.53,4.0,5.0,2378.67,0
TXN0001888,CUST00097,16,1604.0,0.0,fashion,US,desktop,0,0,96.6,3.0,2.0,182.98,0
TXN0001889,CUST00054,13,550.0,0.0,electronics,CA,mobile,1,0,32.48,0.0,1.0,552.18,0
TXN0001890,CUST00622,13,443.0,0.0,restaurant,AU,desktop,1,0,221.7,1.0,2.0,403.13,0
TXN0001891,CUST00663,12,,0.0,fashion,US,mobile,0,0,401.9,0.0,3.0,428.04,0
TXN0001892,CUST00757,6,836.0,1.0,online_services,US,desktop,0,1,514.79,4.0,6.0,336.31,1
TXN0001893,CUST00405,11,949.0,0.0,online_services,US,mobile,0,1,56.33,1.0,2.0,95.61,0
TXN0001894,CUST00068,22,310.0,0.0,grocery,UK,desktop,1,0,411.39,0.0,0.0,718.8,0
TXN0001895,CUST00311,14,543.0,0.0,online_services,US,mobile,0,1,171.46,0.0,0.0,350.78,0
TXN0001896,CUST00288,18,1432.0,0.0,travel,US,mobile,0,1,293.03,1.0,1.0,319.59,0
TXN0001897,CUST00761,10,397.0,0.0,restaurant,CA,mobile,1,0,193.33,2.0,2.0,175.61,0
TXN0001898,CUST00547,14,249.0,0.0,electronics,US,desktop,0,0,41.74,0.0,5.0,162.03,0
TXN0001899,CUST00750,11,726.0,0.0,grocery,US,mobile,0,0,317.25,0.0,2.0,368.27,0
TXN0001900,CUST00147,2,571.0,0.0,restaurant,US,desktop,0,0,385.77,0.0,1.0,321.56,0
TXN0001901,CUST00466,16,335.0,0.0,fuel,UK,tablet,1,0,209.37,0.0,3.0,430.47,0
TXN0001902,CUST00738,2,1044.0,0.0,fuel,US,mobile,0,0,99.29,0.0,3.0,894.03,0
TXN0001903,CUST00243,18,334.0,0.0,electronics,US,tablet,0,0,1065.58,2.0,2.0,711.52,0
TXN0001904,CUST00490,19,340.0,0.0,grocery,US,mobile,0,0,334.41,1.0,1.0,175.36,0
TXN0001905,CUST00848,3,289.0,0.0,online_services,AU,desktop,1,1,238.26,1.0,9.0,849.43,0
TXN0001906,CUST00957,2,241.0,0.0,travel,US,tablet,0,1,1540.78,1.0,5.0,497.48,0
TXN0001907,CUST00506,15,131.0,0.0,electronics,US,tablet,0,0,150.0,0.0,3.0,289.18,0
TXN0001908,CUST00364,11,91.0,0.0,online_services,CA,mobile,1,1,710.27,2.0,9.0,520.33,0
TXN0001909,CUST00481,7,279.0,2.0,restaurant,US,desktop,0,0,1459.6,2.0,8.0,424.15,0
TXN0001910,CUST00200,23,772.0,0.0,grocery,US,mobile,0,0,325.07,1.0,3.0,335.99,0
TXN0001911,CUST00153,16,444.0,0.0,fuel,US,mobile,0,0,744.19,0.0,2.0,727.68,0
TXN0001912,CUST00449,6,1218.0,0.0,fuel,US,mobile,0,0,56.91,0.0,3.0,498.88,0
TXN0001913,CUST00500,10,379.0,0.0,fashion,US,mobile,0,0,386.95,0.0,3.0,371.94,0
TXN0001914,CUST00072,17,703.0,0.0,grocery,CA,desktop,1,0,186.76,0.0,2.0,251.2,0
TXN0001915,CUST00712,0,74.0,0.0,restaurant,US,mobile,0,0,5440.11,1.0,5.0,1809.41,0
TXN0001916,CUST00295,2,138.0,1.0,restaurant,IN,tablet,1,0,151.65,2.0,5.0,763.17,0
TXN0001917,CUST00016,3,166.0,0.0,fashion,UK,desktop,1,0,314.11,0.0,9.0,348.56,0
TXN0001918,CUST00640,12,271.0,0.0,online_services,IN,desktop,1,1,332.38,2.0,9.0,194.24,0
TXN0001919,CUST00216,5,961.0,0.0,restaurant,US,desktop,0,0,151.47,1.0,1.0,451.47,0
TXN0001920,CUST00060,13,483.0,0.0,online_services,US,desktop,0,1,198.9,0.0,1.0,168.25,0
TXN0001921,CUST00938,4,715.0,0.0,online_services,UK,mobile,1,1,441.95,3.0,6.0,328.01,0
TXN0001922,CUST00615,15,383.0,1.0,grocery,CA,mobile,1,0,323.9,2.0,13.0,195.65,1
TXN0001923,CUST00041,14,696.0,1.0,online_services,AU,mobile,1,1,407.06,4.0,5.0,379.27,1
TXN0001924,CUST00024,14,128.0,0.0,fuel,US,mobile,0,0,215.21,0.0,0.0,172.56,0
TXN0001925,CUST00038,3,560.0,0.0,electronics,US,mobile,0,0,419.97,0.0,3.0,417.46,0
TXN0001926,CUST00802,7,60.0,0.0,fuel,AU,desktop,1,0,144.83,4.0,5.0,466.46,0
TXN0001927,CUST00130,15,387.0,0.0,online_services,AU,mobile,1,1,37.69,4.0,10.0,510.59,1
TXN0001928,CUST00497,15,308.0,1.0,fuel,US,mobile,0,0,635.61,3.0,5.0,360.54,0
TXN0001929,CUST00228,3,698.0,0.0,grocery,UK,mobile,1,0,307.04,0.0,6.0,526.95,0
TXN0001930,CUST00107,12,108.0,0.0,online_services,UK,mobile,1,1,201.35,2.0,9.0,236.57,0
TXN0001931,CUST00171,12,190.0,0.0,restaurant,US,desktop,0,0,253.19,0.0,1.0,,0
TXN0001932,CUST00434,1,1038.0,0.0,fashion,IN,desktop,1,0,511.55,1.0,6.0,349.96,0
TXN0001933,CUST00477,2,314.0,0.0,fashion,US,tablet,0,0,231.69,0.0,2.0,342.09,0
TXN0001934,CUST00101,21,146.0,0.0,travel,UK,mobile,1,1,470.23,4.0,5.0,418.5,0
TXN0001935,CUST00865,7,594.0,0.0,fashion,,mobile,1,0,313.64,1.0,1.0,495.48,0
TXN0001936,CUST00523,23,329.0,0.0,fashion,US,mobile,0,0,115.34,2.0,4.0,216.76,0
TXN0001937,CUST00274,14,561.0,0.0,restaurant,AU,tablet,1,0,597.59,0.0,0.0,445.37,0
TXN0001938,CUST00612,10,252.0,0.0,electronics,UK,mobile,1,0,83.24,0.0,1.0,473.49,0
TXN0001939,CUST00043,8,1667.0,0.0,electronics,CA,mobile,1,0,45.93,0.0,3.0,160.33,0
TXN0001940,CUST00954,6,402.0,0.0,restaurant,US,mobile,0,0,265.05,0.0,4.0,489.84,0
TXN0001941,CUST00816,12,603.0,0.0,fashion,US,mobile,0,0,395.18,0.0,1.0,245.44,0
TXN0001942,CUST00956,1,493.0,0.0,grocery,UK,mobile,1,0,374.02,3.0,4.0,513.63,0
TXN0001943,CUST00016,7,96.0,0.0,fuel,US,desktop,0,0,93.12,0.0,3.0,305.81,0
TXN0001944,CUST00329,6,205.0,0.0,online_services,US,desktop,0,1,275.0,2.0,2.0,420.35,0
TXN0001945,CUST00568,23,93.0,0.0,fuel,US,mobile,0,0,64.78,0.0,2.0,263.4,0
TXN0001946,CUST00822,11,116.0,0.0,electronics,US,mobile,0,0,323.55,1.0,2.0,437.45,0
TXN0001947,CUST00496,18,1426.0,0.0,restaurant,UK,mobile,1,0,262.71,0.0,3.0,408.33,0
TXN0001948,CUST00814,6,614.0,0.0,grocery,UK,desktop,1,0,377.93,0.0,1.0,376.1,0
TXN0001949,CUST00011,9,1181.0,0.0,fashion,CA,desktop,1,0,459.97,0.0,1.0,597.44,0
TXN0001950,CUST00317,15,576.0,0.0,restaurant,UK,desktop,1,0,374.73,1.0,2.0,270.7,0
TXN0001951,CUST00591,2,1046.0,2.0,electronics,CA,mobile,1,0,271.95,1.0,10.0,498.92,1
TXN0001952,CUST00215,9,222.0,0.0,online_services,US,desktop,0,1,162.78,0.0,3.0,182.34,0
TXN0001953,CUST00338,5,299.0,0.0,grocery,CA,tablet,1,0,98.37,0.0,1.0,567.07,0
TXN0001954,CUST00775,17,681.0,0.0,grocery,US,desktop,0,0,32.06,3.0,2.0,330.68,0
TXN0001955,CUST00990,17,203.0,1.0,electronics,US,mobile,0,0,1544.37,1.0,4.0,1073.86,0
TXN0001956,CUST00660,4,1471.0,1.0,grocery,US,desktop,0,0,787.92,1.0,5.0,504.08,0
TXN0001957,CUST00080,20,449.0,1.0,fuel,US,desktop,0,0,407.69,1.0,6.0,533.03,0
TXN0001958,CUST00726,6,1157.0,0.0,online_services,US,mobile,0,1,130.6,0.0,3.0,404.87,0
TXN0001959,CUST00484,1,255.0,0.0,electronics,US,mobile,0,0,238.32,0.0,0.0,595.66,0
TXN0001960,CUST00373,10,382.0,0.0,fuel,US,desktop,0,0,157.59,2.0,1.0,323.92,0
TXN0001961,CUST00975,12,276.0,0.0,restaurant,US,desktop,0,0,590.27,1.0,1.0,342.79,0
TXN0001962,CUST00709,22,1310.0,0.0,travel,US,tablet,0,1,179.78,0.0,1.0,447.96,0
TXN0001963,CUST00199,4,115.0,0.0,online_services,US,mobile,0,1,124.61,1.0,7.0,205.75,0
TXN0001964,CUST00536,5,1117.0,0.0,fashion,US,desktop,0,0,345.51,0.0,4.0,306.8,0
TXN0001965,CUST00465,23,803.0,0.0,restaurant,US,mobile,0,0,118.22,1.0,0.0,821.49,0
TXN0001966,CUST00088,13,127.0,0.0,fuel,AU,tablet,1,0,430.67,1.0,1.0,-190.6,0
TXN0001967,CUST00267,11,789.0,0.0,fashion,UK,mobile,1,0,233.48,1.0,2.0,405.47,0
TXN0001968,CUST00654,3,373.0,0.0,fashion,AU,mobile,1,0,507.08,2.0,6.0,645.14,0
TXN0001969,CUST00570,22,280.0,0.0,fuel,UK,mobile,1,0,543.68,0.0,2.0,479.92,0
TXN0001970,CUST00921,5,347.0,0.0,fuel,CA,desktop,1,0,86.2,0.0,1.0,538.76,0
TXN0001971,CUST00488,9,160.0,0.0,online_services,US,mobile,0,1,257.86,0.0,3.0,227.41,0
TXN0001972,CUST00876,17,30.0,1.0,electronics,US,desktop,0,0,838.52,1.0,8.0,811.82,1
TXN0001973,CUST00537,14,1673.0,0.0,travel,US,mobile,0,1,223.22,2.0,0.0,174.36,0
TXN0001974,CUST00046,7,581.0,1.0,online_services,US,mobile,0,1,1526.62,3.0,14.0,557.83,1
TXN0001975,CUST00287,8,1752.0,0.0,fuel,UK,mobile,1,0,241.65,0.0,2.0,642.22,0
TXN0001976,CUST00777,4,195.0,0.0,fashion,AU,mobile,1,0,80.76,4.0,7.0,586.62,0
TXN0001977,CUST00015,9,431.0,0.0,fashion,CA,mobile,1,0,169.46,0.0,3.0,254.05,0
TXN0001978,CUST00710,19,124.0,0.0,restaurant,US,desktop,0,0,139.75,1.0,2.0,193.89,0
TXN0001979,CUST00400,5,765.0,0.0,travel,IN,mobile,1,1,175.95,4.0,4.0,379.86,0
TXN0001980,CUST00918,15,500.0,0.0,travel,IN,mobile,1,1,241.8,2.0,7.0,394.29,0
TXN0001981,CUST00793,23,324.0,1.0,fashion,US,mobile,0,0,410.48,2.0,6.0,412.1,0
TXN0001982,CUST00980,2,113.0,1.0,travel,AU,mobile,1,1,978.03,1.0,6.0,394.51,1
TXN0001983,CUST00085,9,558.0,1.0,restaurant,US,mobile,0,0,2965.01,0.0,10.0,745.12,1
TXN0001984,CUST00249,10,1224.0,2.0,electronics,US,tablet,0,0,818.7,3.0,5.0,456.0,0
TXN0001985,CUST00390,10,690.0,0.0,fashion,US,mobile,0,0,459.59,0.0,1.0,388.81,0
TXN0001986,CUST00781,16,1189.0,0.0,grocery,CA,desktop,1,0,110.41,0.0,3.0,382.99,0
TXN0001987,CUST00334,3,1472.0,0.0,fashion,US,desktop,0,0,485.08,0.0,2.0,798.11,0
TXN0001988,CUST00628,3,526.0,0.0,fashion,US,mobile,0,0,732.52,0.0,3.0,558.33,0
TXN0001989,CUST00518,16,292.0,0.0,electronics,US,mobile,0,0,651.61,0.0,2.0,417.71,0
TXN0001990,CUST00136,8,797.0,1.0,fuel,US,mobile,0,0,395.34,2.0,2.0,964.12,0
TXN0001991,CUST00882,18,781.0,0.0,fuel,US,mobile,0,0,659.15,0.0,0.0,270.4,0
TXN0001992,CUST00687,4,651.0,0.0,grocery,US,desktop,0,0,1000.29,2.0,1.0,470.35,0
TXN0001993,CUST00839,21,856.0,0.0,grocery,US,desktop,0,0,156.22,2.0,4.0,446.59,0
TXN0001994,CUST00497,23,300.0,0.0,grocery,US,tablet,0,0,428.73,0.0,3.0,411.03,0
TXN0001995,CUST00826,5,282.0,0.0,fuel,US,desktop,0,0,154.39,1.0,0.0,643.94,0
TXN0001996,CUST00726,2,1066.0,4.0,online_services,CA,mobile,1,1,216.64,2.0,5.0,433.35,1
TXN0001997,CUST00476,21,369.0,1.0,electronics,IN,desktop,1,0,581.52,1.0,7.0,506.78,0
TXN0001998,CUST00593,0,715.0,0.0,travel,US,desktop,0,1,156.1,2.0,8.0,534.05,0
TXN0001999,CUST00222,19,547.0,0.0,grocery,US,desktop,0,0,219.43,0.0,1.0,393.48,0
TXN0002000,CUST00989,21,451.0,0.0,travel,IN,desktop,1,1,30.98,1.0,11.0,131.39,0
TXN0002001,CUST00371,15,821.0,0.0,restaurant,US,tablet,0,0,332.74,1.0,1.0,179.63,0
TXN0002002,CUST00934,22,674.0,1.0,electronics,UK,mobile,1,0,760.72,2.0,7.0,333.08,0
TXN0002003,CUST00994,10,391.0,0.0,travel,US,mobile,0,1,446.06,0.0,3.0,399.74,0
TXN0002004,CUST00401,12,1037.0,0.0,fuel,US,desktop,0,0,169.51,0.0,4.0,632.5,0
TXN0002005,CUST00442,9,540.0,0.0,online_services,UK,mobile,1,1,978.79,0.0,4.0,345.26,0
TXN0002006,CUST00489,2,719.0,1.0,fuel,,desktop,1,0,355.25,1.0,10.0,543.61,1
TXN0002007,CUST00614,8,182.0,0.0,grocery,US,mobile,0,0,267.77,2.0,0.0,443.42,0
TXN0002008,CUST00272,11,170.0,0.0,online_services,US,mobile,0,1,111.54,1.0,1.0,835.15,0
TXN0002009,CUST00525,22,118.0,0.0,grocery,CA,mobile,1,0,264.43,0.0,1.0,601.13,0
TXN0002010,CUST00158,13,490.0,0.0,online_services,US,desktop,0,1,303.39,2.0,4.0,349.61,0
TXN0002011,CUST00151,0,189.0,0.0,travel,UK,mobile,1,1,600.45,1.0,10.0,452.17,0
TXN0002012,CUST00994,17,466.0,0.0,fuel,US,desktop,0,0,449.08,1.0,2.0,383.19,0
TXN0002013,CUST00619,16,1314.0,1.0,travel,US,tablet,0,1,629.43,1.0,8.0,516.35,0
TXN0002014,CUST00187,8,238.0,0.0,restaurant,US,mobile,0,0,606.22,1.0,1.0,535.28,0
TXN0002015,CUST00812,8,555.0,0.0,electronics,UK,mobile,1,0,81.77,0.0,4.0,647.8,0
TXN0002016,CUST00097,22,503.0,0.0,fuel,US,mobile,0,0,232.2,0.0,1.0,216.6,0
TXN0002017,CUST00130,9,104.0,0.0,fashion,US,mobile,0,0,2002.86,1.0,1.0,397.43,0
TXN0002018,CUST00804,18,227.0,0.0,fuel,US,mobile,0,0,36.06,1.0,2.0,514.43,0
TXN0002019,CUST00170,14,136.0,0.0,restaurant,IN,mobile,1,0,524.89,0.0,2.0,414.65,0
TXN0002020,CUST00935,4,435.0,0.0,fuel,IN,mobile,1,0,315.21,4.0,5.0,720.64,0
TXN0002021,CUST00985,14,1762.0,0.0,restaurant,CA,mobile,1,0,191.41,0.0,2.0,561.88,0
TXN0002022,CUST00182,19,283.0,2.0,fuel,IN,desktop,1,0,1616.86,0.0,7.0,906.23,0
TXN0002023,CUST00982,22,347.0,1.0,restaurant,US,tablet,0,0,1200.2,2.0,8.0,381.41,0
TXN0002024,CUST00363,1,171.0,0.0,online_services,IN,mobile,1,1,537.28,2.0,4.0,250.67,0
TXN0002025,CUST00038,12,407.0,0.0,grocery,US,desktop,0,0,135.76,0.0,1.0,388.56,0
TXN0002026,CUST00526,23,1752.0,0.0,travel,US,mobile,0,1,174.44,0.0,1.0,299.67,0
TXN0002027,CUST00887,15,682.0,0.0,fuel,US,mobile,0,0,200.93,1.0,3.0,622.95,0
TXN0002028,CUST00496,14,391.0,0.0,electronics,IN,mobile,1,0,212.6,2.0,1.0,346.86,0
TXN0002029,CUST00515,9,1517.0,0.0,grocery,UK,mobile,1,0,129.52,0.0,2.0,466.75,0
TXN0002030,CUST00348,13,1100.0,1.0,restaurant,US,mobile,0,0,655.32,2.0,2.0,351.0,0
TXN0002031,CUST00981,9,198.0,0.0,electronics,IN,mobile,1,0,145.29,1.0,0.0,976.16,0
TXN0002032,CUST00920,13,320.0,1.0,grocery,UK,tablet,1,0,1008.6,1.0,11.0,435.19,1
TXN0002033,CUST00396,22,129.0,0.0,fashion,UK,mobile,1,0,1129.5,0.0,0.0,474.86,0
TXN0002034,CUST00721,8,631.0,0.0,fuel,US,desktop,0,0,484.56,0.0,2.0,302.87,0
TXN0002035,CUST00160,13,744.0,0.0,fuel,AU,desktop,1,0,237.22,1.0,1.0,369.05,0
TXN0002036,CUST00015,2,418.0,2.0,restaurant,IN,mobile,1,0,310.05,1.0,7.0,223.63,0
TXN0002037,CUST00492,19,847.0,0.0,grocery,IN,mobile,1,0,274.09,1.0,4.0,449.79,0
TXN0002038,CUST00425,15,633.0,0.0,grocery,US,mobile,0,0,1021.44,2.0,3.0,1045.54,0
TXN0002039,CUST00107,1,1189.0,0.0,restaurant,US,mobile,0,0,109.24,0.0,1.0,233.15,0
TXN0002040,CUST00893,9,674.0,0.0,fashion,US,mobile,0,0,42.28,0.0,6.0,102.12,0
TXN0002041,CUST00449,2,417.0,0.0,fuel,US,mobile,0,0,314.94,0.0,7.0,677.44,0
TXN0002042,CUST00310,10,500.0,0.0,travel,US,mobile,0,1,837.04,0.0,1.0,541.99,0
TXN0002043,CUST00738,10,475.0,2.0,fashion,UK,mobile,1,0,1603.14,1.0,3.0,807.57,0
TXN0002044,CUST00169,20,388.0,0.0,restaurant,CA,mobile,1,0,919.94,1.0,1.0,1365.75,0
TXN0002045,CUST00545,20,494.0,0.0,travel,IN,mobile,1,1,87.33,1.0,5.0,542.89,0
TXN0002046,CUST00413,21,279.0,0.0,grocery,US,tablet,0,0,177.89,1.0,1.0,279.7,0
TXN0002047,CUST00250,12,96.0,0.0,online_services,US,mobile,0,1,328.7,0.0,0.0,216.8,0
TXN0002048,CUST00758,6,251.0,4.0,online_services,US,desktop,0,1,109.13,6.0,7.0,207.29,1
TXN0002049,CUST00780,22,684.0,0.0,fashion,US,tablet,0,0,239.34,2.0,0.0,371.09,0
TXN0002050,CUST00140,16,578.0,0.0,online_services,US,mobile,0,1,159.89,0.0,2.0,859.44,0
TXN0002051,CUST00273,1,396.0,0.0,fashion,US,mobile,0,0,200.89,1.0,1.0,350.67,0
TXN0002052,CUST00415,11,165.0,0.0,online_services,IN,mobile,1,1,303.01,1.0,5.0,203.07,0
TXN0002053,CUST00607,9,73.0,0.0,fuel,US,tablet,0,0,186.85,1.0,1.0,449.07,0
TXN0002054,CUST00738,17,604.0,0.0,online_services,US,desktop,0,1,102.31,0.0,3.0,833.16,0
TXN0002055,CUST00890,21,646.0,0.0,fuel,UK,mobile,1,0,430.27,0.0,2.0,353.39,0
TXN0002056,CUST00038,10,489.0,0.0,travel,UK,desktop,1,1,101.44,1.0,8.0,434.39,0
TXN0002057,CUST00813,15,814.0,0.0,grocery,US,mobile,0,0,223.6,0.0,2.0,202.72,0
TXN0002058,CUST00028,16,389.0,1.0,fashion,AU,mobile,1,0,360.9,2.0,6.0,182.95,0
TXN0002059,CUST00957,18,569.0,0.0,travel,UK,desktop,1,1,422.81,2.0,5.0,546.24,0
TXN0002060,CUST00476,17,144.0,0.0,fashion,AU,desktop,1,0,69.47,0.0,2.0,441.19,0
TXN0002061,CUST00317,2,732.0,0.0,online_services,US,mobile,0,1,226.13,2.0,7.0,236.91,0
TXN0002062,CUST00244,20,885.0,0.0,fuel,US,desktop,0,0,312.92,0.0,6.0,999.89,0
TXN0002063,CUST00747,15,299.0,0.0,grocery,CA,mobile,1,0,305.55,0.0,0.0,441.08,0
TXN0002064,CUST00696,5,1471.0,0.0,online_services,US,desktop,0,1,577.91,0.0,2.0,419.48,0
TXN0002065,CUST00271,11,447.0,4.0,grocery,UK,mobile,1,0,1525.58,1.0,7.0,600.81,0
TXN0002066,CUST00439,10,273.0,0.0,electronics,UK,desktop,1,0,351.54,0.0,2.0,339.86,0
TXN0002067,CUST00747,14,385.0,0.0,travel,US,desktop,0,1,49.73,1.0,,439.28,0
TXN0002068,CUST00238,14,571.0,0.0,fuel,US,mobile,0,0,387.81,0.0,3.0,314.08,0
TXN0002069,CUST00376,15,1537.0,1.0,fuel,AU,tablet,1,0,1894.75,2.0,7.0,607.46,0
TXN0002070,CUST00265,9,320.0,1.0,fuel,AU,mobile,1,0,385.9,0.0,8.0,347.4,0
TXN0002071,CUST00925,11,427.0,0.0,online_services,UK,mobile,1,1,619.77,5.0,5.0,286.19,0
TXN0002072,CUST00920,12,516.0,0.0,restaurant,CA,mobile,1,0,504.49,0.0,1.0,430.56,0
TXN0002073,CUST00358,3,140.0,0.0,fashion,AU,mobile,1,0,139.31,0.0,9.0,277.94,0
TXN0002074,CUST00339,6,317.0,0.0,grocery,UK,mobile,1,0,160.47,0.0,2.0,574.67,0
TXN0002075,CUST00388,21,383.0,0.0,fashion,US,desktop,0,0,113.34,0.0,1.0,218.08,0
TXN0002076,CUST00576,1,346.0,0.0,fashion,US,desktop,0,0,570.93,1.0,2.0,318.21,0
TXN0002077,CUST00989,14,305.0,0.0,restaurant,US,mobile,0,0,141.52,1.0,0.0,177.76,0
TXN0002078,CUST00688,7,669.0,0.0,grocery,US,desktop,0,0,143.66,0.0,2.0,398.24,0
TXN0002079,CUST00002,6,434.0,0.0,electronics,US,desktop,0,0,202.84,0.0,2.0,266.46,0
TXN0002080,CUST00428,14,304.0,0.0,fuel,IN,desktop,1,0,99.38,1.0,3.0,354.76,0
TXN0002081,CUST00141,22,341.0,0.0,travel,UK,tablet,1,1,361.83,1.0,8.0,280.09,0
TXN0002082,CUST00375,13,609.0,0.0,fashion,AU,mobile,1,0,192.98,4.0,0.0,584.51,0
TXN0002083,CUST00669,7,307.0,0.0,restaurant,UK,desktop,1,0,588.88,1.0,2.0,324.59,0
TXN0002084,CUST00323,11,672.0,1.0,restaurant,US,mobile,0,0,1562.41,2.0,2.0,733.32,0
TXN0002085,CUST00145,12,693.0,0.0,travel,US,desktop,0,1,901.93,1.0,3.0,307.87,0
TXN0002086,CUST00957,10,447.0,0.0,travel,IN,desktop,1,1,69.77,3.0,8.0,450.9,0
TXN0002087,CUST00292,16,448.0,0.0,online_services,US,mobile,0,1,88.08,0.0,3.0,651.48,0
TXN0002088,CUST00664,16,657.0,0.0,grocery,UK,tablet,1,0,245.29,0.0,4.0,796.64,0
TXN0002089,CUST00431,23,819.0,0.0,fashion,US,desktop,0,0,268.78,0.0,1.0,249.04,0
TXN0002090,CUST00704,3,344.0,0.0,fashion,US,tablet,0,0,194.15,1.0,2.0,285.22,0
TXN0002091,CUST00948,20,666.0,0.0,travel,US,mobile,0,1,909.32,0.0,5.0,491.51,0
TXN0002092,CUST00974,7,508.0,0.0,fuel,US,desktop,0,0,177.58,0.0,4.0,589.28,0
TXN0002093,CUST00584,4,193.0,0.0,online_services,AU,desktop,1,1,1094.67,3.0,7.0,668.05,0
TXN0002094,CUST00398,15,630.0,0.0,electronics,UK,mobile,1,0,320.31,0.0,6.0,404.14,0
TXN0002095,CUST00816,3,1337.0,2.0,fashion,UK,desktop,1,0,343.24,2.0,7.0,210.0,0
TXN0002096,CUST00888,21,465.0,0.0,restaurant,AU,desktop,1,0,354.97,2.0,0.0,340.16,0
TXN0002097,CUST00343,14,1390.0,0.0,fuel,UK,desktop,1,0,243.95,0.0,1.0,321.52,0
TXN0002098,CUST00963,11,116.0,3.0,travel,AU,mobile,1,1,1341.5,3.0,5.0,516.88,1
TXN0002099,CUST00139,4,-594.0,0.0,fashion,US,desktop,0,0,620.55,0.0,4.0,453.13,0
TXN0002100,CUST00186,22,298.0,0.0,grocery,AU,desktop,1,0,32.57,1.0,1.0,221.82,0
TXN0002101,CUST00804,15,525.0,0.0,travel,UK,desktop,1,1,71.49,1.0,6.0,538.51,0
TXN0002102,CUST00060,13,146.0,0.0,restaurant,US,mobile,0,0,217.84,0.0,4.0,180.1,0
TXN0002103,CUST00996,9,1102.0,0.0,grocery,US,mobile,0,0,488.09,0.0,2.0,531.8,0
TXN0002104,CUST00938,6,220.0,0.0,online_services,US,mobile,0,1,270.03,3.0,2.0,286.4,0
TXN0002105,CUST00379,12,298.0,0.0,travel,US,desktop,0,1,340.93,1.0,4.0,395.33,0
TXN0002106,CUST00709,19,500.0,0.0,travel,CA,mobile,1,1,2278.66,1.0,5.0,520.67,0
TXN0002107,CUST00806,4,239.0,0.0,fashion,UK,mobile,1,0,148.66,3.0,9.0,475.44,0
TXN0002108,CUST00439,2,232.0,0.0,grocery,IN,desktop,1,0,348.52,2.0,7.0,270.63,0
TXN0002109,CUST00318,14,500.0,0.0,online_services,US,mobile,0,1,279.09,0.0,2.0,190.17,0
TXN0002110,CUST00301,3,521.0,0.0,travel,UK,tablet,1,1,1080.31,3.0,8.0,345.65,1
TXN0002111,CUST00343,14,385.0,0.0,fuel,US,mobile,0,0,523.32,1.0,0.0,352.07,0
TXN0002112,CUST00010,13,745.0,0.0,restaurant,UK,tablet,1,0,381.47,1.0,5.0,462.81,0
TXN0002113,CUST00061,19,424.0,0.0,grocery,UK,mobile,1,0,750.63,1.0,2.0,364.23,0
TXN0002114,CUST00844,18,161.0,0.0,fuel,CA,mobile,1,0,714.76,2.0,1.0,682.9,0
TXN0002115,CUST00225,12,58.0,0.0,fashion,US,mobile,0,0,340.8,0.0,1.0,501.34,0
TXN0002116,CUST00152,9,427.0,0.0,electronics,UK,desktop,1,0,224.91,2.0,1.0,591.15,0
TXN0002117,CUST00710,20,149.0,0.0,online_services,US,mobile,0,1,308.56,0.0,4.0,201.69,0
TXN0002118,CUST00563,4,790.0,1.0,travel,UK,mobile,1,1,263.36,1.0,6.0,278.35,1
TXN0002119,CUST00771,22,11.0,0.0,electronics,CA,tablet,1,0,160.67,1.0,8.0,373.19,0
TXN0002120,CUST00570,19,663.0,0.0,travel,US,mobile,0,1,113.0,0.0,3.0,427.32,0
TXN0002121,CUST00583,19,195.0,0.0,fuel,US,desktop,0,0,498.74,0.0,2.0,370.37,0
TXN0002122,CUST00659,5,766.0,0.0,fashion,US,desktop,0,0,720.74,0.0,0.0,547.08,0
TXN0002123,CUST00860,3,186.0,2.0,fashion,US,mobile,0,0,986.29,1.0,4.0,577.46,0
TXN0002124,CUST00574,1,1546.0,2.0,fashion,UK,desktop,1,0,688.3,1.0,9.0,,1
TXN0002125,CUST00309,21,1499.0,0.0,fashion,US,mobile,0,0,135.41,0.0,0.0,,0
TXN0002126,CUST00884,15,1016.0,0.0,grocery,CA,mobile,1,0,493.37,2.0,1.0,489.16,0
TXN0002127,CUST00242,17,657.0,1.0,grocery,US,mobile,0,0,1656.48,6.0,4.0,501.06,0
TXN0002128,CUST00492,4,70.0,0.0,travel,US,desktop,0,1,817.61,3.0,3.0,532.23,1
TXN0002129,CUST00365,21,147.0,0.0,grocery,CA,mobile,1,0,256.68,0.0,2.0,371.34,0
TXN0002130,CUST00329,3,259.0,0.0,travel,UK,mobile,1,1,607.37,0.0,9.0,461.98,0
TXN0002131,CUST00106,12,200.0,0.0,online_services,CA,desktop,1,1,341.37,1.0,9.0,481.1,0
TXN0002132,CUST00225,18,673.0,0.0,grocery,US,mobile,0,0,179.29,0.0,0.0,518.84,0
TXN0002133,CUST00824,22,238.0,0.0,grocery,US,tablet,0,0,229.72,0.0,2.0,587.14,0
TXN0002134,CUST00217,1,667.0,2.0,grocery,US,mobile,0,0,349.43,3.0,12.0,494.05,1
TXN0002135,CUST00936,12,730.0,1.0,online_services,US,mobile,0,1,834.04,2.0,8.0,254.75,1
TXN0002136,CUST00752,10,1035.0,0.0,restaurant,CA,desktop,1,0,993.34,0.0,0.0,597.98,0
TXN0002137,CUST00505,21,1268.0,0.0,online_services,US,mobile,0,1,323.07,0.0,1.0,402.08,0
TXN0002138,CUST00258,3,596.0,0.0,fashion,IN,desktop,1,0,563.36,2.0,13.0,555.26,0
TXN0002139,CUST00887,21,1249.0,0.0,online_services,CA,tablet,1,1,450.72,0.0,7.0,672.63,0
TXN0002140,CUST00773,19,326.0,0.0,restaurant,UK,mobile,1,0,221.9,1.0,3.0,399.96,0
TXN0002141,CUST00516,19,544.0,0.0,grocery,IN,mobile,1,0,242.02,0.0,2.0,498.95,0
TXN0002142,CUST00772,14,1281.0,0.0,grocery,US,mobile,0,0,157.88,0.0,3.0,268.03,0
TXN0002143,CUST00053,3,668.0,0.0,restaurant,US,desktop,0,0,535.36,0.0,1.0,264.72,0
TXN0002144,CUST00046,8,247.0,0.0,fuel,UK,mobile,1,0,355.88,1.0,4.0,513.87,0
TXN0002145,CUST00726,6,478.0,1.0,travel,US,mobile,0,1,1743.69,2.0,5.0,329.51,0
TXN0002146,CUST00688,18,1615.0,0.0,fashion,IN,desktop,1,0,266.58,1.0,1.0,352.56,0
TXN0002147,CUST00520,18,81.0,0.0,online_services,IN,mobile,1,1,175.44,0.0,9.0,539.68,1
TXN0002148,CUST00098,5,354.0,0.0,travel,AU,mobile,1,1,137.4,2.0,10.0,449.06,0
TXN0002149,CUST00019,5,2658.0,1.0,fuel,IN,tablet,1,0,1495.64,4.0,7.0,396.75,1
TXN0002150,CUST00889,19,745.0,0.0,fashion,UK,mobile,1,0,209.09,0.0,1.0,188.85,0
TXN0002151,CUST00752,14,644.0,0.0,electronics,UK,mobile,1,0,572.64,0.0,1.0,628.84,0
TXN0002152,CUST00572,14,261.0,0.0,fashion,US,mobile,0,0,756.38,0.0,2.0,355.22,0
TXN0002153,CUST00890,19,311.0,0.0,online_services,CA,desktop,1,1,514.86,3.0,13.0,422.5,1
TXN0002154,CUST00489,8,306.0,0.0,travel,US,mobile,0,1,499.42,0.0,2.0,461.13,0
TXN0002155,CUST00418,3,422.0,0.0,fashion,CA,mobile,1,0,28.49,3.0,11.0,247.92,1
TXN0002156,CUST00689,17,914.0,0.0,electronics,IN,mobile,1,0,202.96,0.0,1.0,470.09,0
TXN0002157,CUST00849,17,924.0,1.0,electronics,US,tablet,0,0,806.01,4.0,6.0,583.93,0
TXN0002158,CUST00061,4,707.0,0.0,grocery,US,mobile,0,0,500.62,1.0,1.0,465.92,0
TXN0002159,CUST00144,19,464.0,0.0,online_services,US,mobile,0,1,267.98,2.0,3.0,234.45,0
TXN0002160,CUST00215,22,47.0,0.0,electronics,CA,mobile,1,0,73.98,5.0,8.0,240.48,1
TXN0002161,CUST00002,10,1157.0,0.0,restaurant,CA,mobile,1,0,75.34,1.0,2.0,221.62,0
TXN0002162,CUST00159,4,833.0,0.0,travel,UK,desktop,1,1,554.51,1.0,5.0,320.8,0
TXN0002163,CUST00738,21,1170.0,0.0,restaurant,CA,desktop,1,0,2101.76,0.0,0.0,888.6,0
TXN0002164,CUST00997,3,267.0,0.0,fuel,US,mobile,0,0,306.24,0.0,3.0,442.4,0
TXN0002165,CUST00780,11,317.0,0.0,restaurant,UK,mobile,1,0,368.57,2.0,1.0,327.67,0
TXN0002166,CUST00119,1,2547.0,0.0,travel,UK,mobile,1,1,198.03,2.0,8.0,683.51,0
TXN0002167,CUST00892,12,96.0,1.0,fuel,US,mobile,0,0,1411.9,1.0,6.0,817.85,0
TXN0002168,CUST00088,9,769.0,0.0,restaurant,US,desktop,0,0,189.82,0.0,3.0,246.81,0
TXN0002169,CUST00328,8,1038.0,0.0,restaurant,AU,mobile,1,0,815.41,0.0,1.0,417.06,0
TXN0002170,CUST00579,9,65.0,0.0,online_services,IN,mobile,1,1,248.25,2.0,6.0,238.36,0
TXN0002171,CUST00909,6,481.0,0.0,fuel,UK,mobile,1,0,226.99,0.0,0.0,340.09,0
TXN0002172,CUST00356,3,405.0,3.0,restaurant,AU,desktop,1,0,406.93,1.0,4.0,296.96,1
TXN0002173,CUST00609,18,151.0,0.0,electronics,US,desktop,0,0,406.69,1.0,2.0,448.84,0
TXN0002174,CUST00266,9,813.0,0.0,travel,IN,mobile,1,1,535.9,3.0,9.0,344.44,1
TXN0002175,CUST00616,2,131.0,0.0,travel,US,mobile,0,1,147.86,3.0,10.0,295.36,1
TXN0002176,CUST00951,20,593.0,0.0,travel,US,tablet,0,1,465.92,1.0,1.0,482.34,0
TXN0002177,CUST00322,18,285.0,0.0,restaurant,US,mobile,0,0,761.31,3.0,0.0,737.88,0
TXN0002178,CUST00634,20,19.0,1.0,electronics,CA,mobile,1,0,2003.02,2.0,9.0,1647.17,1
TXN0002179,CUST00987,1,310.0,0.0,travel,US,desktop,0,1,154.63,3.0,6.0,675.76,0
TXN0002180,CUST00540,19,302.0,0.0,fashion,US,mobile,0,0,174.31,0.0,1.0,255.94,0
TXN0002181,CUST00648,9,812.0,0.0,travel,US,mobile,0,1,206.4,0.0,3.0,325.27,0
TXN0002182,CUST00194,1,821.0,1.0,grocery,US,desktop,0,0,1584.52,3.0,10.0,1052.57,1
TXN0002183,CUST00920,1,551.0,0.0,fashion,US,mobile,0,0,344.9,1.0,2.0,500.1,0
TXN0002184,CUST00737,23,298.0,0.0,travel,UK,desktop,1,1,89.44,5.0,7.0,223.52,1
TXN0002185,CUST00331,16,545.0,0.0,restaurant,US,mobile,0,0,241.58,0.0,3.0,254.52,0
TXN0002186,CUST00169,15,484.0,0.0,travel,US,tablet,0,1,905.53,2.0,0.0,1143.21,0
TXN0002187,CUST00520,15,337.0,0.0,electronics,US,mobile,0,0,538.44,1.0,0.0,531.0,0
TXN0002188,CUST00462,13,1029.0,0.0,electronics,US,desktop,0,0,151.31,1.0,2.0,263.4,0
TXN0002189,CUST00039,6,150.0,0.0,travel,US,mobile,0,1,71.61,0.0,0.0,279.69,0
TXN0002190,CUST00536,20,250.0,0.0,online_services,UK,mobile,1,1,164.16,2.0,11.0,430.94,0
TXN0002191,CUST00260,10,1111.0,0.0,restaurant,US,mobile,0,0,244.03,1.0,1.0,454.58,0
TXN0002192,CUST00394,23,384.0,0.0,restaurant,US,desktop,0,0,176.08,0.0,2.0,319.94,0
TXN0002193,CUST00954,0,696.0,1.0,restaurant,UK,mobile,1,0,399.72,1.0,6.0,413.81,1
TXN0002194,CUST00225,10,616.0,0.0,travel,US,desktop,0,1,391.01,1.0,5.0,514.41,0
TXN0002195,CUST00983,22,609.0,0.0,travel,US,mobile,0,1,36.16,0.0,4.0,230.49,0
TXN0002196,CUST00123,20,336.0,0.0,grocery,US,desktop,0,0,600.1,1.0,3.0,443.35,0
TXN0002197,CUST00974,3,175.0,4.0,electronics,US,mobile,0,0,1444.91,1.0,4.0,510.11,0
TXN0002198,CUST00037,6,394.0,0.0,online_services,US,mobile,0,1,344.32,0.0,2.0,187.24,0
TXN0002199,CUST00327,14,1094.0,0.0,fashion,US,mobile,0,0,394.11,1.0,4.0,311.16,0
TXN0002200,CUST00250,17,197.0,0.0,fashion,US,mobile,0,0,194.96,3.0,3.0,193.67,0
TXN0002201,CUST00900,11,79.0,0.0,electronics,US,mobile,0,0,239.44,0.0,2.0,858.53,0
TXN0002202,CUST00175,16,743.0,0.0,fuel,UK,desktop,1,0,793.03,0.0,3.0,502.96,0
TXN0002203,CUST00601,0,106.0,3.0,grocery,IN,mobile,1,0,751.91,3.0,8.0,526.16,1
TXN0002204,CUST00913,10,698.0,1.0,electronics,UK,desktop,1,0,985.62,3.0,7.0,981.64,1
TXN0002205,CUST00453,0,221.0,0.0,grocery,UK,mobile,1,0,372.99,0.0,4.0,525.77,0
TXN0002206,CUST00036,14,738.0,0.0,fuel,US,mobile,0,0,266.21,0.0,3.0,213.31,0
TXN0002207,CUST00315,20,884.0,0.0,grocery,US,tablet,0,0,,0.0,1.0,402.69,0
TXN0002208,CUST00687,9,888.0,1.0,restaurant,US,mobile,0,0,200.77,1.0,11.0,449.33,0
TXN0002209,CUST00972,6,867.0,0.0,electronics,US,desktop,0,0,469.93,1.0,2.0,480.27,0
TXN0002210,CUST00795,1,567.0,0.0,,UK,mobile,1,0,579.55,2.0,8.0,229.67,0
TXN0002211,CUST00964,9,600.0,1.0,,CA,mobile,1,1,744.73,2.0,10.0,761.38,1
TXN0002212,CUST00972,23,116.0,0.0,,US,mobile,0,0,661.59,0.0,1.0,461.46,0
TXN0002213,CUST00592,3,428.0,0.0,fuel,US,mobile,0,0,331.6,0.0,0.0,299.31,0
TXN0002214,CUST00113,11,390.0,0.0,travel,US,mobile,0,1,50.98,2.0,2.0,170.39,0
TXN0002215,CUST00039,18,1079.0,0.0,electronics,US,mobile,0,0,105.25,1.0,0.0,196.67,0
TXN0002216,CUST00300,10,461.0,0.0,online_services,US,mobile,0,1,165.47,0.0,1.0,856.47,0
TXN0002217,CUST00223,7,318.0,0.0,travel,US,mobile,0,1,150.2,0.0,3.0,308.68,0
TXN0002218,CUST00317,17,586.0,3.0,grocery,US,desktop,0,0,808.37,0.0,10.0,234.53,0
TXN0002219,CUST00348,10,455.0,0.0,travel,UK,mobile,1,1,117.41,0.0,11.0,297.41,0
TXN0002220,CUST00114,10,1135.0,0.0,grocery,US,desktop,0,0,956.02,0.0,0.0,406.25,0
TXN0002221,CUST00697,12,133.0,0.0,grocery,US,mobile,0,0,43.72,0.0,0.0,356.0,0
TXN0002222,CUST00322,2,482.0,0.0,fashion,CA,desktop,1,0,229.36,5.0,13.0,773.77,1
TXN0002223,CUST00567,11,865.0,0.0,travel,IN,mobile,1,1,134.35,2.0,7.0,423.79,0
TXN0002224,CUST00039,2,133.0,0.0,online_services,AU,mobile,1,1,225.77,1.0,5.0,201.98,0
TXN0002225,CUST00865,9,314.0,0.0,fashion,US,mobile,0,0,392.19,1.0,2.0,515.94,0
TXN0002226,CUST00039,16,375.0,0.0,online_services,US,mobile,0,1,108.94,0.0,2.0,278.11,0
TXN0002227,CUST00858,21,463.0,0.0,travel,US,desktop,0,1,252.72,2.0,4.0,301.66,0
TXN0002228,CUST00972,1,60.0,0.0,online_services,US,mobile,0,1,214.47,2.0,5.0,418.07,0
TXN0002229,CUST00748,16,858.0,0.0,grocery,US,tablet,0,0,53.33,0.0,2.0,475.53,0
TXN0002230,CUST00288,15,889.0,1.0,online_services,US,desktop,0,1,627.27,4.0,6.0,372.48,0
TXN0002231,CUST00261,1,610.0,0.0,travel,UK,mobile,1,1,844.25,1.0,8.0,680.6,0
TXN0002232,CUST00215,21,202.0,0.0,fuel,US,mobile,0,0,151.66,0.0,1.0,232.98,0
TXN0002233,CUST00146,19,275.0,0.0,fuel,US,tablet,0,0,701.43,0.0,2.0,463.39,0
TXN0002234,CUST00335,5,137.0,0.0,fashion,UK,mobile,1,0,310.02,0.0,1.0,225.55,0
TXN0002235,CUST00167,9,959.0,0.0,restaurant,UK,desktop,1,0,436.83,0.0,4.0,453.35,0
TXN0002236,CUST00091,9,211.0,0.0,fuel,UK,tablet,1,0,144.65,0.0,1.0,218.98,0
TXN0002237,CUST00352,7,203.0,0.0,online_services,US,desktop,0,1,147.65,0.0,2.0,372.27,0
TXN0002238,CUST00570,0,268.0,0.0,fashion,US,desktop,0,0,186.55,1.0,3.0,400.73,0
TXN0002239,CUST00570,12,1264.0,0.0,online_services,US,desktop,0,1,184.47,1.0,5.0,393.82,0
TXN0002240,CUST00815,23,404.0,0.0,restaurant,CA,desktop,1,0,169.06,1.0,0.0,618.79,0
TXN0002241,CUST00680,8,245.0,0.0,electronics,US,mobile,0,0,100.72,0.0,0.0,274.5,0
TXN0002242,CUST00780,21,826.0,0.0,fashion,US,mobile,0,0,460.56,3.0,3.0,306.61,0
TXN0002243,CUST00362,9,635.0,0.0,fuel,US,desktop,0,0,75.67,0.0,1.0,341.24,0
TXN0002244,CUST00556,14,1377.0,0.0,fuel,AU,tablet,1,0,403.71,0.0,1.0,647.63,0
TXN0002245,CUST00344,4,437.0,0.0,travel,US,mobile,0,1,475.22,2.0,9.0,237.17,0
TXN0002246,CUST00692,21,1061.0,0.0,restaurant,US,mobile,0,0,194.5,0.0,1.0,374.12,0
TXN0002247,CUST00169,15,913.0,0.0,fuel,US,mobile,0,0,1859.78,0.0,1.0,1243.79,0
TXN0002248,CUST00355,12,576.0,0.0,travel,IN,desktop,1,1,246.49,0.0,9.0,295.44,0
TXN0002249,CUST00190,21,121.0,0.0,restaurant,UK,mobile,1,0,193.62,0.0,3.0,320.82,0
TXN0002250,CUST00666,19,451.0,1.0,fashion,US,desktop,0,0,640.17,2.0,8.0,520.68,0
TXN0002251,CUST00421,17,357.0,0.0,fashion,US,tablet,0,0,583.34,1.0,3.0,476.25,0
TXN0002252,CUST00699,10,1542.0,0.0,travel,US,mobile,0,1,197.9,0.0,1.0,328.85,0
TXN0002253,CUST00006,8,167.0,0.0,fashion,US,tablet,0,0,406.69,1.0,0.0,353.61,0
TXN0002254,CUST00132,15,1426.0,0.0,travel,US,tablet,0,1,82.96,0.0,3.0,241.31,0
TXN0002255,CUST00746,1,160.0,3.0,grocery,CA,tablet,1,0,933.7,0.0,11.0,860.78,1
TXN0002256,CUST00556,1,398.0,1.0,online_services,US,mobile,0,1,1648.96,0.0,8.0,727.82,1
TXN0002257,CUST00825,11,1288.0,0.0,restaurant,UK,mobile,1,0,236.83,0.0,2.0,926.56,0
TXN0002258,CUST00760,7,148.0,2.0,travel,UK,desktop,1,1,305.5,1.0,7.0,231.25,0
TXN0002259,CUST00030,8,1232.0,1.0,restaurant,UK,mobile,1,0,659.73,1.0,7.0,369.26,0
TXN0002260,CUST00534,11,1219.0,0.0,grocery,US,mobile,0,0,78.3,0.0,1.0,184.51,0
TXN0002261,CUST00425,8,1017.0,3.0,restaurant,US,tablet,0,0,1694.67,5.0,4.0,786.01,0
TXN0002262,CUST00393,9,409.0,0.0,travel,US,desktop,0,1,649.57,2.0,5.0,404.47,0
TXN0002263,CUST00671,1,442.0,0.0,online_services,US,mobile,0,1,221.08,3.0,3.0,467.3,0
TXN0002264,CUST00362,15,765.0,0.0,online_services,IN,mobile,1,1,820.92,1.0,5.0,279.6,0
TXN0002265,CUST00436,19,165.0,0.0,fashion,CA,desktop,1,0,442.68,1.0,2.0,820.45,0
TXN0002266,CUST00669,6,1279.0,0.0,online_services,US,desktop,0,1,248.31,0.0,1.0,333.96,0
TXN0002267,CUST00550,1,421.0,0.0,online_services,US,mobile,0,1,717.67,1.0,6.0,677.28,0
TXN0002268,CUST00926,0,399.0,0.0,restaurant,IN,mobile,1,0,432.78,2.0,8.0,666.16,0
TXN0002269,CUST00081,18,428.0,0.0,restaurant,US,desktop,0,0,633.33,0.0,1.0,428.45,0
TXN0002270,CUST00355,3,425.0,0.0,fuel,US,mobile,0,0,745.22,0.0,3.0,244.86,0
TXN0002271,CUST00257,23,354.0,0.0,fuel,US,mobile,0,0,202.09,0.0,0.0,251.77,0
TXN0002272,CUST00717,21,668.0,0.0,grocery,UK,mobile,1,0,424.64,0.0,3.0,450.2,0
TXN0002273,CUST00588,1,786.0,0.0,electronics,IN,mobile,1,0,52.16,3.0,11.0,418.8,0
TXN0002274,CUST00988,13,139.0,0.0,online_services,AU,mobile,1,1,96.6,2.0,7.0,203.97,0
TXN0002275,CUST00523,1,555.0,0.0,fashion,US,desktop,0,0,366.39,0.0,1.0,182.07,0
TXN0002276,CUST00294,14,267.0,0.0,online_services,UK,mobile,1,1,327.2,2.0,3.0,123.94,0
TXN0002277,CUST00961,11,41.0,0.0,travel,US,tablet,0,1,428.99,1.0,8.0,418.47,0
TXN0002278,CUST00223,4,492.0,0.0,grocery,US,desktop,0,0,180.77,3.0,3.0,348.13,0
TXN0002279,CUST00524,19,571.0,3.0,travel,US,desktop,0,1,977.98,3.0,6.0,327.57,0
TXN0002280,CUST00045,6,301.0,0.0,travel,IN,mobile,1,1,243.84,1.0,3.0,250.57,0
TXN0002281,CUST00666,23,296.0,0.0,restaurant,US,desktop,0,0,203.82,0.0,4.0,535.61,0
TXN0002282,CUST00112,20,180.0,0.0,grocery,US,tablet,0,0,79.19,0.0,1.0,316.39,0
TXN0002283,CUST00232,9,127.0,0.0,grocery,US,mobile,0,0,,0.0,2.0,511.07,0
TXN0002284,CUST00016,13,244.0,0.0,fuel,IN,mobile,1,0,210.26,1.0,2.0,299.83,0
TXN0002285,CUST00359,13,196.0,0.0,fashion,UK,mobile,1,0,1391.64,1.0,4.0,485.89,0
TXN0002286,CUST00222,4,301.0,0.0,electronics,UK,mobile,1,0,752.93,1.0,6.0,376.44,0
TXN0002287,CUST00865,17,109.0,0.0,travel,US,mobile,0,1,272.48,0.0,1.0,400.04,0
TXN0002288,CUST00699,23,196.0,0.0,online_services,UK,mobile,1,1,51.8,1.0,6.0,254.21,0
TXN0002289,CUST00447,13,599.0,1.0,fashion,UK,mobile,1,0,4799.67,2.0,4.0,1681.77,0
TXN0002290,CUST00855,1,740.0,0.0,online_services,AU,mobile,1,1,1447.05,1.0,7.0,667.82,0
TXN0002291,CUST00364,11,321.0,2.0,fuel,US,desktop,0,0,317.88,5.0,5.0,501.03,1
TXN0002292,CUST00674,21,433.0,0.0,fashion,US,desktop,0,0,497.08,0.0,0.0,489.54,0
TXN0002293,CUST00325,23,1414.0,0.0,travel,CA,tablet,1,1,462.36,3.0,7.0,389.18,0
TXN0002294,CUST00466,5,702.0,0.0,restaurant,CA,mobile,1,0,144.82,0.0,2.0,365.24,0
TXN0002295,CUST00413,3,2090.0,0.0,restaurant,US,mobile,0,0,116.22,0.0,1.0,278.36,0
TXN0002296,CUST00454,12,601.0,0.0,travel,US,desktop,0,1,442.97,3.0,3.0,682.77,0
TXN0002297,CUST00585,3,101.0,0.0,fuel,IN,desktop,1,0,578.48,2.0,7.0,572.29,0
TXN0002298,CUST00232,21,358.0,0.0,fuel,US,mobile,0,0,316.37,0.0,1.0,503.51,0
TXN0002299,CUST00223,13,327.0,0.0,grocery,US,mobile,0,0,300.32,0.0,2.0,285.23,0
TXN0002300,CUST00993,15,899.0,0.0,electronics,US,tablet,0,0,722.82,0.0,2.0,311.03,0
TXN0002301,CUST00830,3,834.0,0.0,online_services,US,mobile,0,1,217.02,3.0,7.0,372.94,0
TXN0002302,CUST00411,23,455.0,0.0,restaurant,UK,mobile,1,0,24.26,0.0,1.0,188.2,0
TXN0002303,CUST00571,0,495.0,0.0,electronics,US,mobile,0,0,375.21,0.0,2.0,588.97,0
TXN0002304,CUST00334,12,214.0,0.0,fashion,US,tablet,0,0,615.35,0.0,4.0,810.99,0
TXN0002305,CUST00221,3,891.0,0.0,online_services,US,mobile,0,1,357.88,4.0,6.0,617.45,0
TXN0002306,CUST00036,19,334.0,0.0,online_services,AU,desktop,1,1,87.96,4.0,8.0,206.96,1
TXN0002307,CUST00988,17,106.0,0.0,online_services,AU,mobile,1,1,146.48,2.0,6.0,253.16,0
TXN0002308,CUST00277,5,244.0,0.0,fashion,CA,mobile,1,0,218.87,0.0,2.0,530.1,0
TXN0002309,CUST00195,2,339.0,0.0,travel,UK,mobile,1,1,289.64,4.0,7.0,685.37,0
TXN0002310,CUST00915,22,524.0,0.0,travel,US,mobile,0,1,154.29,0.0,2.0,231.0,0
TXN0002311,CUST00863,12,1724.0,0.0,travel,AU,tablet,1,1,746.84,1.0,8.0,966.06,0
TXN0002312,CUST00483,15,723.0,0.0,online_services,CA,desktop,1,1,110.44,3.0,9.0,427.2,0
TXN0002313,CUST00241,4,81.0,0.0,fuel,CA,mobile,1,0,492.4,5.0,8.0,330.09,1
TXN0002314,CUST00323,3,992.0,0.0,restaurant,US,mobile,0,0,434.12,0.0,1.0,921.99,0
TXN0002315,CUST00730,20,553.0,3.0,electronics,US,mobile,0,0,184.0,2.0,9.0,987.05,0
TXN0002316,CUST00191,7,481.0,0.0,fashion,UK,desktop,1,0,723.99,1.0,3.0,485.79,0
TXN0002317,CUST00016,18,667.0,0.0,electronics,US,mobile,0,0,149.28,0.0,2.0,328.16,0
TXN0002318,CUST00523,13,532.0,0.0,restaurant,US,mobile,0,0,105.38,1.0,2.0,209.84,0
TXN0002319,CUST00917,6,63.0,0.0,online_services,UK,mobile,1,1,2338.2,1.0,9.0,910.83,1
TXN0002320,CUST00400,13,1006.0,0.0,electronics,US,mobile,0,0,491.47,0.0,0.0,427.73,0
TXN0002321,CUST00905,5,56.0,0.0,online_services,CA,mobile,1,1,324.64,3.0,8.0,427.59,1
TXN0002322,CUST00885,11,755.0,0.0,electronics,US,mobile,0,0,180.31,0.0,4.0,380.15,0
TXN0002323,CUST00704,15,292.0,0.0,fuel,UK,mobile,1,0,307.01,0.0,1.0,318.36,0
TXN0002324,CUST00021,16,192.0,0.0,travel,US,desktop,0,1,188.37,0.0,1.0,391.15,0
TXN0002325,CUST00473,12,1411.0,0.0,fuel,IN,tablet,1,0,683.68,0.0,0.0,394.16,0
TXN0002326,CUST00119,22,583.0,0.0,fuel,US,mobile,0,0,488.16,1.0,0.0,603.91,0
TXN0002327,CUST00209,13,747.0,0.0,online_services,CA,mobile,1,1,22.15,2.0,4.0,692.28,0
TXN0002328,CUST00305,6,366.0,0.0,electronics,US,desktop,0,0,126.34,0.0,1.0,760.77,0
TXN0002329,CUST00269,13,877.0,0.0,electronics,US,desktop,0,0,158.84,1.0,1.0,304.71,0
TXN0002330,CUST00703,14,259.0,0.0,fuel,US,mobile,0,0,167.95,0.0,1.0,274.52,0
TXN0002331,CUST00686,11,798.0,0.0,electronics,AU,mobile,1,0,349.61,0.0,1.0,313.2,0
TXN0002332,CUST00284,16,636.0,0.0,fuel,US,desktop,0,0,606.58,1.0,1.0,407.9,0
TXN0002333,CUST00715,8,558.0,0.0,grocery,US,mobile,0,0,146.58,1.0,3.0,549.67,0
TXN0002334,CUST00675,21,316.0,0.0,fuel,US,mobile,0,0,99.34,0.0,3.0,386.53,0
TXN0002335,CUST00762,14,603.0,1.0,fashion,US,desktop,0,0,508.93,0.0,11.0,469.34,0
TXN0002336,CUST00226,11,438.0,0.0,fashion,IN,mobile,1,0,43.29,0.0,2.0,309.21,0
TXN0002337,CUST00947,1,348.0,0.0,electronics,US,desktop,0,0,427.3,0.0,2.0,267.19,0
TXN0002338,CUST00380,4,789.0,0.0,fuel,UK,desktop,1,0,221.37,1.0,11.0,265.01,0
TXN0002339,CUST00459,12,253.0,0.0,fuel,US,mobile,0,0,175.61,0.0,1.0,770.73,0
TXN0002340,CUST00006,19,91.0,1.0,travel,US,desktop,0,1,1023.59,1.0,7.0,462.55,0
TXN0002341,CUST00028,22,140.0,0.0,online_services,US,mobile,0,1,117.43,1.0,1.0,153.77,0
TXN0002342,CUST00906,7,932.0,0.0,travel,US,desktop,0,1,184.91,1.0,2.0,497.18,0
TXN0002343,CUST00032,13,494.0,0.0,travel,US,desktop,0,1,142.21,0.0,3.0,123.14,0
TXN0002344,CUST00645,14,629.0,1.0,fuel,US,mobile,0,0,162.65,3.0,8.0,173.81,1
TXN0002345,CUST00878,10,390.0,0.0,fuel,CA,mobile,1,0,243.38,0.0,2.0,514.76,0
TXN0002346,CUST00078,0,448.0,0.0,fashion,US,mobile,0,0,1833.84,0.0,2.0,591.3,0
TXN0002347,CUST00927,20,920.0,0.0,restaurant,US,tablet,0,0,250.22,0.0,3.0,208.6,0
TXN0002348,CUST00946,2,1142.0,0.0,electronics,US,mobile,0,0,131.82,1.0,3.0,702.23,0
TXN0002349,CUST00458,16,724.0,0.0,fashion,US,mobile,0,0,256.08,0.0,4.0,481.17,0
TXN0002350,CUST00569,18,664.0,0.0,travel,US,tablet,0,1,101.92,0.0,1.0,387.91,0
TXN0002351,CUST00982,13,206.0,0.0,fashion,US,mobile,0,0,151.8,1.0,3.0,331.12,0
TXN0002352,CUST00537,21,664.0,0.0,fashion,AU,mobile,1,0,174.04,0.0,2.0,228.23,0
TXN0002353,CUST00481,22,318.0,1.0,fashion,AU,desktop,1,0,485.88,0.0,8.0,599.94,0
TXN0002354,CUST00429,7,849.0,0.0,travel,CA,tablet,1,1,193.43,5.0,5.0,240.05,0
TXN0002355,CUST00737,12,516.0,0.0,restaurant,US,mobile,0,0,425.23,0.0,1.0,201.99,0
TXN0002356,CUST00284,19,46.0,0.0,grocery,US,mobile,0,0,176.74,0.0,1.0,375.44,0
TXN0002357,CUST00515,2,1350.0,0.0,electronics,IN,tablet,1,0,193.08,2.0,11.0,545.87,0
TXN0002358,CUST00976,4,753.0,0.0,electronics,UK,mobile,1,0,52.78,2.0,8.0,458.95,0
TXN0002359,CUST00098,8,1584.0,0.0,online_services,US,mobile,0,1,84.93,0.0,3.0,546.01,0
TXN0002360,CUST00396,5,533.0,0.0,fashion,US,mobile,0,0,261.17,0.0,2.0,537.5,0
TXN0002361,CUST00488,21,441.0,0.0,restaurant,US,mobile,0,0,609.97,0.0,3.0,248.07,0
TXN0002362,CUST00038,1,207.0,0.0,travel,UK,mobile,1,1,599.79,1.0,8.0,400.96,0
TXN0002363,CUST00270,12,244.0,0.0,grocery,AU,desktop,1,0,230.66,0.0,3.0,471.71,0
TXN0002364,CUST00886,4,765.0,0.0,grocery,US,mobile,0,0,78.64,0.0,3.0,261.37,0
TXN0002365,CUST00796,7,632.0,0.0,fashion,,desktop,0,0,126.91,0.0,1.0,253.85,0
TXN0002366,CUST00156,22,357.0,0.0,fashion,US,mobile,0,0,296.08,1.0,0.0,234.4,0
TXN0002367,CUST00074,0,460.0,0.0,travel,US,mobile,0,1,640.46,3.0,11.0,938.75,1
TXN0002368,CUST00883,19,376.0,0.0,online_services,US,mobile,0,1,287.39,0.0,1.0,952.83,0
TXN0002369,CUST00799,11,548.0,0.0,travel,UK,desktop,1,1,220.31,5.0,10.0,288.49,0
TXN0002370,CUST00129,22,239.0,0.0,fuel,US,mobile,0,0,300.89,1.0,2.0,356.12,0
TXN0002371,CUST00686,10,668.0,0.0,travel,UK,mobile,1,1,109.0,4.0,8.0,,1
TXN0002372,CUST00973,6,128.0,0.0,fashion,US,tablet,0,0,116.14,1.0,2.0,497.63,0
TXN0002373,CUST00083,14,357.0,0.0,restaurant,UK,tablet,1,0,203.41,0.0,3.0,297.01,0
TXN0002374,CUST00021,21,286.0,0.0,fashion,UK,mobile,1,0,97.11,1.0,3.0,455.77,0
TXN0002375,CUST00458,23,830.0,3.0,online_services,US,mobile,0,1,1586.4,3.0,9.0,585.61,1
TXN0002376,CUST00538,10,673.0,0.0,fashion,UK,desktop,1,0,518.64,1.0,1.0,256.48,0
TXN0002377,CUST00706,21,436.0,0.0,grocery,US,desktop,0,0,196.79,1.0,2.0,,0
TXN0002378,CUST00848,15,484.0,0.0,travel,US,tablet,0,1,447.89,2.0,0.0,837.84,0
TXN0002379,CUST00381,2,916.0,0.0,electronics,US,mobile,0,0,804.24,0.0,1.0,828.64,0
TXN0002380,CUST00747,19,1154.0,0.0,travel,US,mobile,0,1,337.79,1.0,2.0,364.57,0
TXN0002381,CUST00439,13,1798.0,0.0,fuel,CA,desktop,1,0,501.47,0.0,3.0,340.13,0
TXN0002382,CUST00603,2,240.0,1.0,restaurant,US,mobile,0,0,708.13,1.0,13.0,734.56,1
TXN0002383,CUST00988,0,369.0,0.0,restaurant,UK,desktop,1,0,502.82,4.0,8.0,251.89,0
TXN0002384,CUST00020,20,1122.0,0.0,travel,AU,desktop,1,1,221.4,4.0,8.0,334.97,1
TXN0002385,CUST00302,14,403.0,0.0,travel,US,mobile,0,1,140.12,1.0,2.0,623.17,0
TXN0002386,CUST00975,0,426.0,0.0,fashion,US,mobile,0,0,426.13,1.0,1.0,400.67,0
TXN0002387,CUST00868,16,2037.0,0.0,electronics,US,mobile,0,0,291.73,1.0,0.0,205.48,0
TXN0002388,CUST00954,1,972.0,1.0,online_services,US,mobile,0,1,1679.64,1.0,4.0,568.51,0
TXN0002389,CUST00083,19,284.0,0.0,fashion,US,mobile,0,0,135.25,1.0,1.0,324.26,0
TXN0002390,CUST00773,5,299.0,0.0,grocery,UK,tablet,1,0,315.45,0.0,,416.16,0
TXN0002391,CUST00658,7,608.0,0.0,grocery,US,mobile,0,0,519.98,0.0,1.0,554.7,0
TXN0002392,CUST00952,15,100.0,1.0,restaurant,UK,mobile,1,0,537.76,2.0,8.0,391.8,1
TXN0002393,CUST00452,18,838.0,0.0,restaurant,US,mobile,0,0,464.44,0.0,2.0,435.31,0
TXN0002394,CUST00386,0,374.0,0.0,electronics,US,mobile,0,0,861.14,0.0,1.0,540.9,0
TXN0002395,CUST00506,2,98.0,0.0,restaurant,US,mobile,0,0,152.76,0.0,4.0,263.14,0
TXN0002396,CUST00256,2,1407.0,1.0,fuel,US,desktop,0,0,919.23,3.0,9.0,482.63,1
TXN0002397,CUST00569,4,1479.0,0.0,grocery,US,desktop,0,0,995.93,0.0,4.0,485.15,0
TXN0002398,CUST00891,11,62.0,0.0,electronics,UK,mobile,1,0,77.6,1.0,5.0,356.17,0
TXN0002399,CUST00933,11,306.0,1.0,grocery,UK,mobile,1,0,971.29,2.0,3.0,653.59,0
TXN0002400,CUST00526,19,543.0,0.0,travel,US,mobile,0,1,425.93,0.0,1.0,289.53,0
TXN0002401,CUST00161,12,656.0,0.0,,UK,mobile,1,1,248.76,1.0,4.0,344.22,0
TXN0002402,CUST00956,19,819.0,0.0,electronics,US,mobile,0,0,1465.32,1.0,3.0,472.37,0
TXN0002403,CUST00162,8,397.0,0.0,fashion,US,desktop,0,0,362.38,0.0,0.0,1053.46,0
TXN0002404,CUST00831,6,903.0,0.0,fuel,CA,desktop,1,0,717.57,0.0,0.0,376.66,0
TXN0002405,CUST00792,3,1806.0,0.0,online_services,AU,tablet,1,1,1595.25,3.0,5.0,595.02,1
TXN0002406,CUST00791,18,307.0,0.0,fuel,CA,desktop,1,0,808.83,2.0,3.0,457.75,0
TXN0002407,CUST00523,21,1270.0,0.0,online_services,US,mobile,0,1,281.73,1.0,2.0,238.7,0
TXN0002408,CUST00785,18,573.0,0.0,restaurant,IN,mobile,1,0,86.13,0.0,5.0,236.91,0
TXN0002409,CUST00270,5,79.0,0.0,online_services,UK,mobile,1,1,1181.5,3.0,9.0,483.76,1
TXN0002410,CUST00491,12,152.0,0.0,electronics,US,desktop,0,0,63.51,0.0,3.0,136.37,0
TXN0002411,CUST00207,10,291.0,0.0,fuel,IN,mobile,1,0,187.35,0.0,1.0,368.63,0
TXN0002412,CUST00538,12,573.0,0.0,online_services,CA,desktop,1,1,168.5,6.0,6.0,237.97,0
TXN0002413,CUST00583,12,179.0,1.0,restaurant,UK,mobile,1,0,466.34,0.0,5.0,296.2,0
TXN0002414,CUST00059,21,633.0,0.0,grocery,CA,tablet,1,0,672.75,0.0,5.0,461.16,0
TXN0002415,CUST00429,19,441.0,0.0,online_services,US,mobile,0,1,239.76,0.0,4.0,223.64,0
TXN0002416,CUST00984,14,983.0,0.0,fashion,UK,mobile,1,0,1267.27,0.0,1.0,413.6,0
TXN0002417,CUST00656,20,675.0,0.0,restaurant,US,desktop,0,0,232.34,1.0,2.0,215.71,0
TXN0002418,CUST00604,12,636.0,0.0,travel,IN,mobile,1,1,44.25,2.0,4.0,667.39,0
TXN0002419,CUST00308,21,378.0,0.0,online_services,US,desktop,0,1,152.36,1.0,1.0,530.7,0
TXN0002420,CUST00519,10,565.0,0.0,travel,CA,mobile,1,1,483.23,1.0,11.0,404.86,0
TXN0002421,CUST00590,18,489.0,0.0,grocery,US,desktop,0,0,83.25,1.0,0.0,181.4,0
TXN0002422,CUST00026,7,425.0,0.0,electronics,CA,mobile,1,0,184.05,0.0,4.0,125.57,0
TXN0002423,CUST00685,19,214.0,0.0,restaurant,US,mobile,0,0,470.17,1.0,5.0,541.03,0
TXN0002424,CUST00561,7,986.0,0.0,online_services,US,desktop,0,1,190.12,0.0,2.0,262.9,0
TXN0002425,CUST00198,9,543.0,0.0,online_services,CA,mobile,1,1,156.99,5.0,12.0,905.81,0
TXN0002426,CUST00386,15,794.0,0.0,grocery,US,mobile,0,0,667.41,0.0,3.0,428.51,0
TXN0002427,CUST00348,18,543.0,0.0,online_services,US,desktop,0,1,204.07,0.0,3.0,304.73,0
TXN0002428,CUST00959,22,368.0,1.0,travel,US,tablet,0,1,358.44,2.0,6.0,305.55,0
TXN0002429,CUST00939,10,227.0,1.0,online_services,US,mobile,0,1,1238.68,2.0,3.0,755.16,0
TXN0002430,CUST00692,12,461.0,0.0,online_services,US,mobile,0,1,607.55,0.0,4.0,319.11,0
TXN0002431,CUST00535,8,566.0,0.0,travel,US,desktop,0,1,282.72,0.0,5.0,573.14,0
TXN0002432,CUST00827,19,54.0,0.0,travel,US,desktop,0,1,505.81,4.0,6.0,326.5,0
TXN0002433,CUST00377,23,940.0,0.0,fashion,CA,tablet,1,0,120.32,0.0,3.0,250.19,0
TXN0002434,CUST00898,18,430.0,0.0,fashion,AU,mobile,1,0,157.14,2.0,0.0,787.8,0
TXN0002435,CUST00915,15,770.0,0.0,travel,UK,mobile,1,1,89.26,1.0,4.0,251.82,0
TXN0002436,CUST00557,6,1129.0,0.0,fuel,US,mobile,0,0,165.0,0.0,0.0,685.66,0
TXN0002437,CUST00526,18,335.0,0.0,electronics,CA,mobile,1,0,379.72,0.0,1.0,308.96,0
TXN0002438,CUST00152,11,1410.0,0.0,fashion,US,mobile,0,0,441.13,2.0,1.0,661.8,0
TXN0002439,CUST00733,14,265.0,0.0,restaurant,CA,mobile,1,0,250.06,0.0,4.0,241.37,0
TXN0002440,CUST00205,22,232.0,0.0,fashion,US,mobile,0,0,332.27,0.0,0.0,369.75,0
TXN0002441,CUST00454,13,1272.0,0.0,restaurant,US,mobile,0,0,,0.0,1.0,473.99,0
TXN0002442,CUST00272,10,715.0,0.0,fashion,UK,desktop,1,0,136.4,1.0,2.0,704.57,0
TXN0002443,CUST00893,9,532.0,0.0,travel,US,desktop,0,1,186.06,0.0,3.0,93.07,0
TXN0002444,CUST00235,10,614.0,1.0,online_services,AU,mobile,1,1,1768.61,6.0,8.0,692.17,1
TXN0002445,CUST00851,5,371.0,0.0,restaurant,UK,desktop,1,0,39.6,1.0,4.0,252.36,0
TXN0002446,CUST00739,1,1206.0,0.0,online_services,US,tablet,0,1,97.81,3.0,9.0,354.68,0
TXN0002447,CUST00520,10,141.0,0.0,online_services,UK,mobile,1,1,167.57,1.0,9.0,589.76,0
TXN0002448,CUST00677,18,303.0,0.0,electronics,US,mobile,0,0,100.59,0.0,1.0,199.86,0
TXN0002449,CUST00943,5,57.0,1.0,fashion,US,mobile,0,0,1131.71,2.0,12.0,467.54,1
TXN0002450,CUST00955,13,70.0,0.0,fashion,US,mobile,0,0,71.76,0.0,2.0,471.37,0
TXN0002451,CUST00830,19,375.0,0.0,travel,US,mobile,0,1,640.78,0.0,2.0,424.11,0
TXN0002452,CUST00725,5,1506.0,0.0,restaurant,US,mobile,0,0,1170.32,0.0,2.0,373.71,0
TXN0002453,CUST00500,16,739.0,0.0,fuel,US,mobile,0,0,298.58,1.0,5.0,371.29,0
TXN0002454,CUST00116,9,561.0,1.0,travel,US,mobile,0,1,460.14,2.0,6.0,639.09,0
TXN0002455,CUST00385,0,1411.0,0.0,online_services,US,mobile,0,1,513.61,4.0,6.0,702.21,0
TXN0002456,CUST00343,2,57.0,0.0,restaurant,CA,mobile,1,0,630.75,2.0,4.0,276.13,0
TXN0002457,CUST00583,7,461.0,0.0,fashion,US,mobile,0,0,123.51,1.0,3.0,296.05,0
TXN0002458,CUST00394,7,1018.0,0.0,fashion,US,mobile,0,0,255.23,0.0,2.0,304.24,0
TXN0002459,CUST00063,19,86.0,0.0,fashion,US,mobile,0,0,69.31,0.0,2.0,523.11,0
TXN0002460,CUST00716,21,537.0,1.0,fashion,US,desktop,0,0,248.25,2.0,6.0,225.15,0
TXN0002461,CUST00720,14,1251.0,0.0,grocery,IN,desktop,1,0,132.61,0.0,2.0,1276.66,0
TXN0002462,CUST00071,23,82.0,0.0,fashion,UK,mobile,1,0,226.86,2.0,4.0,254.65,0
TXN0002463,CUST00788,6,797.0,0.0,fashion,CA,tablet,1,0,68.6,0.0,1.0,340.27,0
TXN0002464,CUST00273,10,487.0,0.0,fuel,US,desktop,0,0,116.59,0.0,1.0,360.49,0
TXN0002465,CUST00989,6,457.0,0.0,fuel,UK,mobile,1,0,162.26,0.0,1.0,168.31,0
TXN0002466,CUST00319,3,259.0,0.0,restaurant,IN,mobile,1,0,357.54,4.0,6.0,180.64,0
TXN0002467,CUST00337,11,168.0,0.0,online_services,US,mobile,0,1,245.2,0.0,3.0,315.08,0
TXN0002468,CUST00365,5,750.0,0.0,fashion,US,mobile,0,0,904.96,1.0,2.0,340.28,0
TXN0002469,CUST00494,13,514.0,0.0,fashion,US,mobile,0,0,118.66,1.0,0.0,138.29,0
TXN0002470,CUST00606,11,763.0,2.0,restaurant,IN,mobile,1,0,1910.01,1.0,1.0,817.76,0
TXN0002471,CUST00165,10,826.0,0.0,online_services,US,desktop,0,1,495.71,1.0,3.0,480.45,0
TXN0002472,CUST00543,18,194.0,0.0,fashion,UK,mobile,1,0,282.68,0.0,1.0,469.79,0
TXN0002473,CUST00010,20,918.0,0.0,fashion,US,mobile,0,0,274.05,0.0,3.0,355.83,0
TXN0002474,CUST00300,4,372.0,0.0,travel,AU,mobile,1,1,1098.82,2.0,9.0,754.56,0
TXN0002475,CUST00728,13,445.0,0.0,grocery,US,tablet,0,0,115.42,1.0,2.0,103.49,0
TXN0002476,CUST00800,20,752.0,3.0,restaurant,AU,mobile,1,0,1635.76,0.0,13.0,1146.57,1
TXN0002477,CUST00101,23,571.0,0.0,travel,AU,mobile,1,1,259.8,2.0,4.0,413.37,0
TXN0002478,CUST00424,15,581.0,0.0,fuel,US,mobile,0,0,93.5,0.0,3.0,527.44,0
TXN0002479,CUST00391,12,577.0,0.0,online_services,UK,mobile,1,1,634.56,3.0,8.0,467.47,0
TXN0002480,CUST00778,21,160.0,0.0,electronics,UK,mobile,1,0,224.32,1.0,3.0,434.28,0
TXN0002481,CUST00213,21,303.0,0.0,electronics,US,desktop,0,0,255.29,1.0,1.0,475.08,0
TXN0002482,CUST00690,19,1409.0,0.0,fuel,US,mobile,0,0,32.84,0.0,0.0,176.06,0
TXN0002483,CUST00087,21,247.0,0.0,grocery,US,mobile,0,0,229.07,0.0,3.0,229.74,0
TXN0002484,CUST00552,3,1241.0,0.0,online_services,US,mobile,0,1,675.4,3.0,1.0,773.49,0
TXN0002485,CUST00400,10,1667.0,0.0,online_services,IN,desktop,1,1,148.12,3.0,10.0,374.59,1
TXN0002486,CUST00587,16,31.0,0.0,electronics,US,mobile,0,0,87.32,0.0,3.0,345.02,0
TXN0002487,CUST00888,6,90.0,0.0,grocery,CA,desktop,1,0,352.39,0.0,1.0,423.06,0
TXN0002488,CUST00045,13,690.0,0.0,electronics,US,mobile,0,0,60.69,2.0,1.0,225.6,0
TXN0002489,CUST00671,10,879.0,1.0,electronics,US,mobile,0,0,1048.52,3.0,4.0,458.81,0
TXN0002490,CUST00462,21,545.0,0.0,online_services,US,desktop,0,1,207.92,2.0,2.0,333.38,0
TXN0002491,CUST00591,8,452.0,0.0,travel,US,mobile,0,1,261.2,0.0,2.0,549.59,0
TXN0002492,CUST00309,22,733.0,1.0,online_services,US,mobile,0,1,5510.7,3.0,4.0,1696.38,1
TXN0002493,CUST00085,12,32.0,0.0,electronics,UK,mobile,1,0,298.97,1.0,9.0,737.77,0
TXN0002494,CUST00091,22,284.0,0.0,online_services,US,mobile,0,1,83.87,0.0,1.0,222.02,0
TXN0002495,CUST00659,17,131.0,1.0,fuel,CA,mobile,1,0,682.25,1.0,7.0,621.56,0
TXN0002496,CUST00672,10,359.0,0.0,grocery,US,mobile,0,0,443.38,1.0,1.0,478.94,0
TXN0002497,CUST00713,14,1342.0,1.0,fashion,AU,mobile,1,0,102.11,2.0,8.0,704.12,0
TXN0002498,CUST00935,21,1218.0,0.0,online_services,CA,mobile,1,1,242.2,2.0,8.0,614.79,0
TXN0002499,CUST00927,18,431.0,0.0,online_services,US,mobile,0,1,61.26,0.0,2.0,252.01,0
TXN0002500,CUST00241,0,1055.0,0.0,fashion,US,mobile,0,0,249.58,0.0,2.0,482.91,0
TXN0002501,CUST00864,3,187.0,1.0,fashion,US,desktop,0,0,2799.8,1.0,11.0,1164.3,1
TXN0002502,CUST00001,13,123.0,0.0,grocery,US,mobile,0,0,172.86,0.0,1.0,416.3,0
TXN0002503,CUST00224,13,79.0,0.0,grocery,US,desktop,0,0,260.6,0.0,3.0,301.42,0
TXN0002504,CUST00800,2,70.0,0.0,fashion,IN,mobile,1,0,1098.15,1.0,5.0,1426.66,0
TXN0002505,CUST00744,16,1046.0,0.0,fuel,US,mobile,0,0,321.85,0.0,1.0,249.17,0
TXN0002506,CUST00972,2,787.0,0.0,electronics,CA,desktop,1,0,275.47,2.0,6.0,458.66,0
TXN0002507,CUST00925,15,259.0,3.0,fashion,US,mobile,0,0,134.21,1.0,2.0,316.52,0
TXN0002508,CUST00928,13,637.0,0.0,restaurant,US,mobile,0,0,283.63,0.0,2.0,304.12,0
TXN0002509,CUST00588,19,336.0,0.0,online_services,CA,mobile,1,1,147.29,0.0,13.0,551.82,0
TXN0002510,CUST00115,12,260.0,0.0,grocery,US,mobile,0,0,98.24,1.0,2.0,410.26,0
TXN0002511,CUST00665,14,742.0,0.0,restaurant,AU,mobile,1,0,286.98,0.0,0.0,359.95,0
TXN0002512,CUST00917,13,2198.0,0.0,restaurant,US,mobile,0,0,273.51,0.0,4.0,765.86,0
TXN0002513,CUST00102,23,154.0,0.0,grocery,AU,mobile,1,0,-59.31,1.0,2.0,283.3,0
TXN0002514,CUST00193,18,1134.0,0.0,online_services,CA,desktop,1,1,177.77,5.0,1.0,856.19,0
TXN0002515,CUST00165,5,462.0,0.0,fashion,UK,mobile,1,0,715.82,0.0,1.0,534.37,0
TXN0002516,CUST00870,9,434.0,0.0,fuel,AU,mobile,1,0,89.43,0.0,0.0,621.21,0
TXN0002517,CUST00089,14,2113.0,0.0,travel,US,tablet,0,1,279.71,1.0,4.0,251.61,0
TXN0002518,CUST00685,20,1294.0,0.0,restaurant,US,mobile,0,0,93.28,0.0,1.0,462.58,0
TXN0002519,CUST00121,21,228.0,0.0,fashion,US,mobile,0,0,909.0,0.0,3.0,643.33,0
TXN0002520,CUST00142,19,659.0,0.0,travel,US,desktop,0,1,427.69,1.0,2.0,353.92,0
TXN0002521,CUST00993,5,721.0,0.0,online_services,US,mobile,0,1,126.03,2.0,1.0,317.21,0
TXN0002522,CUST00105,22,285.0,0.0,restaurant,AU,tablet,1,0,290.34,0.0,0.0,181.73,0
TXN0002523,CUST00886,9,718.0,0.0,fashion,US,mobile,0,0,81.75,1.0,2.0,258.53,0
TXN0002524,CUST00427,6,339.0,3.0,restaurant,AU,mobile,1,0,162.36,3.0,7.0,441.55,0
TXN0002525,CUST00304,21,497.0,0.0,fashion,AU,mobile,1,0,226.81,0.0,3.0,408.07,0
TXN0002526,CUST00871,16,185.0,0.0,online_services,UK,mobile,1,1,133.47,1.0,4.0,585.73,0
TXN0002527,CUST00970,17,775.0,0.0,fuel,AU,tablet,1,0,286.76,0.0,1.0,469.94,0
TXN0002528,CUST00316,16,373.0,0.0,online_services,CA,desktop,1,1,64.02,1.0,4.0,67.32,0
TXN0002529,CUST00962,8,1368.0,0.0,electronics,US,desktop,0,0,156.8,0.0,5.0,332.91,0
TXN0002530,CUST00634,9,414.0,2.0,electronics,UK,mobile,1,0,2456.97,2.0,8.0,1712.71,1
TXN0002531,CUST00901,9,1365.0,0.0,online_services,UK,desktop,1,1,768.6,4.0,9.0,572.17,0
TXN0002532,CUST00008,6,352.0,0.0,grocery,US,desktop,0,0,932.97,0.0,1.0,690.24,0
TXN0002533,CUST00773,15,366.0,0.0,travel,US,mobile,0,1,1491.83,0.0,2.0,415.55,0
TXN0002534,CUST00072,17,902.0,1.0,online_services,US,desktop,0,1,435.03,1.0,3.0,325.81,0
TXN0002535,CUST00358,5,250.0,0.0,online_services,US,desktop,0,1,26.48,0.0,5.0,301.57,0
TXN0002536,CUST00222,19,513.0,0.0,restaurant,IN,desktop,1,0,591.79,2.0,1.0,432.14,0
TXN0002537,CUST00415,0,256.0,1.0,restaurant,US,mobile,0,0,333.7,0.0,4.0,181.79,0
TXN0002538,CUST00552,0,1798.0,0.0,fashion,US,tablet,0,0,1271.13,0.0,1.0,773.41,0
TXN0002539,CUST00369,11,1286.0,0.0,travel,US,mobile,0,1,261.46,1.0,0.0,309.71,0
TXN0002540,CUST00715,20,528.0,0.0,restaurant,US,desktop,0,0,905.54,0.0,2.0,625.69,0
TXN0002541,CUST00263,1,370.0,1.0,travel,US,mobile,0,1,682.8,1.0,7.0,359.77,1
TXN0002542,CUST00839,3,186.0,1.0,online_services,US,tablet,0,1,391.27,1.0,7.0,395.06,1
TXN0002543,CUST00689,16,323.0,0.0,travel,IN,mobile,1,1,437.88,0.0,5.0,347.0,0
TXN0002544,CUST00859,3,615.0,0.0,electronics,US,mobile,0,0,361.91,0.0,3.0,233.29,0
TXN0002545,CUST00317,10,170.0,0.0,restaurant,UK,mobile,1,0,97.88,0.0,4.0,285.68,0
TXN0002546,CUST00083,21,818.0,0.0,restaurant,US,mobile,0,0,238.01,0.0,0.0,276.68,0
TXN0002547,CUST00317,3,1123.0,0.0,grocery,AU,tablet,1,0,154.37,1.0,9.0,243.98,0
TXN0002548,CUST00110,0,922.0,0.0,travel,US,tablet,0,1,288.12,4.0,6.0,613.03,0
TXN0002549,CUST00250,6,271.0,0.0,fashion,UK,mobile,1,0,237.99,0.0,0.0,235.15,0
TXN0002550,CUST00382,17,971.0,0.0,electronics,CA,mobile,1,0,272.92,1.0,1.0,282.52,0
TXN0002551,CUST00006,8,573.0,0.0,online_services,UK,mobile,1,1,247.75,4.0,5.0,502.88,0
TXN0002552,CUST00458,2,942.0,1.0,grocery,US,mobile,0,0,579.48,2.0,10.0,647.02,1
TXN0002553,CUST00083,7,992.0,0.0,electronics,US,desktop,0,0,326.27,2.0,3.0,330.9,0
TXN0002554,CUST00207,23,1032.0,0.0,fashion,US,desktop,0,0,133.39,0.0,3.0,401.84,0
TXN0002555,CUST00899,18,362.0,0.0,grocery,US,mobile,0,0,914.85,0.0,4.0,733.56,0
TXN0002556,CUST00389,3,1369.0,0.0,electronics,US,mobile,0,0,241.59,0.0,1.0,339.04,0
TXN0002557,CUST00313,17,286.0,0.0,fashion,CA,desktop,1,0,480.0,1.0,5.0,382.77,0
TXN0002558,CUST00021,19,171.0,0.0,fuel,US,mobile,0,0,159.55,0.0,1.0,455.5,0
TXN0002559,CUST00409,10,446.0,0.0,grocery,US,mobile,0,0,174.25,1.0,3.0,172.74,0
TXN0002560,CUST00894,13,236.0,0.0,fashion,IN,mobile,1,0,511.71,0.0,2.0,301.54,0
TXN0002561,CUST00514,17,728.0,0.0,grocery,IN,mobile,1,0,449.35,0.0,1.0,339.08,0
TXN0002562,CUST00126,15,323.0,2.0,restaurant,IN,mobile,1,0,655.37,4.0,14.0,705.84,1
TXN0002563,CUST00808,2,720.0,0.0,restaurant,US,tablet,0,0,58.68,1.0,3.0,329.87,0
TXN0002564,CUST00699,14,380.0,0.0,electronics,US,mobile,0,0,160.9,0.0,5.0,288.46,0
TXN0002565,CUST00873,3,719.0,4.0,travel,AU,desktop,1,1,689.1,1.0,4.0,1059.0,1
TXN0002566,CUST00013,4,826.0,0.0,fuel,US,mobile,0,0,141.75,0.0,1.0,255.75,0
TXN0002567,CUST00970,16,336.0,0.0,online_services,US,desktop,0,1,88.43,0.0,4.0,486.85,0
TXN0002568,CUST00977,6,820.0,0.0,travel,US,mobile,0,1,484.54,0.0,1.0,598.25,0
TXN0002569,CUST00011,15,66.0,0.0,online_services,UK,mobile,1,1,775.38,3.0,6.0,710.82,1
TXN0002570,CUST00086,13,90.0,0.0,online_services,US,mobile,0,1,1040.14,1.0,1.0,326.4,0
TXN0002571,CUST00523,15,385.0,0.0,online_services,CA,desktop,1,1,213.99,2.0,7.0,183.61,0
TXN0002572,CUST00908,6,535.0,0.0,fashion,US,desktop,0,0,282.01,0.0,1.0,416.9,0
TXN0002573,CUST00536,8,434.0,0.0,grocery,US,tablet,0,0,152.78,1.0,1.0,298.02,0
TXN0002574,CUST00300,3,761.0,0.0,restaurant,US,mobile,0,0,819.62,0.0,2.0,1029.62,0
TXN0002575,CUST00242,21,542.0,0.0,travel,US,mobile,0,1,192.12,1.0,2.0,409.1,0
TXN0002576,CUST00121,10,558.0,0.0,online_services,IN,mobile,1,1,208.03,3.0,7.0,503.11,0
TXN0002577,CUST00146,1,283.0,0.0,restaurant,IN,mobile,1,0,114.23,2.0,4.0,440.62,0
TXN0002578,CUST00566,11,916.0,0.0,online_services,US,mobile,0,1,331.52,1.0,2.0,621.76,0
TXN0002579,CUST00749,11,433.0,0.0,fuel,IN,desktop,1,0,187.94,0.0,2.0,185.9,0
TXN0002580,CUST00355,3,1214.0,0.0,fashion,UK,mobile,1,0,112.68,3.0,9.0,274.78,0
TXN0002581,CUST00684,17,708.0,1.0,fuel,US,desktop,0,0,567.54,7.0,12.0,622.72,1
TXN0002582,CUST00903,20,370.0,0.0,fuel,UK,mobile,1,0,436.85,2.0,2.0,499.54,0
TXN0002583,CUST00732,6,1545.0,0.0,fashion,AU,mobile,1,0,914.63,2.0,1.0,347.31,0
TXN0002584,CUST00630,0,281.0,0.0,grocery,US,mobile,0,0,295.5,0.0,0.0,206.77,0
TXN0002585,CUST00308,22,354.0,1.0,fuel,US,mobile,0,0,599.94,2.0,7.0,598.02,0
TXN0002586,CUST00694,12,496.0,0.0,travel,US,tablet,0,1,352.61,0.0,1.0,460.51,0
TXN0002587,CUST00287,5,425.0,2.0,online_services,US,desktop,0,1,619.85,2.0,8.0,816.69,1
TXN0002588,CUST00306,5,1748.0,1.0,fashion,US,desktop,0,0,753.76,1.0,9.0,699.4,0
TXN0002589,CUST00811,11,249.0,0.0,fashion,UK,tablet,1,0,244.28,1.0,0.0,449.14,0
TXN0002590,CUST00593,7,272.0,0.0,online_services,CA,mobile,1,1,353.93,1.0,6.0,508.9,0
TXN0002591,CUST00965,23,466.0,0.0,restaurant,US,mobile,0,0,393.91,0.0,8.0,718.33,0
TXN0002592,CUST00913,21,135.0,0.0,electronics,US,desktop,0,0,235.21,0.0,4.0,833.35,0
TXN0002593,CUST00722,18,1042.0,0.0,fuel,CA,mobile,1,0,4082.13,1.0,2.0,2683.83,0
TXN0002594,CUST00661,4,1166.0,0.0,travel,US,mobile,0,1,510.23,3.0,12.0,765.06,1
TXN0002595,CUST00548,17,723.0,0.0,grocery,CA,mobile,1,0,46.37,0.0,0.0,470.63,0
TXN0002596,CUST00351,4,460.0,0.0,fuel,IN,mobile,1,0,185.4,2.0,7.0,259.19,0
TXN0002597,CUST00311,9,389.0,0.0,online_services,IN,desktop,1,1,240.93,3.0,8.0,256.94,1
TXN0002598,CUST00872,0,422.0,0.0,grocery,UK,mobile,1,0,398.37,3.0,2.0,213.48,0
TXN0002599,CUST00058,9,771.0,0.0,restaurant,US,mobile,0,0,1061.32,1.0,2.0,407.18,0
TXN0002600,CUST00642,4,647.0,0.0,fuel,US,mobile,0,0,137.62,0.0,2.0,,0
TXN0002601,CUST00923,11,110.0,0.0,grocery,UK,mobile,1,0,614.46,1.0,2.0,316.76,0
TXN0002602,CUST00713,21,673.0,0.0,fuel,IN,desktop,1,0,287.98,0.0,1.0,793.17,0
TXN0002603,CUST00754,6,215.0,0.0,fashion,US,mobile,0,0,318.4,0.0,5.0,441.97,0
TXN0002604,CUST00034,8,320.0,0.0,fuel,US,mobile,0,0,636.16,0.0,0.0,359.12,0
TXN0002605,CUST00444,21,64.0,0.0,travel,CA,mobile,1,1,170.48,4.0,15.0,851.42,1
TXN0002606,CUST00092,20,319.0,0.0,fuel,US,mobile,0,0,375.36,0.0,2.0,842.37,0
TXN0002607,CUST00949,11,1482.0,4.0,grocery,US,mobile,0,0,2887.48,0.0,9.0,1292.87,1
TXN0002608,CUST00958,22,550.0,0.0,travel,AU,desktop,1,1,104.97,1.0,9.0,225.89,0
TXN0002609,CUST00206,0,53.0,0.0,grocery,US,mobile,0,0,709.66,0.0,13.0,327.06,0
TXN0002610,CUST00352,10,201.0,0.0,online_services,US,mobile,0,1,421.02,0.0,3.0,393.81,0
TXN0002611,CUST00902,20,786.0,0.0,online_services,US,desktop,0,1,51.14,0.0,1.0,471.82,0
TXN0002612,CUST00331,14,639.0,0.0,electronics,CA,desktop,1,0,320.15,0.0,3.0,273.17,0
TXN0002613,CUST00816,1,303.0,1.0,electronics,US,mobile,0,0,489.21,1.0,8.0,216.48,0
TXN0002614,CUST00861,19,255.0,0.0,travel,US,mobile,0,1,751.03,1.0,2.0,,0
TXN0002615,CUST00724,6,241.0,0.0,online_services,UK,mobile,1,1,135.43,3.0,6.0,474.8,0
TXN0002616,CUST00158,20,361.0,0.0,electronics,US,mobile,0,0,236.6,2.0,2.0,460.17,0
TXN0002617,CUST00953,11,593.0,0.0,electronics,US,mobile,0,0,128.52,0.0,1.0,225.47,0
TXN0002618,CUST00956,21,593.0,3.0,fashion,US,mobile,0,0,520.56,3.0,5.0,496.11,0
TXN0002619,CUST00023,17,217.0,0.0,grocery,US,mobile,0,0,137.8,0.0,2.0,159.36,0
TXN0002620,CUST00403,2,1250.0,0.0,electronics,CA,desktop,1,0,179.75,2.0,2.0,389.92,0
TXN0002621,CUST00804,6,607.0,1.0,travel,CA,desktop,1,1,265.91,1.0,9.0,543.01,1
TXN0002622,CUST00515,10,194.0,1.0,fashion,UK,mobile,1,0,486.24,3.0,8.0,432.12,1
TXN0002623,CUST00731,17,38.0,2.0,online_services,CA,mobile,1,1,354.12,1.0,9.0,631.81,1
TXN0002624,CUST00363,11,1220.0,0.0,electronics,US,mobile,0,0,169.54,0.0,3.0,187.48,0
TXN0002625,CUST00381,5,876.0,0.0,fuel,AU,mobile,1,0,222.9,0.0,3.0,689.85,0
TXN0002626,CUST00531,4,179.0,0.0,online_services,AU,mobile,1,1,83.94,0.0,6.0,388.52,0
TXN0002627,CUST00955,0,414.0,0.0,travel,US,desktop,0,1,274.33,2.0,9.0,387.34,0
TXN0002628,CUST00151,11,1110.0,0.0,grocery,US,mobile,0,0,659.38,0.0,6.0,399.81,0
TXN0002629,CUST00561,10,966.0,0.0,online_services,US,mobile,0,1,447.26,0.0,1.0,253.4,0
TXN0002630,CUST00688,3,772.0,1.0,fuel,US,mobile,0,0,322.78,1.0,6.0,339.24,0
TXN0002631,CUST00946,17,568.0,0.0,online_services,US,desktop,0,1,554.57,1.0,1.0,655.36,0
TXN0002632,CUST00607,3,224.0,0.0,electronics,UK,desktop,1,0,128.12,2.0,5.0,622.26,0
TXN0002633,CUST00616,16,395.0,0.0,travel,CA,desktop,1,1,309.3,2.0,4.0,285.43,0
TXN0002634,CUST00419,1,480.0,0.0,fuel,CA,mobile,1,0,35.4,2.0,4.0,262.5,0
TXN0002635,CUST00249,23,722.0,0.0,travel,US,desktop,0,1,398.46,0.0,2.0,506.33,0
TXN0002636,CUST00116,21,890.0,0.0,restaurant,US,desktop,0,0,245.68,0.0,2.0,535.88,0
TXN0002637,CUST00865,1,260.0,1.0,online_services,UK,mobile,1,1,905.0,2.0,8.0,516.11,1
TXN0002638,CUST00511,11,535.0,0.0,fuel,AU,mobile,1,0,248.12,0.0,3.0,198.36,0
TXN0002639,CUST00739,5,1100.0,0.0,travel,US,desktop,0,1,1090.7,1.0,1.0,451.86,0
TXN0002640,CUST00577,9,967.0,0.0,fuel,UK,tablet,1,0,492.27,0.0,3.0,502.4,0
TXN0002641,CUST00334,22,1304.0,0.0,restaurant,US,tablet,0,0,433.88,1.0,0.0,678.52,0
TXN0002642,CUST00417,20,552.0,0.0,grocery,UK,mobile,1,0,381.54,0.0,0.0,287.61,0
TXN0002643,CUST00931,22,321.0,0.0,grocery,IN,tablet,1,0,1217.59,0.0,2.0,469.4,0
TXN0002644,CUST00773,15,782.0,0.0,online_services,UK,mobile,1,1,200.02,2.0,3.0,368.14,0
TXN0002645,CUST00294,13,285.0,0.0,fashion,AU,mobile,1,0,80.57,1.0,1.0,167.75,0
TXN0002646,CUST00937,6,243.0,0.0,fuel,US,tablet,0,0,966.4,0.0,1.0,602.59,0
TXN0002647,CUST00754,18,1135.0,2.0,restaurant,CA,desktop,1,0,399.85,1.0,3.0,470.74,0
TXN0002648,CUST00370,22,202.0,0.0,travel,US,desktop,0,1,363.77,1.0,3.0,283.84,0
TXN0002649,CUST00185,16,538.0,0.0,fashion,US,desktop,0,0,371.32,1.0,1.0,192.65,0
TXN0002650,CUST00245,8,67.0,0.0,fuel,US,desktop,0,0,136.02,0.0,2.0,559.45,0
TXN0002651,CUST00636,12,1325.0,0.0,fashion,US,mobile,0,0,78.97,0.0,1.0,218.16,0
TXN0002652,CUST00267,21,219.0,0.0,fuel,US,tablet,0,0,574.06,0.0,1.0,280.78,0
TXN0002653,CUST00642,4,968.0,0.0,online_services,UK,tablet,1,1,1924.41,1.0,6.0,781.12,0
TXN0002654,CUST00236,22,278.0,0.0,online_services,AU,mobile,1,1,406.12,3.0,4.0,205.32,0
TXN0002655,CUST00529,4,739.0,0.0,grocery,UK,mobile,1,0,337.55,2.0,6.0,347.92,0
TXN0002656,CUST00551,9,175.0,1.0,travel,US,mobile,0,1,210.12,0.0,1.0,294.63,0
TXN0002657,CUST00020,20,528.0,1.0,restaurant,IN,desktop,1,0,456.5,0.0,8.0,248.54,0
TXN0002658,CUST00910,9,394.0,0.0,online_services,US,desktop,0,1,646.09,1.0,1.0,387.3,0
TXN0002659,CUST00736,6,183.0,0.0,grocery,UK,tablet,1,0,131.08,2.0,5.0,154.66,0
TXN0002660,CUST00866,14,843.0,0.0,fashion,AU,mobile,1,0,272.12,0.0,0.0,245.25,0
TXN0002661,CUST00793,6,963.0,0.0,electronics,IN,desktop,1,0,353.87,0.0,0.0,402.12,0
TXN0002662,CUST00519,14,522.0,0.0,online_services,US,desktop,0,1,369.34,0.0,1.0,335.8,0
TXN0002663,CUST00099,2,101.0,1.0,fashion,CA,mobile,1,0,400.84,0.0,3.0,287.99,1
TXN0002664,CUST00751,18,99.0,1.0,electronics,US,desktop,0,0,689.15,0.0,5.0,356.58,0
TXN0002665,CUST00477,9,131.0,0.0,fuel,US,mobile,0,0,481.39,1.0,2.0,388.27,0
TXN0002666,CUST00598,14,655.0,0.0,grocery,US,desktop,0,0,1082.72,0.0,2.0,438.19,0
TXN0002667,CUST00297,2,217.0,0.0,fuel,US,desktop,0,0,205.89,0.0,1.0,243.79,0
TXN0002668,CUST00939,5,1462.0,0.0,restaurant,US,desktop,0,0,340.0,0.0,3.0,679.49,0
TXN0002669,CUST00525,11,114.0,0.0,travel,UK,mobile,1,1,96.76,4.0,6.0,605.53,1
TXN0002670,CUST00333,14,335.0,0.0,online_services,US,mobile,0,1,,1.0,1.0,278.9,0
TXN0002671,CUST00001,5,938.0,1.0,electronics,UK,desktop,1,0,426.39,2.0,2.0,486.52,0
TXN0002672,CUST00374,12,1156.0,0.0,online_services,UK,mobile,1,1,1153.25,2.0,11.0,395.74,0
TXN0002673,CUST00292,18,533.0,0.0,travel,AU,mobile,1,1,439.88,0.0,8.0,720.54,0
TXN0002674,CUST00836,2,348.0,0.0,fuel,US,mobile,0,0,263.68,2.0,2.0,202.59,0
TXN0002675,CUST00933,7,752.0,3.0,grocery,AU,mobile,1,0,163.01,2.0,4.0,661.01,0
TXN0002676,CUST00552,7,317.0,0.0,grocery,IN,desktop,1,0,313.16,0.0,2.0,589.61,0
TXN0002677,CUST00317,22,102.0,0.0,fuel,UK,desktop,1,0,315.7,1.0,0.0,245.75,0
TXN0002678,CUST00501,19,366.0,0.0,fuel,CA,mobile,1,0,204.09,3.0,4.0,181.85,0
TXN0002679,CUST00827,14,272.0,2.0,grocery,US,desktop,0,0,811.87,0.0,5.0,315.26,0
TXN0002680,CUST00380,3,1064.0,0.0,restaurant,IN,mobile,1,0,1034.01,2.0,5.0,255.38,0
TXN0002681,CUST00622,18,148.0,0.0,electronics,UK,mobile,1,0,522.7,0.0,2.0,360.0,0
TXN0002682,CUST00013,20,156.0,0.0,travel,US,desktop,0,1,120.51,0.0,0.0,240.91,0
TXN0002683,CUST00503,2,243.0,0.0,fashion,US,mobile,0,0,1166.65,0.0,1.0,1146.53,0
TXN0002684,CUST00230,12,384.0,1.0,online_services,UK,mobile,1,1,364.98,4.0,3.0,660.95,1
TXN0002685,CUST00984,7,1572.0,0.0,fuel,US,desktop,0,0,891.44,2.0,2.0,447.73,0
TXN0002686,CUST00083,22,285.0,0.0,fuel,CA,mobile,1,0,137.1,0.0,2.0,239.69,0
TXN0002687,CUST00129,15,707.0,1.0,online_services,US,mobile,0,1,707.76,5.0,2.0,414.33,0
TXN0002688,CUST00742,12,477.0,0.0,grocery,US,mobile,0,0,45.15,1.0,2.0,725.88,0
TXN0002689,CUST00837,2,572.0,1.0,travel,UK,tablet,1,1,1283.51,1.0,5.0,386.32,1
TXN0002690,CUST00144,15,658.0,0.0,travel,AU,mobile,1,1,50.89,0.0,6.0,235.33,0
TXN0002691,CUST00890,8,1147.0,0.0,restaurant,UK,mobile,1,0,288.84,0.0,0.0,438.91,0
TXN0002692,CUST00856,13,262.0,0.0,electronics,CA,desktop,1,0,172.83,0.0,4.0,389.08,0
TXN0002693,CUST00027,12,370.0,0.0,restaurant,AU,desktop,1,0,174.39,0.0,2.0,674.75,0
TXN0002694,CUST00065,20,823.0,1.0,restaurant,US,mobile,0,0,1196.0,3.0,1.0,388.32,1
TXN0002695,CUST00162,6,593.0,2.0,travel,CA,mobile,1,1,1443.81,2.0,6.0,993.89,0
TXN0002696,CUST00228,14,50.0,0.0,electronics,US,mobile,0,0,697.17,0.0,3.0,376.42,0
TXN0002697,CUST00260,6,136.0,0.0,electronics,CA,mobile,1,0,95.99,1.0,4.0,451.61,0
TXN0002698,CUST00448,5,656.0,0.0,electronics,US,desktop,0,0,190.77,0.0,3.0,251.02,0
TXN0002699,CUST00423,1,186.0,0.0,online_services,IN,mobile,1,1,788.97,1.0,5.0,379.52,0
TXN0002700,CUST00459,8,265.0,1.0,grocery,US,mobile,0,0,1454.98,4.0,2.0,897.99,0
TXN0002701,CUST00951,21,703.0,0.0,electronics,US,desktop,0,0,389.95,1.0,1.0,383.1,0
TXN0002702,CUST00675,23,1140.0,2.0,travel,US,mobile,0,1,411.34,2.0,3.0,357.97,0
TXN0002703,CUST00300,16,1340.0,3.0,online_services,US,tablet,0,1,2135.33,1.0,7.0,956.85,0
TXN0002704,CUST00918,4,406.0,0.0,grocery,US,mobile,0,0,339.71,0.0,1.0,339.58,0
TXN0002705,CUST00302,11,837.0,1.0,fashion,US,mobile,0,0,2591.14,3.0,5.0,848.05,1
TXN0002706,CUST00286,0,909.0,4.0,fuel,AU,desktop,1,0,1046.98,2.0,8.0,648.3,1
TXN0002707,CUST00394,9,306.0,0.0,restaurant,US,mobile,0,0,49.3,0.0,1.0,327.4,0
TXN0002708,CUST00009,10,784.0,0.0,electronics,US,mobile,0,0,126.63,0.0,0.0,284.56,0
TXN0002709,CUST00706,15,742.0,0.0,fashion,UK,desktop,1,0,215.12,1.0,2.0,160.17,0
TXN0002710,CUST00629,13,698.0,0.0,electronics,US,mobile,0,0,124.54,1.0,4.0,206.94,0
TXN0002711,CUST00269,7,700.0,0.0,restaurant,AU,mobile,1,0,120.92,1.0,2.0,314.8,0
TXN0002712,CUST00591,23,1151.0,0.0,travel,US,desktop,0,1,1122.72,0.0,0.0,575.69,0
TXN0002713,CUST00969,16,87.0,0.0,travel,UK,desktop,1,1,263.61,5.0,6.0,337.35,1
TXN0002714,CUST00604,17,358.0,1.0,restaurant,US,desktop,0,0,600.33,5.0,10.0,458.14,1
TXN0002715,CUST00777,11,1111.0,0.0,fashion,US,desktop,0,0,258.0,1.0,1.0,508.44,0
TXN0002716,CUST00843,16,106.0,0.0,grocery,CA,mobile,1,0,85.43,2.0,1.0,183.25,0
TXN0002717,CUST00861,13,67.0,0.0,fuel,US,desktop,0,0,214.76,1.0,2.0,465.85,0
TXN0002718,CUST00360,15,143.0,2.0,fuel,IN,tablet,1,0,108.89,2.0,5.0,555.61,0
TXN0002719,CUST00256,13,1109.0,1.0,fuel,US,mobile,0,0,463.45,2.0,6.0,493.61,0
TXN0002720,CUST00132,8,574.0,0.0,grocery,CA,desktop,1,0,100.0,0.0,2.0,239.64,0
TXN0002721,CUST00275,3,1171.0,,electronics,IN,mobile,1,0,714.06,2.0,7.0,581.66,0
TXN0002722,CUST00775,22,411.0,0.0,restaurant,US,mobile,0,0,234.01,2.0,2.0,446.47,0
TXN0002723,CUST00682,10,883.0,0.0,restaurant,CA,mobile,1,0,719.79,1.0,2.0,748.25,0
TXN0002724,CUST00971,5,486.0,0.0,grocery,US,mobile,0,0,150.18,0.0,2.0,197.65,0
TXN0002725,CUST00512,14,721.0,1.0,fashion,UK,mobile,1,0,2819.14,2.0,8.0,866.97,1
TXN0002726,CUST00312,4,,1.0,fuel,UK,mobile,1,0,981.21,2.0,7.0,390.41,0
TXN0002727,CUST00575,10,593.0,0.0,online_services,US,tablet,0,1,115.09,2.0,2.0,1091.39,0
TXN0002728,CUST00885,17,635.0,0.0,restaurant,US,mobile,0,0,272.63,0.0,5.0,324.46,0
TXN0002729,CUST00979,12,678.0,0.0,travel,UK,mobile,1,1,657.48,0.0,9.0,616.27,0
TXN0002730,CUST00283,10,2055.0,0.0,travel,AU,mobile,1,1,104.15,4.0,3.0,134.98,0
TXN0002731,CUST00120,13,740.0,0.0,online_services,IN,tablet,1,1,1157.22,1.0,10.0,667.6,0
TXN0002732,CUST00106,17,1675.0,0.0,restaurant,UK,mobile,1,0,374.55,0.0,1.0,444.77,0
TXN0002733,CUST00932,18,219.0,0.0,fuel,US,desktop,0,0,97.98,0.0,4.0,708.34,0
TXN0002734,CUST00686,23,471.0,0.0,fuel,AU,desktop,1,0,161.13,2.0,0.0,290.89,0
TXN0002735,CUST00996,14,46.0,0.0,fuel,AU,mobile,1,0,175.47,2.0,8.0,393.36,0
TXN0002736,CUST00203,8,159.0,0.0,fashion,US,mobile,0,0,593.85,1.0,1.0,1686.4,0
TXN0002737,CUST00164,7,286.0,0.0,travel,US,mobile,0,1,95.25,0.0,2.0,542.61,0
TXN0002738,CUST00304,19,1416.0,2.0,fashion,AU,mobile,1,0,2302.89,2.0,8.0,544.35,1
TXN0002739,CUST00496,0,1274.0,0.0,grocery,AU,mobile,1,0,609.89,2.0,7.0,341.3,0
TXN0002740,CUST00631,3,617.0,0.0,electronics,US,mobile,0,0,926.58,1.0,2.0,583.85,0
TXN0002741,CUST00555,13,288.0,0.0,fuel,IN,desktop,1,0,256.48,0.0,1.0,623.1,0
TXN0002742,CUST00823,1,239.0,0.0,grocery,US,mobile,0,0,657.15,2.0,3.0,295.98,0
TXN0002743,CUST00155,15,509.0,0.0,electronics,IN,mobile,1,0,201.83,1.0,0.0,378.21,0
TXN0002744,CUST00366,2,798.0,1.0,online_services,US,desktop,0,1,1620.35,4.0,6.0,1379.37,1
TXN0002745,CUST00718,7,1121.0,0.0,travel,US,mobile,0,1,262.44,0.0,3.0,444.5,0
TXN0002746,CUST00901,5,842.0,0.0,electronics,US,mobile,0,0,1033.65,1.0,4.0,601.31,0
TXN0002747,CUST00619,15,75.0,0.0,electronics,AU,tablet,1,0,303.28,3.0,11.0,669.35,1
TXN0002748,CUST00250,23,368.0,1.0,restaurant,US,mobile,0,0,370.3,5.0,7.0,235.47,1
TXN0002749,CUST00956,15,109.0,0.0,electronics,CA,mobile,1,0,820.83,0.0,1.0,570.35,0
TXN0002750,CUST00915,6,766.0,1.0,restaurant,US,mobile,0,0,828.75,3.0,8.0,249.67,1
TXN0002751,CUST00881,12,1099.0,0.0,electronics,CA,desktop,1,0,159.28,0.0,1.0,298.15,0
TXN0002752,CUST00333,12,536.0,0.0,restaurant,US,mobile,0,0,153.35,2.0,1.0,237.96,0
TXN0002753,CUST00641,4,543.0,0.0,travel,US,mobile,0,1,120.05,1.0,9.0,303.73,0
TXN0002754,CUST00968,19,167.0,0.0,travel,US,desktop,0,1,77.79,0.0,0.0,813.86,0
TXN0002755,CUST00510,21,778.0,0.0,electronics,US,mobile,0,0,174.55,0.0,2.0,187.02,0
TXN0002756,CUST00292,17,1236.0,0.0,online_services,CA,mobile,1,1,288.26,2.0,6.0,822.02,0
TXN0002757,CUST00019,14,709.0,0.0,online_services,US,desktop,0,1,180.37,0.0,1.0,399.4,0
TXN0002758,CUST00281,17,418.0,0.0,fashion,US,mobile,0,0,11.88,0.0,2.0,194.34,0
TXN0002759,CUST00796,1,948.0,0.0,online_services,US,mobile,0,1,71.55,2.0,5.0,186.43,0
TXN0002760,CUST00000,9,486.0,0.0,travel,US,mobile,0,1,519.08,2.0,1.0,353.54,0
TXN0002761,CUST00118,22,290.0,1.0,grocery,US,tablet,0,0,743.22,1.0,6.0,351.38,0
TXN0002762,CUST00034,12,203.0,0.0,online_services,US,tablet,0,1,62.5,0.0,3.0,388.53,0
TXN0002763,CUST00197,17,-617.0,0.0,grocery,UK,desktop,1,0,184.11,0.0,0.0,373.48,0
TXN0002764,CUST00484,14,494.0,3.0,restaurant,US,desktop,0,0,767.02,2.0,12.0,732.43,0
TXN0002765,CUST00756,11,1579.0,1.0,,US,desktop,0,0,1481.56,3.0,9.0,388.42,1
TXN0002766,CUST00058,14,245.0,0.0,fuel,US,desktop,0,0,141.3,0.0,2.0,364.15,0
TXN0002767,CUST00836,12,282.0,0.0,restaurant,US,mobile,0,0,406.43,0.0,1.0,224.4,0
TXN0002768,CUST00160,17,40.0,1.0,electronics,CA,desktop,1,0,619.41,0.0,6.0,295.99,0
TXN0002769,CUST00690,14,932.0,0.0,online_services,AU,desktop,1,1,181.9,6.0,6.0,198.71,0
TXN0002770,CUST00205,22,468.0,0.0,travel,US,tablet,0,1,491.97,0.0,1.0,272.88,0
TXN0002771,CUST00011,10,306.0,0.0,fashion,US,mobile,0,0,114.9,0.0,3.0,716.14,0
TXN0002772,CUST00489,18,579.0,0.0,restaurant,US,mobile,0,0,522.11,2.0,2.0,383.51,0
TXN0002773,CUST00275,2,1001.0,1.0,restaurant,AU,tablet,1,0,245.15,3.0,7.0,777.09,1
TXN0002774,CUST00692,6,1196.0,0.0,grocery,UK,mobile,1,0,154.31,0.0,0.0,307.66,0
TXN0002775,CUST00241,20,744.0,0.0,electronics,AU,tablet,1,0,179.91,1.0,1.0,376.4,0
TXN0002776,CUST00215,13,219.0,0.0,restaurant,US,desktop,0,0,223.93,1.0,5.0,253.51,0
TXN0002777,CUST00250,13,209.0,0.0,grocery,UK,desktop,1,0,31.98,1.0,3.0,193.22,0
TXN0002778,CUST00810,21,786.0,0.0,fashion,UK,mobile,1,0,266.25,0.0,3.0,357.36,0
TXN0002779,CUST00125,12,242.0,0.0,restaurant,US,mobile,0,0,56.73,1.0,3.0,420.12,0
TXN0002780,CUST00993,11,640.0,0.0,fuel,US,mobile,0,0,279.81,0.0,2.0,265.99,0
TXN0002781,CUST00216,23,608.0,0.0,fuel,US,desktop,0,0,304.74,0.0,2.0,332.19,0
TXN0002782,CUST00305,8,114.0,0.0,grocery,CA,desktop,1,0,534.49,0.0,2.0,674.79,0
TXN0002783,CUST00796,0,366.0,0.0,fuel,AU,mobile,1,0,84.08,2.0,6.0,174.2,0
TXN0002784,CUST00184,18,25.0,0.0,electronics,US,desktop,0,0,293.97,0.0,1.0,261.71,0
TXN0002785,CUST00038,10,379.0,0.0,travel,US,desktop,0,1,235.53,1.0,3.0,382.64,0
TXN0002786,CUST00222,22,1283.0,0.0,fuel,AU,tablet,1,0,155.37,1.0,1.0,325.14,0
TXN0002787,CUST00183,21,499.0,1.0,fashion,US,mobile,0,0,265.11,2.0,5.0,723.26,0
TXN0002788,CUST00494,22,245.0,0.0,restaurant,US,mobile,0,0,261.04,0.0,,198.04,0
TXN0002789,CUST00426,23,1316.0,1.0,grocery,US,mobile,0,0,2062.29,4.0,14.0,1907.31,1
TXN0002790,CUST00177,21,348.0,0.0,restaurant,US,mobile,0,0,201.85,1.0,3.0,409.52,0
TXN0002791,CUST00918,18,536.0,0.0,travel,AU,tablet,1,1,667.14,1.0,5.0,420.02,0
TXN0002792,CUST00427,17,769.0,0.0,restaurant,US,mobile,0,0,612.02,2.0,0.0,390.38,0
TXN0002793,CUST00293,11,970.0,0.0,restaurant,UK,tablet,1,0,44.19,0.0,1.0,402.92,0
TXN0002794,CUST00851,22,1320.0,0.0,grocery,US,tablet,0,0,123.05,3.0,3.0,254.5,0
TXN0002795,CUST00150,0,415.0,0.0,travel,US,mobile,0,1,157.75,2.0,5.0,722.94,0
TXN0002796,CUST00383,18,361.0,0.0,fashion,AU,desktop,1,0,705.6,1.0,0.0,746.12,0
TXN0002797,CUST00637,19,654.0,0.0,grocery,US,mobile,0,0,240.82,1.0,4.0,313.09,0
TXN0002798,CUST00812,16,852.0,1.0,online_services,US,desktop,0,1,2562.55,2.0,7.0,698.22,0
TXN0002799,CUST00307,4,649.0,0.0,travel,IN,mobile,1,1,834.3,3.0,3.0,364.89,1
TXN0002800,CUST00335,2,314.0,0.0,travel,US,tablet,0,1,702.73,1.0,6.0,290.22,0
TXN0002801,CUST00945,1,1379.0,0.0,restaurant,US,desktop,0,0,351.38,2.0,1.0,552.4,0
TXN0002802,CUST00745,2,751.0,1.0,electronics,UK,desktop,1,0,734.8,2.0,7.0,701.04,0
TXN0002803,CUST00891,7,1723.0,0.0,electronics,US,desktop,0,0,626.27,1.0,1.0,336.44,0
TXN0002804,CUST00374,15,2021.0,1.0,fashion,US,mobile,0,0,382.16,1.0,6.0,493.88,0
TXN0002805,CUST00007,5,137.0,0.0,restaurant,UK,mobile,1,0,1232.23,0.0,0.0,496.86,0
TXN0002806,CUST00340,12,572.0,0.0,electronics,US,mobile,0,0,76.0,1.0,0.0,612.5,0
TXN0002807,CUST00128,22,266.0,0.0,grocery,UK,mobile,1,0,173.4,0.0,2.0,298.48,0
TXN0002808,CUST00775,21,653.0,0.0,fashion,US,desktop,0,0,265.24,1.0,3.0,453.49,0
TXN0002809,CUST00668,21,276.0,0.0,restaurant,UK,mobile,1,0,135.17,0.0,0.0,387.63,0
TXN0002810,CUST00351,15,117.0,0.0,fuel,US,tablet,0,0,335.46,2.0,1.0,187.45,0
TXN0002811,CUST00357,15,989.0,0.0,grocery,AU,desktop,1,0,222.19,0.0,3.0,218.88,0
TXN0002812,CUST00516,2,1068.0,0.0,electronics,AU,mobile,1,0,318.59,3.0,3.0,459.28,0
TXN0002813,CUST00494,12,577.0,0.0,electronics,US,mobile,0,0,120.15,0.0,2.0,149.12,0
TXN0002814,CUST00085,13,718.0,0.0,electronics,IN,tablet,1,0,108.54,2.0,3.0,688.79,0
TXN0002815,CUST00174,7,1647.0,1.0,electronics,US,mobile,0,0,686.23,0.0,6.0,383.91,0
TXN0002816,CUST00801,11,64.0,0.0,travel,UK,mobile,1,1,934.7,2.0,5.0,1405.51,0
TXN0002817,CUST00192,22,186.0,0.0,fuel,CA,mobile,1,0,1069.3,0.0,5.0,894.06,0
TXN0002818,CUST00310,22,736.0,0.0,fashion,US,tablet,0,0,56.72,0.0,2.0,418.99,0
TXN0002819,CUST00118,21,121.0,1.0,fashion,US,desktop,0,0,495.71,0.0,7.0,387.21,0
TXN0002820,CUST00217,20,299.0,0.0,electronics,US,mobile,0,0,348.73,1.0,6.0,404.06,0
TXN0002821,CUST00426,7,365.0,0.0,fashion,US,mobile,0,0,327.74,0.0,1.0,1863.35,0
TXN0002822,CUST00969,20,190.0,1.0,fuel,US,mobile,0,0,181.25,2.0,6.0,252.91,0
TXN0002823,CUST00413,8,653.0,0.0,grocery,US,mobile,0,0,136.8,1.0,5.0,236.25,0
TXN0002824,CUST00113,0,465.0,0.0,grocery,US,desktop,0,0,242.0,2.0,0.0,173.03,0
TXN0002825,CUST00977,5,321.0,0.0,online_services,UK,mobile,1,1,2093.77,1.0,9.0,676.16,0
TXN0002826,CUST00144,22,2218.0,0.0,fashion,US,desktop,0,0,520.34,0.0,7.0,,0
TXN0002827,CUST00537,18,168.0,0.0,electronics,US,mobile,0,0,323.87,1.0,1.0,250.06,0
TXN0002828,CUST00647,22,278.0,1.0,restaurant,US,mobile,0,0,95.0,3.0,8.0,611.81,1
TXN0002829,CUST00302,10,415.0,0.0,fuel,UK,mobile,1,0,85.29,0.0,2.0,638.5,0
TXN0002830,CUST00743,10,750.0,1.0,electronics,AU,desktop,1,0,266.37,2.0,6.0,309.96,0
TXN0002831,CUST00880,22,1098.0,0.0,travel,US,desktop,0,1,325.84,0.0,3.0,1240.52,0
TXN0002832,CUST00587,12,86.0,0.0,restaurant,CA,mobile,1,0,219.43,2.0,6.0,338.54,0
TXN0002833,CUST00986,10,1045.0,0.0,fuel,AU,mobile,1,0,147.21,1.0,3.0,442.9,0
TXN0002834,CUST00839,17,123.0,0.0,travel,IN,desktop,1,1,319.76,3.0,4.0,410.37,0
TXN0002835,CUST00344,22,416.0,0.0,fashion,US,mobile,0,0,73.07,0.0,5.0,194.47,0
TXN0002836,CUST00813,14,721.0,0.0,travel,US,mobile,0,1,127.5,1.0,1.0,172.62,0
TXN0002837,CUST00963,0,1689.0,0.0,fashion,US,mobile,0,0,232.13,0.0,1.0,409.9,0
TXN0002838,CUST00800,20,474.0,0.0,travel,US,mobile,0,1,1091.57,0.0,2.0,1083.85,0
TXN0002839,CUST00000,6,281.0,0.0,restaurant,UK,mobile,1,0,500.95,0.0,0.0,-304.6,0
TXN0002840,CUST00146,22,455.0,0.0,travel,US,mobile,0,1,345.44,0.0,2.0,469.69,0
TXN0002841,CUST00286,12,489.0,1.0,electronics,UK,mobile,1,0,513.05,0.0,6.0,495.77,0
TXN0002842,CUST00975,11,612.0,0.0,fashion,US,mobile,0,0,241.16,0.0,3.0,400.28,0
TXN0002843,CUST00653,17,2540.0,0.0,grocery,US,desktop,0,0,647.33,0.0,1.0,684.71,0
TXN0002844,CUST00052,23,576.0,0.0,travel,IN,mobile,1,1,1054.26,1.0,9.0,378.87,0
TXN0002845,CUST00303,18,55.0,0.0,fashion,IN,mobile,1,0,201.95,2.0,5.0,965.36,0
TXN0002846,CUST00068,14,836.0,0.0,grocery,UK,mobile,1,0,350.9,0.0,2.0,733.23,0
TXN0002847,CUST00360,7,586.0,0.0,fashion,US,desktop,0,0,508.41,0.0,0.0,543.24,0
TXN0002848,CUST00601,18,520.0,0.0,online_services,IN,mobile,1,1,339.35,3.0,12.0,631.63,0
TXN0002849,CUST00957,9,1211.0,0.0,fashion,US,desktop,0,0,85.84,1.0,3.0,548.43,0
TXN0002850,CUST00219,6,1039.0,0.0,grocery,UK,desktop,1,0,134.83,1.0,1.0,640.0,0
TXN0002851,CUST00961,17,158.0,0.0,grocery,US,desktop,0,0,442.53,1.0,2.0,333.43,0
TXN0002852,CUST00703,15,435.0,0.0,restaurant,UK,mobile,1,0,155.9,0.0,0.0,320.02,0
TXN0002853,CUST00965,19,112.0,0.0,fuel,CA,mobile,1,0,1027.5,1.0,2.0,633.1,0
TXN0002854,CUST00574,5,89.0,1.0,online_services,AU,desktop,1,1,573.46,2.0,7.0,523.41,1
TXN0002855,CUST00584,8,146.0,0.0,travel,UK,mobile,1,1,84.18,3.0,4.0,765.87,0
TXN0002856,CUST00160,20,638.0,0.0,,AU,desktop,1,1,559.86,1.0,3.0,286.11,0
TXN0002857,CUST00680,12,943.0,0.0,,US,mobile,0,1,183.46,1.0,4.0,305.16,0
TXN0002858,CUST00088,20,968.0,0.0,fashion,UK,mobile,1,0,195.46,0.0,2.0,216.81,0
TXN0002859,CUST00687,7,468.0,0.0,online_services,US,desktop,0,1,489.96,0.0,0.0,607.57,0
TXN0002860,CUST00780,15,180.0,0.0,electronics,US,desktop,0,0,110.79,1.0,3.0,276.42,0
TXN0002861,CUST00584,12,263.0,1.0,electronics,CA,desktop,1,0,788.29,5.0,3.0,611.91,1
TXN0002862,CUST00756,12,844.0,0.0,fuel,AU,desktop,1,0,92.84,0.0,1.0,364.3,0
TXN0002863,CUST00588,16,68.0,0.0,fashion,US,tablet,0,0,260.02,0.0,1.0,453.95,0
TXN0002864,CUST00158,22,568.0,0.0,restaurant,US,mobile,0,0,65.96,2.0,2.0,418.36,0
TXN0002865,CUST00488,19,134.0,0.0,grocery,US,mobile,0,0,124.88,0.0,0.0,207.99,0
TXN0002866,CUST00970,4,635.0,0.0,fashion,AU,mobile,1,0,502.02,2.0,6.0,462.24,0
TXN0002867,CUST00323,21,853.0,3.0,travel,US,tablet,0,1,2212.42,0.0,4.0,928.7,0
TXN0002868,CUST00609,20,277.0,0.0,electronics,US,mobile,0,0,120.56,1.0,3.0,405.56,0
TXN0002869,CUST00380,16,93.0,1.0,electronics,US,desktop,0,0,335.75,5.0,10.0,315.89,1
TXN0002870,CUST00101,8,364.0,0.0,electronics,US,mobile,0,0,265.57,0.0,1.0,506.4,0
TXN0002871,CUST00493,1,491.0,0.0,restaurant,UK,mobile,1,0,128.16,2.0,3.0,453.53,0
TXN0002872,CUST00643,17,202.0,3.0,travel,IN,desktop,1,1,1889.29,1.0,8.0,781.38,1
TXN0002873,CUST00613,8,527.0,0.0,restaurant,US,mobile,0,0,80.47,1.0,3.0,324.96,0
TXN0002874,CUST00018,5,1064.0,1.0,grocery,US,mobile,0,0,457.66,2.0,7.0,1076.58,0
TXN0002875,CUST00453,10,1607.0,0.0,fashion,AU,mobile,1,0,1042.99,1.0,4.0,594.66,0
TXN0002876,CUST00481,5,293.0,0.0,fashion,AU,mobile,1,0,331.14,0.0,1.0,444.53,0
TXN0002877,CUST00593,5,1246.0,0.0,online_services,US,mobile,0,1,390.54,2.0,7.0,409.34,0
TXN0002878,CUST00396,12,799.0,0.0,electronics,US,mobile,0,0,210.16,0.0,1.0,487.31,0
TXN0002879,CUST00278,10,1067.0,0.0,online_services,IN,desktop,1,1,75.97,1.0,7.0,236.59,0
TXN0002880,CUST00850,13,771.0,0.0,electronics,UK,mobile,1,0,844.81,0.0,2.0,643.96,0
TXN0002881,CUST00364,1,1753.0,1.0,grocery,AU,mobile,1,0,773.63,2.0,4.0,512.38,0
TXN0002882,CUST00330,7,156.0,0.0,restaurant,US,mobile,0,0,522.85,0.0,1.0,422.31,0
TXN0002883,CUST00640,2,506.0,0.0,fuel,UK,mobile,1,0,196.55,1.0,4.0,224.73,0
TXN0002884,CUST00343,22,233.0,0.0,fuel,UK,mobile,1,0,239.73,0.0,2.0,322.43,0
TXN0002885,CUST00821,20,563.0,0.0,fuel,AU,desktop,1,0,177.69,0.0,3.0,487.12,0
TXN0002886,CUST00454,2,1042.0,0.0,travel,IN,desktop,1,1,998.17,2.0,5.0,678.17,0
TXN0002887,CUST00600,0,370.0,0.0,grocery,US,tablet,0,0,167.91,1.0,2.0,397.53,0
TXN0002888,CUST00724,23,1284.0,0.0,fashion,UK,tablet,1,0,122.75,0.0,2.0,448.69,0
TXN0002889,CUST00654,18,1024.0,0.0,fashion,US,desktop,0,0,208.82,0.0,0.0,649.36,0
TXN0002890,CUST00064,17,477.0,0.0,restaurant,CA,desktop,1,0,373.25,1.0,3.0,733.61,0
TXN0002891,CUST00075,16,104.0,0.0,online_services,CA,desktop,1,1,620.75,4.0,4.0,478.99,1
TXN0002892,CUST00710,19,467.0,0.0,grocery,AU,desktop,1,0,83.26,0.0,1.0,159.42,0
TXN0002893,CUST00142,23,2073.0,0.0,travel,US,desktop,0,1,497.38,0.0,2.0,333.21,0
TXN0002894,CUST00916,12,805.0,0.0,grocery,US,mobile,0,0,139.96,1.0,3.0,330.1,0
TXN0002895,CUST00914,2,774.0,0.0,grocery,US,mobile,0,0,109.27,0.0,0.0,418.91,0
TXN0002896,CUST00827,0,67.0,1.0,restaurant,US,mobile,0,0,389.56,0.0,8.0,240.13,1
TXN0002897,CUST00604,3,1157.0,0.0,travel,US,desktop,0,1,1964.71,0.0,7.0,561.81,0
TXN0002898,CUST00472,12,844.0,0.0,fuel,IN,mobile,1,0,443.86,0.0,0.0,265.01,0
TXN0002899,CUST00416,16,394.0,0.0,fashion,US,mobile,0,0,97.4,0.0,2.0,225.4,0
TXN0002900,CUST00304,10,387.0,0.0,electronics,US,mobile,0,0,157.28,0.0,3.0,580.18,0
TXN0002901,CUST00735,1,1192.0,0.0,online_services,AU,tablet,1,1,302.25,1.0,1.0,530.86,0
TXN0002902,CUST00496,15,535.0,0.0,fuel,AU,mobile,1,0,84.84,0.0,2.0,388.57,0
TXN0002903,CUST00290,1,919.0,0.0,travel,US,desktop,0,1,82.33,0.0,10.0,296.21,0
TXN0002904,CUST00939,18,1224.0,0.0,fashion,US,tablet,0,0,106.29,0.0,0.0,785.81,0
TXN0002905,CUST00101,22,234.0,0.0,fuel,US,mobile,0,0,451.55,0.0,1.0,435.97,0
TXN0002906,CUST00985,18,437.0,1.0,restaurant,US,desktop,0,0,1374.52,2.0,8.0,554.11,0
TXN0002907,CUST00266,15,265.0,1.0,online_services,CA,desktop,1,1,248.07,0.0,3.0,309.05,0
TXN0002908,CUST00866,21,571.0,0.0,travel,UK,mobile,1,1,175.8,1.0,5.0,257.09,0
TXN0002909,CUST00967,18,89.0,0.0,travel,UK,mobile,1,1,1411.85,2.0,12.0,424.23,0
TXN0002910,CUST00621,8,711.0,0.0,fashion,AU,mobile,1,0,251.96,0.0,2.0,338.21,0
TXN0002911,CUST00973,0,645.0,0.0,fashion,CA,mobile,1,0,323.31,4.0,4.0,486.58,0
TXN0002912,CUST00841,9,385.0,0.0,grocery,IN,tablet,1,0,161.66,1.0,1.0,307.49,0
TXN0002913,CUST00961,18,663.0,0.0,grocery,AU,mobile,1,0,832.75,0.0,4.0,371.61,0
TXN0002914,CUST00941,0,522.0,0.0,travel,US,tablet,0,1,966.7,3.0,4.0,458.4,0
TXN0002915,CUST00776,1,311.0,1.0,electronics,US,mobile,0,0,1224.64,0.0,3.0,625.01,0
TXN0002916,CUST00002,15,605.0,0.0,restaurant,US,tablet,0,0,151.38,0.0,2.0,220.68,0
TXN0002917,CUST00084,11,272.0,0.0,fashion,UK,mobile,1,0,85.32,0.0,3.0,221.59,0
TXN0002918,CUST00793,7,556.0,0.0,grocery,UK,desktop,1,0,988.55,0.0,1.0,431.07,0
TXN0002919,CUST00327,22,95.0,0.0,restaurant,US,mobile,0,0,317.81,0.0,0.0,267.99,0
TXN0002920,CUST00815,17,514.0,0.0,online_services,AU,mobile,1,1,269.07,0.0,11.0,720.26,0
TXN0002921,CUST00449,1,435.0,1.0,fuel,US,mobile,0,0,1348.3,1.0,4.0,505.22,0
TXN0002922,CUST00453,12,1012.0,0.0,fuel,AU,mobile,1,0,250.1,0.0,2.0,586.63,0
TXN0002923,CUST00923,5,478.0,0.0,travel,US,mobile,0,1,197.93,0.0,1.0,417.86,0
TXN0002924,CUST00628,20,158.0,0.0,fashion,US,mobile,0,0,1440.81,0.0,3.0,574.24,0
TXN0002925,CUST00220,5,1001.0,0.0,fuel,US,mobile,0,0,629.69,1.0,2.0,448.44,0
TXN0002926,CUST00153,8,266.0,0.0,online_services,US,desktop,0,1,924.25,3.0,1.0,701.3,0
TXN0002927,CUST00664,15,704.0,1.0,fashion,US,desktop,0,0,2507.14,1.0,5.0,690.03,0
TXN0002928,CUST00011,10,349.0,0.0,grocery,UK,desktop,1,0,50.1,1.0,1.0,600.81,0
TXN0002929,CUST00132,6,384.0,0.0,fuel,US,desktop,0,0,476.11,0.0,4.0,198.11,0
TXN0002930,CUST00993,9,276.0,0.0,electronics,CA,desktop,1,0,364.77,0.0,0.0,318.67,0
TXN0002931,CUST00303,9,136.0,1.0,fuel,US,mobile,0,0,424.01,0.0,10.0,842.78,0
TXN0002932,CUST00292,19,254.0,0.0,fashion,US,mobile,0,0,2573.03,1.0,1.0,849.08,0
TXN0002933,CUST00974,17,818.0,0.0,electronics,CA,mobile,1,0,276.63,0.0,3.0,574.72,0
TXN0002934,CUST00299,23,513.0,0.0,restaurant,US,mobile,0,0,,0.0,5.0,165.73,0
TXN0002935,CUST00739,19,612.0,0.0,fuel,US,mobile,0,0,219.25,0.0,3.0,348.99,0
TXN0002936,CUST00782,8,303.0,0.0,fashion,US,mobile,0,0,401.71,0.0,2.0,372.59,0
TXN0002937,CUST00042,14,357.0,0.0,fuel,US,mobile,0,0,349.88,0.0,2.0,258.8,0
TXN0002938,CUST00943,3,323.0,0.0,fuel,US,mobile,0,0,160.6,0.0,4.0,474.95,0
TXN0002939,CUST00342,7,632.0,0.0,fashion,US,desktop,0,0,479.28,1.0,1.0,219.33,0
TXN0002940,CUST00325,8,768.0,0.0,electronics,US,mobile,0,0,251.35,0.0,2.0,445.46,0
TXN0002941,CUST00813,12,300.0,0.0,grocery,US,mobile,0,0,200.14,1.0,2.0,187.63,0
TXN0002942,CUST00497,8,553.0,0.0,online_services,AU,mobile,1,1,207.17,2.0,8.0,473.48,0
TXN0002943,CUST00363,3,320.0,0.0,fuel,US,mobile,0,0,96.31,0.0,1.0,212.9,0
TXN0002944,CUST00890,16,228.0,0.0,travel,AU,mobile,1,1,112.94,3.0,7.0,409.54,0
TXN0002945,CUST00426,15,1724.0,0.0,restaurant,US,mobile,0,0,105.38,0.0,2.0,1584.7,0
TXN0002946,CUST00020,14,239.0,1.0,fashion,CA,mobile,1,0,107.32,1.0,9.0,303.38,1
TXN0002947,CUST00406,2,521.0,0.0,fuel,CA,mobile,1,0,321.69,1.0,10.0,502.63,0
TXN0002948,CUST00618,19,504.0,0.0,online_services,US,mobile,0,1,108.39,0.0,2.0,260.99,0
TXN0002949,CUST00335,4,328.0,0.0,grocery,IN,mobile,1,0,175.87,6.0,11.0,221.77,1
TXN0002950,CUST00814,22,280.0,0.0,fashion,US,mobile,0,0,192.2,0.0,0.0,367.12,0
TXN0002951,CUST00116,4,183.0,0.0,fuel,US,desktop,0,0,111.15,0.0,5.0,595.68,0
TXN0002952,CUST00123,19,769.0,0.0,restaurant,US,mobile,0,0,182.71,0.0,2.0,439.46,0
TXN0002953,CUST00398,14,1428.0,0.0,travel,IN,mobile,1,1,260.83,3.0,3.0,371.62,0
TXN0002954,CUST00792,17,713.0,0.0,fashion,AU,mobile,1,0,140.29,1.0,3.0,641.23,0
TXN0002955,CUST00803,14,1354.0,0.0,fuel,US,mobile,0,0,117.56,0.0,2.0,206.29,0
TXN0002956,CUST00714,1,657.0,0.0,electronics,US,tablet,0,0,150.22,1.0,1.0,222.83,0
TXN0002957,CUST00050,12,223.0,0.0,grocery,US,mobile,0,0,523.89,1.0,1.0,482.01,0
TXN0002958,CUST00782,3,515.0,0.0,travel,US,mobile,0,1,155.37,4.0,8.0,428.17,1
TXN0002959,CUST00323,9,525.0,0.0,fashion,US,mobile,0,0,279.86,1.0,1.0,808.85,0
TXN0002960,CUST00788,12,471.0,1.0,fuel,US,desktop,0,0,571.16,4.0,8.0,424.76,1
TXN0002961,CUST00140,9,916.0,0.0,travel,US,tablet,0,1,224.71,0.0,4.0,1104.84,0
TXN0002962,CUST00469,8,807.0,0.0,electronics,AU,desktop,1,0,482.06,0.0,3.0,690.33,0
TXN0002963,CUST00786,7,571.0,0.0,fashion,US,mobile,0,0,119.32,0.0,2.0,360.34,0
TXN0002964,CUST00801,2,1818.0,0.0,travel,CA,tablet,1,1,5447.55,1.0,8.0,1094.31,1
TXN0002965,CUST00333,15,668.0,0.0,fashion,US,mobile,0,0,325.62,2.0,2.0,203.03,0
TXN0002966,CUST00892,13,73.0,0.0,fashion,,desktop,1,0,288.05,1.0,10.0,689.65,0
TXN0002967,CUST00963,8,232.0,0.0,travel,US,tablet,0,1,105.73,0.0,3.0,593.74,0
TXN0002968,CUST00372,20,333.0,2.0,fashion,US,desktop,0,0,1078.11,4.0,3.0,489.08,0
TXN0002969,CUST00563,10,1105.0,0.0,electronics,CA,mobile,1,0,926.09,0.0,3.0,276.84,0
TXN0002970,CUST00493,2,678.0,0.0,travel,CA,desktop,1,1,476.48,1.0,9.0,505.46,0
TXN0002971,CUST00538,4,790.0,0.0,fuel,US,mobile,0,0,109.6,0.0,0.0,228.76,0
TXN0002972,CUST00668,9,244.0,0.0,online_services,US,mobile,0,1,254.07,2.0,2.0,463.62,0
TXN0002973,CUST00750,12,482.0,0.0,travel,UK,desktop,1,1,109.05,1.0,4.0,435.42,0
TXN0002974,CUST00155,3,423.0,0.0,electronics,US,mobile,0,0,170.55,1.0,2.0,491.25,0
TXN0002975,CUST00290,23,1556.0,0.0,electronics,UK,mobile,1,0,477.83,1.0,0.0,384.38,0
TXN0002976,CUST00647,12,288.0,0.0,electronics,US,mobile,0,0,1007.26,3.0,0.0,677.97,0
TXN0002977,CUST00143,11,643.0,0.0,fuel,US,desktop,0,0,494.97,0.0,2.0,475.19,0
TXN0002978,CUST00105,4,177.0,0.0,fuel,US,mobile,0,0,122.95,1.0,2.0,247.32,0
TXN0002979,CUST00419,9,240.0,0.0,online_services,US,mobile,0,1,196.17,1.0,6.0,326.37,0
TXN0002980,CUST00669,23,959.0,0.0,online_services,CA,desktop,1,1,185.06,2.0,5.0,402.83,0
TXN0002981,CUST00657,8,356.0,0.0,fashion,US,mobile,0,0,265.08,1.0,2.0,305.26,0
TXN0002982,CUST00001,19,110.0,0.0,fashion,US,mobile,0,0,496.33,0.0,4.0,428.45,0
TXN0002983,CUST00944,6,301.0,0.0,restaurant,US,tablet,0,0,128.93,0.0,3.0,459.89,0
TXN0002984,CUST00588,1,705.0,0.0,online_services,US,mobile,0,1,1408.68,3.0,11.0,383.32,0
TXN0002985,CUST00643,21,475.0,0.0,online_services,US,mobile,0,1,106.43,0.0,2.0,852.06,0
TXN0002986,CUST00089,23,208.0,0.0,fashion,US,mobile,0,0,125.9,0.0,2.0,195.69,0
TXN0002987,CUST00344,22,420.0,3.0,electronics,CA,desktop,1,0,386.84,0.0,3.0,267.76,0
TXN0002988,CUST00349,6,239.0,0.0,restaurant,IN,desktop,1,0,1751.3,0.0,2.0,545.02,0
TXN0002989,CUST00458,7,162.0,0.0,online_services,AU,desktop,1,1,904.39,0.0,10.0,570.63,0
TXN0002990,CUST00262,6,330.0,0.0,electronics,US,mobile,0,0,127.47,0.0,4.0,178.28,0
TXN0002991,CUST00350,20,278.0,0.0,grocery,UK,mobile,1,0,169.25,1.0,4.0,155.86,0
TXN0002992,CUST00107,22,236.0,0.0,online_services,IN,mobile,1,1,226.73,1.0,7.0,169.72,0
TXN0002993,CUST00585,13,347.0,1.0,fuel,US,desktop,0,0,547.37,0.0,8.0,610.77,0
TXN0002994,CUST00038,18,583.0,0.0,travel,UK,mobile,1,1,503.09,1.0,6.0,373.03,0
TXN0002995,CUST00908,4,280.0,1.0,grocery,UK,mobile,1,0,1175.24,1.0,7.0,611.16,1
TXN0002996,CUST00158,22,809.0,0.0,fuel,UK,desktop,1,0,287.73,1.0,3.0,447.63,0
TXN0002997,CUST00582,17,199.0,0.0,fuel,UK,desktop,1,0,471.51,0.0,1.0,625.41,0
TXN0002998,CUST00958,19,101.0,0.0,electronics,UK,desktop,1,0,347.63,0.0,2.0,247.82,0
TXN0002999,CUST00311,11,557.0,0.0,fashion,UK,mobile,1,0,419.19,0.0,1.0,290.53,0
TXN0003000,CUST00240,22,590.0,0.0,travel,CA,mobile,1,1,281.04,1.0,9.0,222.12,0
TXN0003001,CUST00937,16,1308.0,0.0,fashion,US,mobile,0,0,970.12,0.0,0.0,,0
TXN0003002,CUST00444,12,2462.0,0.0,fashion,UK,desktop,1,0,271.87,0.0,0.0,1102.27,0
TXN0003003,CUST00297,1,108.0,0.0,online_services,US,desktop,0,1,217.29,1.0,9.0,249.09,1
TXN0003004,CUST00951,12,248.0,0.0,travel,AU,desktop,1,1,463.2,2.0,8.0,416.01,0
TXN0003005,CUST00035,6,657.0,0.0,travel,US,mobile,0,1,,0.0,4.0,406.0,0
TXN0003006,CUST00083,9,85.0,0.0,grocery,US,desktop,0,0,240.72,0.0,3.0,261.62,0
TXN0003007,CUST00451,22,743.0,0.0,electronics,CA,mobile,1,0,65.98,0.0,1.0,172.17,0
TXN0003008,CUST00885,5,1353.0,0.0,fashion,UK,desktop,1,0,755.84,0.0,1.0,283.67,0
TXN0003009,CUST00774,2,285.0,0.0,electronics,US,mobile,0,0,661.11,1.0,1.0,443.32,0
TXN0003010,CUST00821,2,282.0,0.0,electronics,US,mobile,0,0,123.95,0.0,0.0,389.42,0
TXN0003011,CUST00384,17,457.0,0.0,online_services,IN,mobile,1,1,341.26,2.0,4.0,530.36,0
TXN0003012,CUST00171,10,512.0,0.0,restaurant,US,mobile,0,0,161.08,1.0,0.0,365.65,0
TXN0003013,CUST00375,21,734.0,1.0,grocery,US,mobile,0,0,967.48,6.0,9.0,699.73,1
TXN0003014,CUST00684,19,119.0,0.0,fashion,UK,mobile,1,0,597.32,0.0,1.0,545.5,0
TXN0003015,CUST00361,4,956.0,0.0,fuel,UK,mobile,1,0,220.46,1.0,9.0,161.86,0
TXN0003016,CUST00558,18,630.0,0.0,travel,UK,mobile,1,1,432.36,4.0,5.0,452.76,0
TXN0003017,CUST00890,21,665.0,0.0,travel,UK,desktop,1,1,79.25,5.0,5.0,339.92,0
TXN0003018,CUST00140,18,374.0,0.0,electronics,AU,mobile,1,0,122.94,1.0,3.0,1016.82,0
TXN0003019,CUST00886,14,428.0,1.0,grocery,AU,tablet,1,0,1126.53,3.0,13.0,299.8,1
TXN0003020,CUST00917,15,557.0,1.0,grocery,CA,desktop,1,0,417.51,3.0,8.0,787.41,1
TXN0003021,CUST00117,23,225.0,0.0,fashion,US,mobile,0,0,126.27,1.0,3.0,289.93,0
TXN0003022,CUST00276,8,14.0,0.0,fashion,US,mobile,0,0,136.99,0.0,2.0,273.34,0
TXN0003023,CUST00725,3,339.0,0.0,electronics,UK,mobile,1,0,103.27,4.0,9.0,449.37,1
TXN0003024,CUST00219,14,97.0,1.0,electronics,US,mobile,0,0,2125.79,3.0,5.0,459.4,1
TXN0003025,CUST00904,11,199.0,0.0,electronics,US,desktop,0,0,579.87,1.0,1.0,401.6,0
TXN0003026,CUST00025,22,406.0,0.0,restaurant,US,mobile,0,0,133.16,0.0,3.0,192.65,0
TXN0003027,CUST00520,2,717.0,0.0,grocery,AU,mobile,1,0,100.92,5.0,5.0,612.9,0
TXN0003028,CUST00782,22,1555.0,1.0,electronics,US,mobile,0,0,792.05,2.0,10.0,432.25,0
TXN0003029,CUST00009,13,913.0,1.0,online_services,UK,mobile,1,1,235.02,1.0,6.0,204.01,0
TXN0003030,CUST00983,16,262.0,0.0,grocery,UK,tablet,1,0,430.37,0.0,0.0,275.51,0
TXN0003031,CUST00377,18,102.0,0.0,fuel,US,mobile,0,0,246.7,1.0,2.0,260.84,0
TXN0003032,CUST00632,5,363.0,0.0,travel,US,mobile,0,1,183.03,0.0,2.0,447.0,0
TXN0003033,CUST00636,3,1041.0,0.0,travel,US,mobile,0,1,554.01,0.0,5.0,205.3,0
TXN0003034,CUST00681,6,1056.0,0.0,grocery,US,desktop,0,0,115.04,0.0,0.0,202.74,0
TXN0003035,CUST00583,18,1237.0,0.0,fuel,CA,mobile,1,0,173.94,0.0,2.0,344.34,0
TXN0003036,CUST00151,16,788.0,0.0,travel,CA,mobile,1,1,93.92,4.0,6.0,398.96,0
TXN0003037,CUST00719,15,130.0,1.0,travel,US,mobile,0,1,230.87,0.0,9.0,156.5,0
TXN0003038,CUST00048,14,371.0,0.0,travel,US,mobile,0,1,118.48,1.0,2.0,256.84,0
TXN0003039,CUST00153,21,253.0,0.0,fashion,CA,desktop,1,0,128.02,2.0,1.0,800.92,0
TXN0003040,CUST00858,7,609.0,0.0,fuel,US,mobile,0,0,118.92,0.0,2.0,297.8,0
TXN0003041,CUST00292,18,1280.0,0.0,fashion,US,desktop,0,0,227.43,1.0,4.0,835.48,0
TXN0003042,CUST00579,7,1235.0,0.0,grocery,US,mobile,0,0,225.96,0.0,4.0,227.92,0
TXN0003043,CUST00049,17,117.0,0.0,grocery,UK,mobile,1,0,70.71,2.0,4.0,52.15,0
TXN0003044,CUST00663,15,623.0,0.0,restaurant,CA,desktop,1,0,463.03,0.0,3.0,488.86,0
TXN0003045,CUST00530,19,756.0,0.0,fashion,IN,mobile,1,0,72.76,1.0,3.0,343.52,0
TXN0003046,CUST00611,18,409.0,0.0,grocery,US,desktop,0,0,61.43,0.0,1.0,332.75,0
TXN0003047,CUST00059,9,430.0,0.0,fashion,US,mobile,0,0,560.51,1.0,5.0,421.88,0
TXN0003048,CUST00166,16,147.0,0.0,restaurant,UK,tablet,1,0,101.27,0.0,1.0,249.05,0
TXN0003049,CUST00201,12,632.0,0.0,grocery,CA,mobile,1,0,325.6,0.0,0.0,182.19,0
TXN0003050,CUST00856,12,375.0,0.0,grocery,US,mobile,0,0,153.38,0.0,0.0,458.79,0
TXN0003051,CUST00145,6,270.0,0.0,grocery,US,mobile,0,0,109.5,3.0,1.0,385.8,0
TXN0003052,CUST00914,9,653.0,0.0,grocery,US,mobile,0,0,94.77,0.0,3.0,327.01,0
TXN0003053,CUST00675,1,301.0,0.0,electronics,CA,desktop,1,0,331.72,2.0,4.0,425.39,0
TXN0003054,CUST00969,3,678.0,1.0,fuel,US,mobile,0,0,316.49,3.0,10.0,254.59,1
TXN0003055,CUST00992,5,485.0,1.0,fuel,IN,tablet,1,0,1727.55,0.0,4.0,634.98,0
TXN0003056,CUST00438,23,224.0,1.0,fashion,US,mobile,0,0,218.2,5.0,3.0,260.46,0
TXN0003057,CUST00241,17,658.0,0.0,fashion,US,mobile,0,0,759.0,0.0,0.0,339.34,0
TXN0003058,CUST00580,22,1260.0,0.0,fashion,US,desktop,0,0,46.36,0.0,1.0,194.13,0
TXN0003059,CUST00686,5,903.0,0.0,restaurant,US,desktop,0,0,307.38,0.0,1.0,338.08,0
TXN0003060,CUST00560,22,463.0,0.0,online_services,UK,mobile,1,1,95.55,3.0,10.0,432.43,1
TXN0003061,CUST00482,16,421.0,0.0,electronics,CA,tablet,1,0,68.5,1.0,0.0,259.7,0
TXN0003062,CUST00107,13,465.0,0.0,online_services,US,tablet,0,1,225.87,0.0,0.0,179.58,0
TXN0003063,CUST00225,23,270.0,0.0,fashion,US,tablet,0,0,420.19,1.0,2.0,417.47,0
TXN0003064,CUST00672,10,855.0,1.0,fashion,CA,desktop,1,0,658.89,3.0,7.0,482.67,1
TXN0003065,CUST00630,18,402.0,0.0,grocery,US,desktop,0,0,236.23,1.0,1.0,255.99,0
TXN0003066,CUST00660,1,596.0,2.0,online_services,US,mobile,0,1,961.93,4.0,11.0,689.28,1
TXN0003067,CUST00976,2,1333.0,0.0,grocery,US,desktop,0,0,400.86,1.0,1.0,323.18,0
TXN0003068,CUST00661,10,497.0,0.0,online_services,US,mobile,0,1,912.83,0.0,2.0,656.87,0
TXN0003069,CUST00431,5,618.0,2.0,online_services,US,mobile,0,1,367.62,1.0,15.0,278.34,0
TXN0003070,CUST00804,13,764.0,0.0,grocery,US,mobile,0,0,358.78,0.0,0.0,530.5,0
TXN0003071,CUST00654,18,743.0,0.0,fashion,US,tablet,0,0,154.69,0.0,4.0,714.64,0
TXN0003072,CUST00418,15,557.0,0.0,grocery,IN,mobile,1,0,-212.77,1.0,0.0,272.0,0
TXN0003073,CUST00987,20,568.0,1.0,fashion,US,desktop,0,0,1463.19,5.0,6.0,724.36,0
TXN0003074,CUST00454,21,238.0,0.0,online_services,US,mobile,0,1,282.82,0.0,2.0,632.2,0
TXN0003075,CUST00159,23,825.0,0.0,restaurant,CA,mobile,1,0,134.73,0.0,4.0,300.23,0
TXN0003076,CUST00522,6,479.0,0.0,restaurant,US,mobile,0,0,266.06,1.0,1.0,271.4,0
TXN0003077,CUST00649,7,447.0,0.0,travel,US,mobile,0,1,324.5,0.0,1.0,732.98,0
TXN0003078,CUST00968,18,218.0,0.0,electronics,US,tablet,0,0,405.29,1.0,3.0,723.84,0
TXN0003079,CUST00589,19,244.0,1.0,grocery,IN,mobile,1,0,2026.19,3.0,12.0,1054.61,1
TXN0003080,CUST00076,15,667.0,0.0,fuel,US,desktop,0,0,1026.57,0.0,0.0,751.2,0
TXN0003081,CUST00508,21,1412.0,1.0,grocery,AU,mobile,1,0,801.22,1.0,8.0,505.64,1
TXN0003082,CUST00440,6,103.0,0.0,electronics,UK,tablet,1,0,101.24,0.0,2.0,291.09,0
TXN0003083,CUST00253,8,349.0,0.0,online_services,UK,desktop,1,1,315.24,5.0,13.0,681.81,1
TXN0003084,CUST00920,12,175.0,2.0,electronics,UK,mobile,1,0,249.51,1.0,8.0,502.13,0
TXN0003085,CUST00769,0,912.0,0.0,online_services,US,mobile,0,1,1120.74,2.0,7.0,322.66,0
TXN0003086,CUST00319,7,173.0,0.0,travel,US,mobile,0,1,156.65,1.0,1.0,174.81,0
TXN0003087,CUST00802,23,237.0,4.0,electronics,US,mobile,0,0,862.42,4.0,3.0,479.54,1
TXN0003088,CUST00262,21,382.0,0.0,fashion,US,mobile,0,0,314.95,0.0,4.0,192.11,0
TXN0003089,CUST00596,3,1512.0,0.0,grocery,IN,tablet,1,0,297.53,0.0,8.0,273.38,0
TXN0003090,CUST00657,2,478.0,0.0,electronics,US,desktop,0,0,69.07,0.0,2.0,354.49,0
TXN0003091,CUST00834,2,586.0,0.0,fashion,US,mobile,0,0,130.24,2.0,5.0,574.76,0
TXN0003092,CUST00553,21,662.0,1.0,electronics,CA,tablet,1,0,534.28,2.0,10.0,619.27,1
TXN0003093,CUST00373,12,371.0,0.0,fuel,IN,mobile,1,0,181.41,1.0,2.0,371.84,0
TXN0003094,CUST00636,7,69.0,0.0,fashion,IN,mobile,1,0,263.56,2.0,7.0,229.84,0
TXN0003095,CUST00166,6,831.0,0.0,restaurant,CA,mobile,1,0,144.16,1.0,1.0,195.84,0
TXN0003096,CUST00936,0,238.0,0.0,fashion,US,mobile,0,0,362.14,0.0,2.0,245.19,0
TXN0003097,CUST00752,15,1347.0,0.0,travel,US,mobile,0,1,226.55,0.0,2.0,519.11,0
TXN0003098,CUST00458,5,167.0,0.0,online_services,US,mobile,0,1,414.04,2.0,2.0,627.75,0
TXN0003099,CUST00998,6,396.0,0.0,fashion,US,desktop,0,0,74.58,0.0,3.0,239.08,0
TXN0003100,CUST00279,11,436.0,0.0,electronics,US,tablet,0,0,457.02,0.0,1.0,363.72,0
TXN0003101,CUST00699,22,546.0,0.0,restaurant,IN,desktop,1,0,900.94,0.0,1.0,234.22,0
TXN0003102,CUST00301,8,591.0,0.0,restaurant,AU,mobile,1,0,215.38,0.0,3.0,395.31,0
TXN0003103,CUST00530,10,398.0,0.0,fashion,UK,mobile,1,0,642.69,0.0,1.0,314.98,0
TXN0003104,CUST00579,9,330.0,0.0,electronics,UK,mobile,1,0,239.32,0.0,1.0,256.52,0
TXN0003105,CUST00217,20,188.0,1.0,restaurant,US,desktop,0,0,434.88,1.0,9.0,416.53,0
TXN0003106,CUST00101,0,903.0,0.0,fuel,US,mobile,0,0,289.67,0.0,3.0,500.94,0
TXN0003107,CUST00553,17,924.0,0.0,fashion,AU,mobile,1,0,858.65,0.0,1.0,613.29,0
TXN0003108,CUST00287,3,316.0,0.0,fashion,US,mobile,0,0,805.21,2.0,2.0,584.41,0
TXN0003109,CUST00166,4,740.0,0.0,online_services,UK,tablet,1,1,161.98,1.0,6.0,195.58,0
TXN0003110,CUST00620,8,1296.0,0.0,fashion,US,mobile,0,0,107.45,0.0,3.0,200.47,0
TXN0003111,CUST00035,16,401.0,0.0,restaurant,AU,tablet,1,0,228.22,0.0,1.0,393.34,0
TXN0003112,CUST00743,2,595.0,0.0,grocery,UK,mobile,1,0,138.98,3.0,4.0,262.71,0
TXN0003113,CUST00740,15,223.0,0.0,electronics,UK,desktop,1,0,332.25,0.0,2.0,477.12,0
TXN0003114,CUST00352,4,67.0,0.0,travel,US,mobile,0,1,856.81,1.0,5.0,387.33,0
TXN0003115,CUST00675,15,-1024.0,0.0,travel,US,desktop,0,1,170.25,2.0,2.0,401.81,0
TXN0003116,CUST00898,2,58.0,0.0,electronics,US,mobile,0,0,3253.0,1.0,3.0,611.15,0
TXN0003117,CUST00072,19,284.0,0.0,grocery,US,mobile,0,0,457.68,0.0,4.0,346.66,0
TXN0003118,CUST00647,14,409.0,2.0,online_services,AU,mobile,1,1,1360.54,3.0,6.0,573.25,1
TXN0003119,CUST00352,2,139.0,0.0,online_services,CA,mobile,1,1,467.53,1.0,8.0,334.72,0
TXN0003120,CUST00890,19,624.0,0.0,online_services,US,desktop,0,1,237.52,1.0,1.0,353.56,0
TXN0003121,CUST00069,13,751.0,0.0,online_services,US,desktop,0,1,219.29,1.0,1.0,228.31,0
TXN0003122,CUST00424,15,609.0,0.0,electronics,CA,desktop,1,0,263.77,2.0,1.0,470.15,0
TXN0003123,CUST00998,16,573.0,0.0,fashion,US,mobile,0,0,172.05,0.0,3.0,176.54,0
TXN0003124,CUST00707,23,441.0,3.0,fuel,US,mobile,0,0,1525.54,3.0,8.0,596.71,0
TXN0003125,CUST00780,19,371.0,0.0,electronics,US,tablet,0,0,709.74,0.0,2.0,302.84,0
TXN0003126,CUST00560,22,1021.0,0.0,electronics,US,desktop,0,0,451.4,0.0,4.0,355.19,0
TXN0003127,CUST00827,17,935.0,0.0,fuel,US,mobile,0,0,225.88,0.0,0.0,251.56,0
TXN0003128,CUST00641,17,202.0,0.0,restaurant,US,desktop,0,0,177.27,0.0,2.0,402.62,0
TXN0003129,CUST00955,21,304.0,0.0,travel,UK,desktop,1,1,581.71,2.0,5.0,390.41,0
TXN0003130,CUST00516,13,819.0,1.0,travel,UK,mobile,1,1,1101.14,3.0,7.0,451.79,1
TXN0003131,CUST00427,17,655.0,0.0,fashion,US,mobile,0,0,381.91,1.0,3.0,400.95,0
TXN0003132,CUST00538,14,453.0,0.0,fuel,US,mobile,0,0,312.54,0.0,3.0,327.96,0
TXN0003133,CUST00159,14,158.0,0.0,online_services,AU,tablet,1,1,135.05,1.0,13.0,414.64,0
TXN0003134,CUST00148,5,515.0,0.0,online_services,UK,mobile,1,1,854.67,1.0,8.0,354.96,0
TXN0003135,CUST00775,14,307.0,0.0,fashion,US,mobile,0,0,1742.39,0.0,2.0,388.77,0
TXN0003136,CUST00229,17,81.0,0.0,restaurant,US,desktop,0,0,173.18,1.0,0.0,128.19,0
TXN0003137,CUST00711,3,1964.0,0.0,fashion,US,desktop,0,0,237.11,1.0,0.0,252.56,0
TXN0003138,CUST00561,22,40.0,0.0,fuel,US,tablet,0,0,180.46,1.0,2.0,319.24,0
TXN0003139,CUST00066,7,194.0,0.0,fuel,IN,mobile,1,0,143.98,0.0,4.0,236.62,0
TXN0003140,CUST00811,14,1036.0,0.0,grocery,US,desktop,0,0,394.27,1.0,1.0,356.08,0
TXN0003141,CUST00380,2,1248.0,0.0,restaurant,UK,mobile,1,0,153.97,1.0,4.0,305.21,0
TXN0003142,CUST00057,14,582.0,0.0,fuel,US,mobile,0,0,113.96,1.0,1.0,453.03,0
TXN0003143,CUST00258,12,551.0,0.0,fuel,IN,mobile,1,0,349.67,0.0,4.0,650.16,0
TXN0003144,CUST00341,8,293.0,0.0,restaurant,US,desktop,0,0,121.54,2.0,1.0,339.17,0
TXN0003145,CUST00837,1,731.0,2.0,online_services,US,desktop,0,1,468.17,2.0,1.0,375.12,1
TXN0003146,CUST00129,23,862.0,0.0,electronics,US,mobile,0,0,142.45,0.0,2.0,483.0,0
TXN0003147,CUST00726,7,1378.0,0.0,online_services,US,mobile,0,1,354.25,1.0,1.0,351.48,0
TXN0003148,CUST00171,19,134.0,0.0,electronics,US,desktop,0,0,259.65,0.0,0.0,356.67,0
TXN0003149,CUST00769,16,325.0,0.0,grocery,US,mobile,0,0,54.87,0.0,2.0,320.17,0
TXN0003150,CUST00613,12,185.0,0.0,online_services,US,mobile,0,1,307.54,0.0,4.0,306.75,0
TXN0003151,CUST00208,0,424.0,0.0,fuel,US,mobile,0,0,126.45,0.0,3.0,369.32,0
TXN0003152,CUST00802,1,741.0,0.0,restaurant,US,mobile,0,0,837.25,0.0,4.0,474.77,0
TXN0003153,CUST00353,14,552.0,0.0,restaurant,UK,mobile,1,0,46.7,0.0,1.0,272.24,0
TXN0003154,CUST00470,11,490.0,0.0,electronics,US,desktop,0,0,330.56,0.0,1.0,287.84,0
TXN0003155,CUST00797,13,153.0,0.0,online_services,UK,mobile,1,1,456.04,3.0,8.0,634.59,0
TXN0003156,CUST00115,1,95.0,0.0,travel,AU,desktop,1,1,329.06,1.0,10.0,411.3,1
TXN0003157,CUST00263,17,704.0,0.0,travel,CA,mobile,1,1,195.79,2.0,8.0,401.92,0
TXN0003158,CUST00661,21,284.0,0.0,fuel,US,mobile,0,0,264.08,0.0,2.0,680.7,0
TXN0003159,CUST00811,6,394.0,0.0,electronics,US,desktop,0,0,216.96,0.0,1.0,348.94,0
TXN0003160,CUST00441,22,298.0,0.0,fuel,US,mobile,0,0,361.34,1.0,3.0,511.8,0
TXN0003161,CUST00547,5,117.0,0.0,fashion,US,desktop,0,0,277.6,2.0,2.0,126.94,0
TXN0003162,CUST00452,13,592.0,1.0,restaurant,US,desktop,0,0,1187.32,2.0,10.0,450.7,0
TXN0003163,CUST00844,7,669.0,0.0,online_services,US,tablet,0,1,318.57,0.0,1.0,616.94,0
TXN0003164,CUST00476,21,1016.0,0.0,online_services,US,tablet,0,1,267.05,0.0,,597.69,0
TXN0003165,CUST00286,1,300.0,1.0,fuel,US,mobile,0,0,716.18,3.0,6.0,631.02,1
TXN0003166,CUST00302,16,306.0,0.0,grocery,US,mobile,0,0,298.23,3.0,3.0,747.64,0
TXN0003167,CUST00310,4,195.0,0.0,online_services,US,mobile,0,1,990.93,2.0,11.0,436.86,0
TXN0003168,CUST00207,13,870.0,1.0,travel,US,desktop,0,1,670.85,2.0,14.0,515.02,1
TXN0003169,CUST00617,23,734.0,0.0,fuel,US,mobile,0,0,88.35,3.0,2.0,132.56,0
TXN0003170,CUST00445,19,93.0,0.0,fashion,US,desktop,0,0,587.98,2.0,1.0,262.07,0
TXN0003171,CUST00669,20,634.0,0.0,restaurant,AU,mobile,1,0,1287.6,3.0,2.0,361.2,0
TXN0003172,CUST00632,20,1044.0,0.0,online_services,CA,mobile,1,1,388.4,2.0,12.0,587.08,0
TXN0003173,CUST00054,21,387.0,0.0,fashion,US,mobile,0,0,1178.45,0.0,2.0,524.4,0
TXN0003174,CUST00911,2,132.0,0.0,fuel,AU,mobile,1,0,274.34,2.0,9.0,268.47,0
TXN0003175,CUST00011,4,1294.0,0.0,restaurant,US,mobile,0,0,2589.41,1.0,1.0,680.59,0
TXN0003176,CUST00656,15,272.0,0.0,restaurant,US,mobile,0,0,75.58,0.0,3.0,233.27,0
TXN0003177,CUST00399,17,93.0,1.0,electronics,US,mobile,0,0,822.53,5.0,6.0,381.22,1
TXN0003178,CUST00907,16,194.0,0.0,electronics,CA,mobile,1,0,395.16,0.0,2.0,695.08,0
TXN0003179,CUST00647,10,373.0,1.0,grocery,US,mobile,0,0,490.88,4.0,6.0,631.55,0
TXN0003180,CUST00979,16,301.0,0.0,grocery,US,mobile,0,0,630.33,0.0,2.0,556.56,0
TXN0003181,CUST00514,15,491.0,0.0,online_services,US,desktop,0,1,379.02,0.0,0.0,302.34,0
TXN0003182,CUST00655,22,574.0,0.0,fashion,AU,desktop,1,0,205.93,1.0,4.0,841.81,0
TXN0003183,CUST00541,1,468.0,0.0,electronics,US,mobile,0,0,345.09,0.0,1.0,556.38,0
TXN0003184,CUST00236,3,343.0,0.0,restaurant,US,mobile,0,0,286.93,0.0,2.0,178.23,0
TXN0003185,CUST00278,20,207.0,0.0,electronics,US,mobile,0,0,411.48,0.0,6.0,204.0,0
TXN0003186,CUST00347,6,242.0,0.0,restaurant,CA,tablet,1,0,203.09,0.0,3.0,722.06,0
TXN0003187,CUST00626,1,629.0,0.0,electronics,US,mobile,0,0,41.74,1.0,1.0,353.42,0
TXN0003188,CUST00103,5,511.0,0.0,restaurant,UK,desktop,1,0,488.39,1.0,1.0,272.69,0
TXN0003189,CUST00629,16,1071.0,0.0,fashion,US,mobile,0,0,232.27,0.0,1.0,192.38,0
TXN0003190,CUST00516,6,406.0,1.0,electronics,US,mobile,0,0,429.07,3.0,4.0,496.83,0
TXN0003191,CUST00979,4,337.0,0.0,travel,US,desktop,0,1,181.31,2.0,6.0,681.9,0
TXN0003192,CUST00871,4,193.0,0.0,travel,US,mobile,0,1,209.08,1.0,9.0,646.3,0
TXN0003193,CUST00247,19,774.0,1.0,restaurant,AU,mobile,1,0,244.72,4.0,6.0,271.87,0
TXN0003194,CUST00363,15,762.0,0.0,fashion,UK,tablet,1,0,120.23,1.0,2.0,228.86,0
TXN0003195,CUST00320,18,1399.0,0.0,restaurant,IN,mobile,1,0,223.2,1.0,4.0,128.89,0
TXN0003196,CUST00632,8,679.0,0.0,fashion,CA,mobile,1,0,213.54,1.0,2.0,479.29,0
TXN0003197,CUST00285,4,,0.0,grocery,US,mobile,0,0,115.95,0.0,1.0,192.84,0
TXN0003198,CUST00148,7,1052.0,0.0,electronics,UK,tablet,1,0,87.3,0.0,5.0,380.96,0
TXN0003199,CUST00083,8,420.0,0.0,fashion,CA,desktop,1,0,123.67,0.0,3.0,240.6,0
TXN0003200,CUST00965,4,852.0,0.0,restaurant,US,mobile,0,0,310.25,0.0,2.0,639.57,0
TXN0003201,CUST00405,9,1664.0,0.0,online_services,US,tablet,0,1,145.89,0.0,4.0,125.04,0
TXN0003202,CUST00977,1,937.0,0.0,online_services,US,mobile,0,1,491.58,3.0,5.0,587.23,0
TXN0003203,CUST00455,8,256.0,0.0,grocery,US,mobile,0,0,619.99,1.0,1.0,466.08,0
TXN0003204,CUST00742,10,234.0,1.0,online_services,US,mobile,0,1,2936.45,0.0,12.0,794.02,1
TXN0003205,CUST00799,3,364.0,0.0,restaurant,IN,desktop,1,0,403.28,4.0,5.0,323.37,0
TXN0003206,CUST00160,21,489.0,0.0,travel,CA,desktop,1,1,343.07,6.0,5.0,357.83,0
TXN0003207,CUST00783,21,330.0,1.0,travel,US,mobile,0,1,2557.26,3.0,7.0,1467.27,1
TXN0003208,CUST00459,21,636.0,0.0,electronics,US,mobile,0,0,92.33,0.0,1.0,705.37,0
TXN0003209,CUST00549,1,198.0,0.0,fuel,US,tablet,0,0,403.86,0.0,2.0,573.56,0
TXN0003210,CUST00499,22,433.0,0.0,electronics,US,desktop,0,0,522.9,0.0,1.0,248.15,0
TXN0003211,CUST00737,5,175.0,0.0,online_services,US,desktop,0,1,242.67,1.0,4.0,204.21,0
TXN0003212,CUST00508,13,971.0,0.0,grocery,CA,mobile,1,0,472.53,2.0,3.0,484.05,0
TXN0003213,CUST00653,0,144.0,0.0,online_services,AU,desktop,1,1,461.57,1.0,7.0,554.75,0
TXN0003214,CUST00803,17,169.0,0.0,travel,US,desktop,0,1,252.54,0.0,2.0,206.55,0
TXN0003215,CUST00480,6,1009.0,0.0,fashion,US,tablet,0,0,328.06,0.0,3.0,983.62,0
TXN0003216,CUST00662,0,703.0,0.0,travel,US,mobile,0,1,320.37,3.0,8.0,252.9,0
TXN0003217,CUST00113,0,385.0,0.0,fuel,US,desktop,0,0,80.5,0.0,2.0,167.28,0
TXN0003218,CUST00748,0,543.0,0.0,electronics,US,tablet,0,0,162.24,0.0,2.0,492.58,0
TXN0003219,CUST00577,23,417.0,0.0,restaurant,AU,mobile,1,0,253.12,0.0,1.0,518.34,0
TXN0003220,CUST00360,3,720.0,0.0,online_services,IN,desktop,1,1,1004.07,1.0,5.0,516.72,0
TXN0003221,CUST00340,3,78.0,0.0,grocery,AU,tablet,1,0,1392.4,3.0,6.0,603.18,0
TXN0003222,CUST00769,17,711.0,0.0,fuel,AU,mobile,1,0,249.52,1.0,1.0,376.75,0
TXN0003223,CUST00986,10,297.0,0.0,travel,IN,desktop,1,1,593.74,1.0,7.0,425.35,0
TXN0003224,CUST00760,0,1702.0,0.0,fashion,AU,mobile,1,0,193.64,1.0,8.0,230.97,0
TXN0003225,CUST00968,9,182.0,2.0,fuel,UK,mobile,1,0,1629.3,2.0,2.0,746.36,0
TXN0003226,CUST00448,8,838.0,0.0,fashion,US,mobile,0,0,217.03,0.0,3.0,236.77,0
TXN0003227,CUST00842,22,454.0,0.0,fashion,US,mobile,0,0,117.49,0.0,1.0,524.84,0
TXN0003228,CUST00834,3,107.0,0.0,grocery,US,desktop,0,0,1987.83,0.0,0.0,434.83,0
TXN0003229,CUST00179,5,1174.0,0.0,fashion,US,mobile,0,0,364.8,0.0,3.0,384.22,0
TXN0003230,CUST00701,15,888.0,0.0,fashion,CA,tablet,1,0,56.11,1.0,1.0,222.57,0
TXN0003231,CUST00406,1,994.0,2.0,travel,US,mobile,0,1,1809.75,1.0,7.0,504.54,0
TXN0003232,CUST00665,22,2093.0,0.0,grocery,US,desktop,0,0,279.12,0.0,3.0,327.3,0
TXN0003233,CUST00195,17,360.0,0.0,restaurant,US,mobile,0,0,489.62,0.0,1.0,805.13,0
TXN0003234,CUST00465,9,741.0,0.0,restaurant,US,mobile,0,0,377.49,1.0,1.0,899.68,0
TXN0003235,CUST00310,23,660.0,0.0,fashion,US,mobile,0,0,132.84,1.0,1.0,445.96,0
TXN0003236,CUST00261,23,52.0,0.0,fuel,US,mobile,0,0,510.85,1.0,4.0,630.88,0
TXN0003237,CUST00418,16,464.0,0.0,electronics,US,desktop,0,0,144.0,0.0,1.0,253.61,0
TXN0003238,CUST00405,12,1002.0,0.0,grocery,US,desktop,0,0,128.27,1.0,1.0,96.54,0
TXN0003239,CUST00938,23,1192.0,0.0,online_services,US,desktop,0,1,187.18,0.0,5.0,283.28,0
TXN0003240,CUST00142,17,1130.0,0.0,electronics,US,desktop,0,0,106.65,0.0,4.0,390.96,0
TXN0003241,CUST00341,21,45.0,0.0,grocery,UK,desktop,1,0,365.36,4.0,5.0,348.03,0
TXN0003242,CUST00315,12,1350.0,0.0,grocery,US,mobile,0,0,1297.9,0.0,0.0,584.85,0
TXN0003243,CUST00100,16,620.0,0.0,travel,US,mobile,0,1,101.17,0.0,1.0,227.73,0
TXN0003244,CUST00243,4,102.0,0.0,fashion,UK,desktop,1,0,735.01,3.0,8.0,705.31,1
TXN0003245,CUST00489,10,289.0,0.0,travel,US,mobile,0,1,151.57,1.0,0.0,488.54,0
TXN0003246,CUST00011,6,2047.0,0.0,,US,mobile,0,0,152.18,2.0,2.0,500.34,0
TXN0003247,CUST00238,9,124.0,0.0,online_services,IN,mobile,1,1,98.18,4.0,8.0,296.28,1
TXN0003248,CUST00560,16,398.0,0.0,electronics,US,mobile,0,0,321.94,1.0,3.0,414.13,0
TXN0003249,CUST00041,14,865.0,2.0,electronics,US,mobile,0,0,247.5,2.0,10.0,343.18,0
TXN0003250,CUST00677,17,813.0,0.0,restaurant,AU,mobile,1,0,167.47,1.0,1.0,154.11,0
TXN0003251,CUST00593,22,984.0,0.0,fuel,IN,mobile,1,0,594.12,1.0,4.0,531.86,0
TXN0003252,CUST00428,21,535.0,0.0,online_services,US,mobile,0,1,854.84,1.0,1.0,336.57,0
TXN0003253,CUST00802,18,1553.0,0.0,fuel,CA,mobile,1,0,114.42,0.0,2.0,435.22,0
TXN0003254,CUST00157,1,179.0,0.0,travel,CA,mobile,1,1,668.86,4.0,12.0,402.98,1
TXN0003255,CUST00215,3,208.0,0.0,travel,US,mobile,0,1,218.43,2.0,6.0,234.03,0
TXN0003256,CUST00669,2,249.0,0.0,fuel,UK,desktop,1,0,75.4,2.0,5.0,426.97,0
TXN0003257,CUST00461,6,1328.0,0.0,travel,US,mobile,0,1,154.61,0.0,4.0,536.17,0
TXN0003258,CUST00133,23,792.0,3.0,restaurant,US,desktop,0,0,391.12,5.0,5.0,1119.13,0
TXN0003259,CUST00066,17,201.0,0.0,online_services,UK,mobile,1,1,361.75,3.0,6.0,208.5,0
TXN0003260,CUST00847,9,401.0,1.0,online_services,US,mobile,0,1,1125.55,2.0,4.0,669.99,0
TXN0003261,CUST00006,6,719.0,0.0,travel,AU,mobile,1,1,270.18,2.0,5.0,461.64,0
TXN0003262,CUST00947,7,433.0,0.0,travel,CA,mobile,1,1,206.67,3.0,5.0,269.49,0
TXN0003263,CUST00525,5,1335.0,1.0,online_services,AU,mobile,1,1,2562.21,3.0,10.0,548.5,1
TXN0003264,CUST00072,21,277.0,0.0,fuel,US,desktop,0,0,240.47,2.0,2.0,314.78,0
TXN0003265,CUST00398,0,1089.0,0.0,online_services,US,desktop,0,1,541.75,2.0,8.0,376.6,0
TXN0003266,CUST00404,3,698.0,0.0,fuel,CA,mobile,1,0,392.19,3.0,7.0,778.79,0
TXN0003267,CUST00674,13,485.0,0.0,travel,US,mobile,0,1,276.5,0.0,0.0,366.97,0
TXN0003268,CUST00577,16,91.0,0.0,travel,US,desktop,0,1,498.44,2.0,2.0,552.43,0
TXN0003269,CUST00858,19,666.0,0.0,fuel,CA,mobile,1,0,191.24,1.0,3.0,256.6,0
TXN0003270,CUST00129,17,1592.0,0.0,electronics,US,tablet,0,0,119.62,1.0,3.0,382.26,0
TXN0003271,CUST00930,10,368.0,0.0,fashion,US,tablet,0,0,238.98,2.0,4.0,222.57,0
TXN0003272,CUST00465,20,530.0,2.0,electronics,US,desktop,0,0,2503.63,1.0,6.0,723.46,0
TXN0003273,CUST00205,13,178.0,0.0,travel,US,mobile,0,1,290.39,0.0,2.0,260.57,0
TXN0003274,CUST00787,8,144.0,0.0,grocery,US,mobile,0,0,163.44,1.0,2.0,120.57,0
TXN0003275,CUST00977,14,458.0,0.0,grocery,US,tablet,0,0,127.89,1.0,3.0,784.11,0
TXN0003276,CUST00767,11,409.0,0.0,restaurant,US,mobile,0,0,72.42,2.0,2.0,255.35,0
TXN0003277,CUST00265,9,531.0,0.0,electronics,CA,mobile,1,0,126.97,0.0,4.0,376.27,0
TXN0003278,CUST00536,18,144.0,0.0,fuel,US,mobile,0,0,311.17,0.0,2.0,416.85,0
TXN0003279,CUST00961,23,630.0,2.0,restaurant,UK,mobile,1,0,535.77,3.0,10.0,454.69,1
TXN0003280,CUST00792,18,217.0,0.0,restaurant,US,desktop,0,0,292.3,0.0,2.0,444.27,0
TXN0003281,CUST00252,5,579.0,0.0,grocery,UK,tablet,1,0,117.96,1.0,2.0,450.21,0
TXN0003282,CUST00821,19,495.0,0.0,electronics,IN,desktop,1,0,556.3,0.0,3.0,407.6,0
TXN0003283,CUST00288,23,99.0,0.0,fashion,US,desktop,0,0,446.74,2.0,2.0,296.74,0
TXN0003284,CUST00163,5,1172.0,0.0,online_services,UK,mobile,1,1,156.06,1.0,9.0,539.38,0
TXN0003285,CUST00094,7,1052.0,0.0,fuel,US,mobile,0,0,79.1,1.0,3.0,424.55,0
TXN0003286,CUST00781,0,1229.0,4.0,electronics,US,mobile,0,0,895.46,3.0,6.0,386.15,1
TXN0003287,CUST00832,21,344.0,0.0,restaurant,AU,mobile,1,0,50.75,0.0,1.0,869.21,0
TXN0003288,CUST00109,16,199.0,0.0,travel,CA,mobile,1,1,85.44,1.0,9.0,75.91,0
TXN0003289,CUST00335,16,887.0,0.0,restaurant,US,desktop,0,0,177.17,1.0,3.0,283.72,0
TXN0003290,CUST00821,23,849.0,0.0,electronics,AU,mobile,1,0,120.88,1.0,1.0,409.77,0
TXN0003291,CUST00237,14,1763.0,0.0,grocery,US,tablet,0,0,689.48,0.0,1.0,413.01,0
TXN0003292,CUST00380,6,180.0,0.0,online_services,UK,tablet,1,1,188.0,3.0,4.0,233.85,0
TXN0003293,CUST00435,18,1104.0,0.0,electronics,US,mobile,0,0,361.4,0.0,0.0,414.17,0
TXN0003294,CUST00898,21,346.0,0.0,fashion,UK,mobile,1,0,42.87,1.0,3.0,788.03,0
TXN0003295,CUST00482,22,359.0,0.0,fuel,US,desktop,0,0,58.7,1.0,1.0,257.67,0
TXN0003296,CUST00936,2,1136.0,0.0,fuel,IN,tablet,1,0,142.49,1.0,7.0,348.4,0
TXN0003297,CUST00901,21,1018.0,0.0,travel,CA,desktop,1,1,290.25,4.0,9.0,668.89,1
TXN0003298,CUST00024,10,438.0,1.0,travel,US,mobile,0,1,242.89,6.0,7.0,197.82,1
TXN0003299,CUST00652,19,360.0,0.0,restaurant,UK,mobile,1,0,327.09,0.0,2.0,414.0,0
TXN0003300,CUST00116,18,393.0,0.0,electronics,CA,mobile,1,0,719.59,1.0,0.0,465.02,0
TXN0003301,CUST00481,8,996.0,0.0,fuel,US,mobile,0,0,130.2,1.0,2.0,468.24,0
TXN0003302,CUST00391,9,865.0,0.0,grocery,US,mobile,0,0,242.46,1.0,4.0,460.12,0
TXN0003303,CUST00916,1,637.0,0.0,fashion,US,desktop,0,0,196.5,3.0,2.0,317.98,0
TXN0003304,CUST00993,0,252.0,0.0,restaurant,US,mobile,0,0,174.31,0.0,4.0,360.04,0
TXN0003305,CUST00963,15,390.0,0.0,electronics,US,desktop,0,0,315.67,1.0,1.0,535.82,0
TXN0003306,CUST00536,17,621.0,0.0,grocery,US,mobile,0,0,246.41,1.0,2.0,411.54,0
TXN0003307,CUST00078,22,194.0,0.0,electronics,US,mobile,0,0,211.46,0.0,2.0,598.24,0
TXN0003308,CUST00579,16,1303.0,0.0,grocery,US,mobile,0,0,274.01,0.0,1.0,268.8,0
TXN0003309,CUST00172,5,79.0,1.0,online_services,IN,mobile,1,1,1474.4,1.0,6.0,530.95,1
TXN0003310,CUST00955,13,1234.0,1.0,electronics,CA,desktop,1,0,1121.35,1.0,11.0,334.51,0
TXN0003311,CUST00011,22,474.0,0.0,electronics,UK,mobile,1,0,60.1,0.0,2.0,526.96,0
TXN0003312,CUST00799,14,1364.0,0.0,online_services,US,desktop,0,1,120.46,0.0,1.0,240.31,0
TXN0003313,CUST00127,13,267.0,0.0,fuel,US,tablet,0,0,390.53,0.0,0.0,362.36,0
TXN0003314,CUST00607,23,1188.0,0.0,restaurant,US,desktop,0,0,1929.98,1.0,0.0,647.23,0
TXN0003315,CUST00091,21,1177.0,0.0,electronics,UK,mobile,1,0,144.9,1.0,2.0,198.62,0
TXN0003316,CUST00652,2,901.0,0.0,electronics,US,mobile,0,0,73.8,1.0,4.0,380.74,0
TXN0003317,CUST00542,23,626.0,0.0,restaurant,US,mobile,0,0,1514.23,1.0,4.0,1009.71,0
TXN0003318,CUST00845,22,474.0,1.0,restaurant,AU,mobile,1,0,1930.77,0.0,7.0,885.16,0
TXN0003319,CUST00531,18,598.0,0.0,travel,US,tablet,0,1,639.6,1.0,2.0,324.53,0
TXN0003320,CUST00657,11,953.0,0.0,travel,AU,mobile,1,1,267.24,2.0,8.0,304.93,0
TXN0003321,CUST00988,1,1415.0,0.0,fuel,AU,desktop,1,0,234.95,0.0,7.0,221.31,0
TXN0003322,CUST00827,2,977.0,0.0,restaurant,US,desktop,0,0,218.34,2.0,1.0,279.17,0
TXN0003323,CUST00446,17,1680.0,0.0,online_services,IN,tablet,1,1,449.72,1.0,10.0,479.33,0
TXN0003324,CUST00389,0,789.0,0.0,fashion,US,mobile,0,0,666.34,1.0,1.0,276.72,0
TXN0003325,CUST00671,19,254.0,0.0,fuel,IN,mobile,1,0,278.8,0.0,1.0,346.5,0
TXN0003326,CUST00860,20,247.0,1.0,grocery,US,mobile,0,0,1445.72,2.0,4.0,665.21,0
TXN0003327,CUST00042,5,188.0,0.0,restaurant,CA,desktop,1,0,745.18,3.0,3.0,273.13,0
TXN0003328,CUST00253,4,136.0,0.0,travel,UK,mobile,1,1,1394.52,2.0,7.0,517.57,0
TXN0003329,CUST00129,0,277.0,0.0,electronics,US,mobile,0,0,389.95,0.0,0.0,400.64,0
TXN0003330,CUST00059,18,614.0,0.0,restaurant,UK,mobile,1,0,137.35,0.0,3.0,374.22,0
TXN0003331,CUST00662,0,1053.0,3.0,restaurant,IN,mobile,1,0,496.48,2.0,8.0,329.42,1
TXN0003332,CUST00466,20,999.0,0.0,travel,AU,mobile,1,1,61.59,2.0,8.0,408.02,0
TXN0003333,CUST00286,20,1409.0,0.0,travel,UK,mobile,1,1,333.14,1.0,4.0,643.39,0
TXN0003334,CUST00516,15,1325.0,0.0,fashion,UK,tablet,1,0,267.88,1.0,0.0,411.02,0
TXN0003335,CUST00466,11,539.0,0.0,fuel,US,mobile,0,0,677.38,0.0,1.0,312.11,0
TXN0003336,CUST00929,21,944.0,0.0,travel,CA,desktop,1,1,352.6,1.0,7.0,316.24,0
TXN0003337,CUST00777,7,236.0,0.0,travel,UK,desktop,1,1,188.84,1.0,4.0,438.04,0
TXN0003338,CUST00344,15,268.0,0.0,travel,CA,mobile,1,1,166.03,2.0,7.0,218.04,0
TXN0003339,CUST00641,0,337.0,3.0,fuel,UK,desktop,1,0,996.39,1.0,9.0,356.22,1
TXN0003340,CUST00381,3,5.0,0.0,electronics,US,mobile,0,0,820.68,2.0,8.0,753.66,0
TXN0003341,CUST00778,9,137.0,0.0,restaurant,US,desktop,0,0,1052.0,0.0,1.0,494.19,0
TXN0003342,CUST00689,10,162.0,0.0,restaurant,US,desktop,0,0,224.32,1.0,3.0,365.34,0
TXN0003343,CUST00252,16,365.0,0.0,travel,US,desktop,0,1,361.14,0.0,3.0,423.32,0
TXN0003344,CUST00926,22,806.0,0.0,online_services,US,mobile,0,1,904.89,1.0,3.0,629.73,0
TXN0003345,CUST00055,6,1495.0,0.0,online_services,UK,mobile,1,1,217.65,1.0,5.0,237.78,0
TXN0003346,CUST00462,11,689.0,1.0,fuel,US,desktop,0,0,535.85,1.0,6.0,342.13,0
TXN0003347,CUST00456,20,360.0,0.0,fashion,US,desktop,0,0,84.17,0.0,3.0,221.65,0
TXN0003348,CUST00982,6,723.0,0.0,travel,US,desktop,0,1,183.41,1.0,1.0,443.41,0
TXN0003349,CUST00082,11,538.0,0.0,fuel,US,desktop,0,0,331.06,1.0,3.0,446.25,0
TXN0003350,CUST00904,14,119.0,0.0,fuel,US,mobile,0,0,734.6,0.0,2.0,378.13,0
TXN0003351,CUST00098,1,548.0,0.0,fashion,UK,mobile,1,0,81.5,1.0,7.0,524.69,0
TXN0003352,CUST00148,13,424.0,0.0,fuel,US,desktop,0,0,119.34,1.0,1.0,254.56,0
TXN0003353,CUST00328,12,712.0,0.0,restaurant,US,desktop,0,0,54.19,1.0,4.0,434.04,0
TXN0003354,CUST00155,3,1156.0,0.0,fashion,IN,mobile,1,0,1034.98,0.0,7.0,461.71,0
TXN0003355,CUST00189,13,1670.0,1.0,fashion,US,mobile,0,0,701.76,3.0,7.0,324.86,0
TXN0003356,CUST00493,13,435.0,0.0,grocery,CA,mobile,1,0,173.01,0.0,4.0,417.37,0
TXN0003357,CUST00882,15,189.0,0.0,fashion,IN,mobile,1,0,58.13,3.0,1.0,282.03,0
TXN0003358,CUST00262,6,206.0,0.0,fashion,US,mobile,0,0,244.31,0.0,3.0,176.78,0
TXN0003359,CUST00079,18,163.0,0.0,electronics,US,mobile,0,0,177.12,0.0,2.0,240.83,0
TXN0003360,CUST00399,1,208.0,0.0,restaurant,US,mobile,0,0,58.29,0.0,1.0,282.44,0
TXN0003361,CUST00763,9,2291.0,0.0,travel,US,mobile,0,1,194.37,0.0,1.0,317.73,0
TXN0003362,CUST00608,17,182.0,0.0,grocery,US,desktop,0,0,652.07,0.0,0.0,681.8,0
TXN0003363,CUST00259,16,102.0,1.0,fashion,US,mobile,0,0,703.85,1.0,7.0,668.42,0
TXN0003364,CUST00771,4,425.0,0.0,electronics,US,mobile,0,0,627.17,0.0,2.0,405.6,0
TXN0003365,CUST00614,11,1040.0,0.0,electronics,CA,desktop,1,0,850.14,0.0,4.0,431.92,0
TXN0003366,CUST00551,5,733.0,0.0,fuel,US,desktop,0,0,197.41,0.0,5.0,252.66,0
TXN0003367,CUST00784,21,388.0,0.0,travel,UK,mobile,1,1,227.81,0.0,5.0,481.92,0
TXN0003368,CUST00100,8,388.0,0.0,travel,UK,tablet,1,1,365.47,4.0,11.0,253.36,1
TXN0003369,CUST00358,19,803.0,0.0,online_services,US,mobile,0,1,554.53,2.0,1.0,236.59,0
TXN0003370,CUST00379,0,195.0,0.0,restaurant,US,mobile,0,0,763.53,0.0,0.0,328.37,0
TXN0003371,CUST00819,21,284.0,0.0,online_services,US,mobile,0,1,824.55,1.0,3.0,356.35,0
TXN0003372,CUST00220,14,397.0,0.0,fuel,UK,desktop,1,0,136.07,1.0,2.0,434.88,0
TXN0003373,CUST00819,20,1014.0,0.0,fashion,US,mobile,0,0,783.47,2.0,4.0,429.93,0
TXN0003374,CUST00419,5,130.0,0.0,electronics,UK,mobile,1,0,369.32,1.0,1.0,277.79,0
TXN0003375,CUST00123,18,356.0,0.0,grocery,UK,mobile,1,0,161.18,0.0,1.0,417.03,0
TXN0003376,CUST00421,17,103.0,0.0,restaurant,CA,mobile,1,0,97.97,2.0,1.0,488.51,0
TXN0003377,CUST00230,5,659.0,0.0,fashion,US,mobile,0,0,129.19,0.0,4.0,507.72,0
TXN0003378,CUST00689,12,191.0,0.0,fuel,US,mobile,0,0,327.5,0.0,3.0,438.94,0
TXN0003379,CUST00062,0,420.0,0.0,travel,US,mobile,0,1,165.16,4.0,10.0,379.56,1
TXN0003380,CUST00484,22,1090.0,1.0,fuel,US,desktop,0,0,1110.6,4.0,7.0,728.91,0
TXN0003381,CUST00627,22,787.0,0.0,fashion,US,mobile,0,0,99.32,1.0,3.0,749.39,0
TXN0003382,CUST00702,12,571.0,0.0,fuel,UK,desktop,1,0,133.88,1.0,2.0,1426.0,0
TXN0003383,CUST00573,6,747.0,0.0,travel,IN,mobile,1,1,227.71,1.0,7.0,417.14,0
TXN0003384,CUST00767,14,877.0,0.0,fashion,US,tablet,0,0,213.22,0.0,1.0,332.51,0
TXN0003385,CUST00482,11,,0.0,grocery,US,desktop,0,0,88.09,4.0,3.0,305.58,0
TXN0003386,CUST00518,0,,0.0,online_services,US,desktop,0,1,147.93,2.0,5.0,459.13,0
TXN0003387,CUST00154,14,350.0,0.0,restaurant,UK,desktop,1,0,60.63,0.0,4.0,400.45,0
TXN0003388,CUST00091,3,496.0,0.0,fuel,US,mobile,0,0,258.02,0.0,0.0,203.61,0
TXN0003389,CUST00981,12,222.0,0.0,travel,US,mobile,0,1,830.66,1.0,3.0,932.1,0
TXN0003390,CUST00525,22,124.0,0.0,grocery,US,desktop,0,0,132.57,0.0,0.0,533.97,0
TXN0003391,CUST00454,4,245.0,1.0,electronics,UK,mobile,1,0,450.75,1.0,5.0,607.1,0
TXN0003392,CUST00740,1,798.0,0.0,grocery,US,mobile,0,0,537.05,2.0,3.0,541.35,0
TXN0003393,CUST00597,22,32.0,0.0,grocery,US,desktop,0,0,95.91,1.0,3.0,698.68,0
TXN0003394,CUST00644,0,250.0,0.0,grocery,US,mobile,0,0,546.99,0.0,2.0,216.71,0
TXN0003395,CUST00509,15,232.0,0.0,travel,US,tablet,0,1,93.55,0.0,2.0,667.19,0
TXN0003396,CUST00182,22,209.0,0.0,electronics,US,desktop,0,0,184.12,0.0,4.0,1136.32,0
TXN0003397,CUST00385,5,802.0,0.0,restaurant,AU,desktop,1,0,201.76,0.0,2.0,682.99,0
TXN0003398,CUST00573,22,236.0,0.0,grocery,AU,mobile,1,0,429.89,0.0,2.0,483.78,0
TXN0003399,CUST00730,15,197.0,0.0,travel,US,desktop,0,1,1094.28,0.0,0.0,738.86,0
TXN0003400,CUST00404,13,733.0,0.0,travel,UK,mobile,1,1,185.47,2.0,9.0,811.12,0
TXN0003401,CUST00245,2,765.0,1.0,restaurant,US,mobile,0,0,824.61,6.0,7.0,423.57,0
TXN0003402,CUST00741,14,620.0,0.0,online_services,IN,tablet,1,1,62.32,4.0,5.0,68.03,0
TXN0003403,CUST00590,2,216.0,0.0,fashion,AU,mobile,1,0,236.83,2.0,5.0,176.37,0
TXN0003404,CUST00660,22,1054.0,0.0,electronics,US,desktop,0,0,616.36,2.0,4.0,746.13,0
TXN0003405,CUST00649,1,624.0,0.0,electronics,US,desktop,0,0,1620.18,0.0,2.0,925.13,0
TXN0003406,CUST00470,0,93.0,0.0,fuel,US,tablet,0,0,183.56,1.0,1.0,282.74,0
TXN0003407,CUST00825,8,1301.0,1.0,grocery,UK,mobile,1,0,1533.75,2.0,13.0,774.28,0
TXN0003408,CUST00887,8,1029.0,0.0,fashion,IN,mobile,1,0,617.7,2.0,3.0,511.18,0
TXN0003409,CUST00422,22,178.0,0.0,online_services,US,tablet,0,1,77.43,1.0,2.0,373.15,0
TXN0003410,CUST00900,6,435.0,1.0,electronics,CA,desktop,1,0,2231.76,3.0,6.0,973.61,1
TXN0003411,CUST00064,2,560.0,1.0,online_services,UK,desktop,1,1,443.18,3.0,8.0,674.49,1
TXN0003412,CUST00012,17,375.0,0.0,fuel,US,desktop,0,0,302.37,2.0,4.0,155.02,0
TXN0003413,CUST00212,10,1051.0,0.0,grocery,US,mobile,0,0,89.09,0.0,0.0,837.63,0
TXN0003414,CUST00985,6,176.0,0.0,fashion,US,mobile,0,0,182.51,0.0,1.0,647.04,0
TXN0003415,CUST00241,8,548.0,2.0,travel,UK,mobile,1,1,102.88,4.0,5.0,484.84,1
TXN0003416,CUST00492,0,2537.0,0.0,grocery,UK,desktop,1,0,302.84,0.0,5.0,553.82,0
TXN0003417,CUST00212,13,876.0,0.0,fashion,IN,mobile,1,0,835.36,1.0,1.0,729.41,0
TXN0003418,CUST00692,19,254.0,0.0,restaurant,IN,desktop,1,0,251.21,0.0,1.0,393.93,0
TXN0003419,CUST00337,5,831.0,0.0,electronics,US,mobile,0,0,77.2,1.0,2.0,287.83,0
TXN0003420,CUST00996,6,483.0,4.0,online_services,US,mobile,0,1,543.98,2.0,7.0,440.92,0
TXN0003421,CUST00172,9,574.0,0.0,grocery,CA,mobile,1,0,290.29,0.0,3.0,600.18,0
TXN0003422,CUST00671,6,590.0,1.0,fuel,UK,desktop,1,0,726.91,2.0,8.0,366.18,1
TXN0003423,CUST00163,1,411.0,0.0,travel,CA,tablet,1,1,1220.28,0.0,3.0,402.15,0
TXN0003424,CUST00464,3,364.0,1.0,fuel,US,desktop,0,0,4005.19,4.0,8.0,1661.25,1
TXN0003425,CUST00994,20,144.0,0.0,online_services,CA,mobile,1,1,233.44,2.0,10.0,407.74,0
TXN0003426,CUST00496,16,280.0,0.0,grocery,US,mobile,0,0,220.48,2.0,1.0,375.9,0
TXN0003427,CUST00699,0,224.0,2.0,electronics,US,desktop,0,0,347.15,3.0,6.0,290.03,1
TXN0003428,CUST00394,9,761.0,0.0,electronics,US,mobile,0,0,-557.86,0.0,3.0,239.51,0
TXN0003429,CUST00702,18,835.0,0.0,fashion,AU,mobile,1,0,1128.38,3.0,3.0,1480.88,0
TXN0003430,CUST00916,14,247.0,0.0,fuel,US,mobile,0,0,210.21,0.0,1.0,340.97,0
TXN0003431,CUST00307,9,168.0,0.0,fuel,IN,mobile,1,0,299.98,0.0,2.0,340.72,0
TXN0003432,CUST00767,18,831.0,1.0,travel,UK,mobile,1,1,633.83,4.0,7.0,256.0,1
TXN0003433,CUST00182,11,74.0,0.0,online_services,US,mobile,0,1,433.36,5.0,6.0,1020.19,0
TXN0003434,CUST00628,23,108.0,0.0,fashion,US,mobile,0,0,439.7,0.0,4.0,424.89,0
TXN0003435,CUST00793,15,564.0,0.0,travel,US,mobile,0,1,236.89,1.0,3.0,467.66,0
TXN0003436,CUST00509,8,226.0,0.0,grocery,US,desktop,0,0,293.43,1.0,3.0,781.45,0
TXN0003437,CUST00707,14,211.0,0.0,grocery,US,mobile,0,0,529.89,0.0,1.0,646.23,0
TXN0003438,CUST00545,16,1837.0,0.0,fuel,UK,mobile,1,0,188.41,1.0,2.0,630.8,0
TXN0003439,CUST00563,13,537.0,0.0,online_services,US,desktop,0,1,263.76,0.0,0.0,285.48,0
TXN0003440,CUST00623,17,447.0,1.0,fashion,US,tablet,0,0,392.05,4.0,8.0,497.29,1
TXN0003441,CUST00763,1,172.0,,online_services,US,mobile,0,1,102.17,2.0,9.0,346.3,0
TXN0003442,CUST00593,3,102.0,0.0,restaurant,US,mobile,0,0,269.63,0.0,4.0,533.46,0
TXN0003443,CUST00743,17,365.0,0.0,electronics,IN,mobile,1,0,288.93,0.0,0.0,307.02,0
TXN0003444,CUST00226,6,607.0,0.0,online_services,US,desktop,0,1,512.09,2.0,4.0,441.3,0
TXN0003445,CUST00744,12,667.0,0.0,fashion,UK,tablet,1,0,132.87,0.0,1.0,194.47,0
TXN0003446,CUST00732,14,266.0,0.0,online_services,US,mobile,0,1,105.65,0.0,2.0,353.34,0
TXN0003447,CUST00435,22,120.0,0.0,fashion,US,desktop,0,0,1014.41,1.0,4.0,385.94,0
TXN0003448,CUST00924,21,1569.0,1.0,grocery,US,mobile,0,0,1012.18,2.0,3.0,777.93,0
TXN0003449,CUST00421,0,570.0,0.0,electronics,CA,mobile,1,0,81.31,0.0,6.0,369.55,0
TXN0003450,CUST00553,10,1755.0,0.0,online_services,US,desktop,0,1,234.08,0.0,2.0,501.39,0
TXN0003451,CUST00020,9,2495.0,2.0,online_services,US,mobile,0,1,436.74,1.0,5.0,250.57,0
TXN0003452,CUST00553,4,797.0,0.0,online_services,CA,mobile,1,1,759.61,1.0,5.0,664.89,0
TXN0003453,CUST00396,15,1460.0,1.0,fashion,US,tablet,0,0,684.93,1.0,11.0,591.17,0
TXN0003454,CUST00624,10,525.0,0.0,online_services,US,mobile,0,1,658.22,0.0,4.0,472.47,0
TXN0003455,CUST00104,20,208.0,0.0,grocery,US,mobile,0,0,86.49,1.0,2.0,639.27,0
TXN0003456,CUST00191,5,782.0,0.0,grocery,US,mobile,0,0,680.38,0.0,6.0,414.74,0
TXN0003457,CUST00016,8,436.0,0.0,fuel,IN,mobile,1,0,443.41,0.0,3.0,355.37,0
TXN0003458,CUST00119,12,1150.0,0.0,fuel,US,mobile,0,0,316.8,1.0,0.0,607.43,0
TXN0003459,CUST00392,23,253.0,0.0,fashion,US,mobile,0,0,559.79,1.0,2.0,267.96,0
TXN0003460,CUST00424,7,510.0,0.0,fashion,AU,desktop,1,0,647.03,1.0,0.0,420.83,0
TXN0003461,CUST00128,13,470.0,0.0,grocery,AU,tablet,1,0,244.95,0.0,0.0,285.03,0
TXN0003462,CUST00129,23,851.0,0.0,fuel,US,mobile,0,0,901.19,1.0,1.0,500.19,0
TXN0003463,CUST00571,0,366.0,0.0,online_services,AU,mobile,1,1,1557.74,2.0,3.0,462.87,0
TXN0003464,CUST00559,16,696.0,1.0,online_services,US,desktop,0,1,632.3,5.0,9.0,951.31,1
TXN0003465,CUST00028,23,416.0,0.0,fashion,AU,mobile,1,0,83.32,0.0,2.0,182.22,0
TXN0003466,CUST00096,4,445.0,1.0,electronics,US,mobile,0,0,1756.05,1.0,10.0,848.04,0
TXN0003467,CUST00009,1,704.0,0.0,grocery,US,desktop,0,0,244.58,0.0,1.0,273.23,0
TXN0003468,CUST00241,23,188.0,0.0,grocery,US,desktop,0,0,58.37,0.0,2.0,391.54,0
TXN0003469,CUST00825,8,319.0,0.0,fashion,IN,mobile,1,0,319.51,0.0,3.0,828.18,0
TXN0003470,CUST00955,3,364.0,0.0,fashion,US,mobile,0,0,199.05,0.0,3.0,346.6,0
TXN0003471,CUST00231,16,581.0,1.0,fashion,US,mobile,0,0,322.29,0.0,7.0,268.17,0
TXN0003472,CUST00788,16,169.0,0.0,online_services,UK,mobile,1,1,548.56,1.0,6.0,459.77,0
TXN0003473,CUST00283,20,128.0,0.0,online_services,UK,mobile,1,1,130.3,2.0,9.0,179.97,0
TXN0003474,CUST00714,17,136.0,0.0,electronics,UK,mobile,1,0,170.26,1.0,2.0,284.33,0
TXN0003475,CUST00758,15,1869.0,0.0,grocery,UK,desktop,1,0,205.9,1.0,2.0,219.52,0
TXN0003476,CUST00801,7,1082.0,0.0,restaurant,CA,tablet,1,0,551.95,0.0,2.0,1196.99,0
TXN0003477,CUST00775,10,1083.0,0.0,electronics,US,tablet,0,0,95.62,0.0,1.0,333.84,0
TXN0003478,CUST00954,20,1137.0,0.0,electronics,US,desktop,0,0,147.5,0.0,4.0,504.74,0
TXN0003479,CUST00725,20,248.0,0.0,online_services,US,mobile,0,1,343.83,1.0,3.0,337.46,0
TXN0003480,CUST00199,17,1389.0,0.0,fuel,IN,mobile,1,0,363.88,2.0,2.0,179.7,0
TXN0003481,CUST00944,22,112.0,0.0,grocery,US,mobile,0,0,99.4,0.0,2.0,467.56,0
TXN0003482,CUST00078,23,421.0,0.0,online_services,US,mobile,0,1,178.54,0.0,2.0,,0
TXN0003483,CUST00912,9,240.0,0.0,restaurant,UK,tablet,1,0,222.77,0.0,0.0,293.71,0
TXN0003484,CUST00955,12,1626.0,2.0,grocery,US,mobile,0,0,582.6,2.0,7.0,452.01,0
TXN0003485,CUST00854,16,716.0,0.0,electronics,US,desktop,0,0,,0.0,1.0,338.92,0
TXN0003486,CUST00855,17,660.0,0.0,fashion,UK,tablet,1,0,837.99,0.0,3.0,692.0,0
TXN0003487,CUST00172,9,235.0,0.0,grocery,US,desktop,0,0,226.14,0.0,0.0,582.97,0
TXN0003488,CUST00466,15,289.0,0.0,grocery,UK,desktop,1,0,818.39,1.0,2.0,444.82,0
TXN0003489,CUST00580,19,242.0,0.0,fashion,US,mobile,0,0,168.69,0.0,1.0,178.82,0
TXN0003490,CUST00415,4,520.0,0.0,restaurant,US,mobile,0,0,67.99,0.0,0.0,143.87,0
TXN0003491,CUST00939,12,348.0,0.0,restaurant,IN,mobile,1,0,1823.86,0.0,2.0,619.02,0
TXN0003492,CUST00448,17,503.0,0.0,grocery,US,desktop,0,0,228.27,0.0,2.0,321.65,0
TXN0003493,CUST00086,16,929.0,0.0,online_services,US,mobile,0,1,328.88,1.0,2.0,331.35,0
TXN0003494,CUST00100,8,913.0,0.0,fashion,AU,mobile,1,0,76.7,0.0,3.0,192.14,0
TXN0003495,CUST00007,13,794.0,1.0,fuel,US,mobile,0,0,542.76,1.0,4.0,372.86,0
TXN0003496,CUST00844,16,929.0,1.0,grocery,US,mobile,0,0,1738.41,2.0,10.0,634.06,0
TXN0003497,CUST00199,3,1049.0,0.0,fashion,US,mobile,0,0,97.86,0.0,3.0,220.86,0
TXN0003498,CUST00504,17,1564.0,0.0,electronics,US,tablet,0,0,218.31,0.0,4.0,273.07,0
TXN0003499,CUST00086,19,1515.0,0.0,fuel,US,mobile,0,0,233.12,0.0,1.0,328.99,0
TXN0003500,CUST00042,23,818.0,0.0,fashion,UK,mobile,1,0,87.81,0.0,2.0,273.72,0
TXN0003501,CUST00384,23,1537.0,0.0,online_services,US,mobile,0,1,897.55,0.0,0.0,368.51,0
TXN0003502,CUST00620,14,338.0,0.0,grocery,US,mobile,0,0,28.77,0.0,5.0,172.36,0
TXN0003503,CUST00434,10,2961.0,0.0,travel,US,mobile,0,1,44.22,0.0,0.0,397.66,0
TXN0003504,CUST00407,11,2038.0,3.0,restaurant,US,desktop,0,0,752.58,0.0,6.0,321.86,0
TXN0003505,CUST00482,8,250.0,2.0,grocery,US,desktop,0,0,334.13,1.0,7.0,298.85,0
TXN0003506,CUST00663,12,252.0,0.0,fashion,US,mobile,0,0,420.6,2.0,3.0,403.75,0
TXN0003507,CUST00016,14,81.0,3.0,fuel,IN,desktop,1,0,641.42,0.0,6.0,355.52,0
TXN0003508,CUST00644,14,46.0,0.0,fuel,US,tablet,0,0,336.56,0.0,0.0,234.26,0
TXN0003509,CUST00147,4,102.0,0.0,fashion,US,mobile,0,0,81.97,3.0,4.0,304.72,0
TXN0003510,CUST00276,22,1287.0,0.0,restaurant,US,mobile,0,0,178.04,1.0,3.0,280.47,0
TXN0003511,CUST00231,18,1071.0,0.0,grocery,CA,mobile,1,0,171.74,0.0,3.0,203.82,0
TXN0003512,CUST00825,19,752.0,0.0,fuel,AU,mobile,1,0,1595.96,1.0,3.0,913.43,0
TXN0003513,CUST00926,13,61.0,3.0,fuel,AU,mobile,1,0,586.87,1.0,10.0,740.14,1
TXN0003514,CUST00365,16,137.0,0.0,travel,US,mobile,0,1,39.19,0.0,2.0,369.13,0
TXN0003515,CUST00227,17,2163.0,0.0,electronics,US,tablet,0,0,590.46,0.0,4.0,1056.17,0
TXN0003516,CUST00650,20,430.0,0.0,travel,US,mobile,0,1,201.27,0.0,3.0,261.21,0
TXN0003517,CUST00435,2,575.0,0.0,electronics,US,tablet,0,0,303.56,0.0,2.0,461.29,0
TXN0003518,CUST00398,1,959.0,0.0,fuel,UK,mobile,1,0,185.63,0.0,6.0,281.94,0
TXN0003519,CUST00210,0,548.0,0.0,electronics,US,mobile,0,0,88.15,1.0,3.0,240.18,0
TXN0003520,CUST00390,9,105.0,0.0,grocery,UK,mobile,1,0,696.15,0.0,2.0,315.51,0
TXN0003521,CUST00498,18,382.0,0.0,fuel,AU,desktop,1,0,111.9,0.0,1.0,869.31,0
TXN0003522,CUST00539,16,624.0,0.0,fuel,US,mobile,0,0,74.75,2.0,1.0,128.09,0
TXN0003523,CUST00562,11,1000.0,0.0,electronics,UK,desktop,1,0,356.47,0.0,1.0,404.73,0
TXN0003524,CUST00490,0,161.0,0.0,fashion,US,mobile,0,0,277.15,1.0,3.0,202.07,0
TXN0003525,CUST00441,11,174.0,0.0,electronics,US,mobile,0,0,575.65,0.0,0.0,447.74,0
TXN0003526,CUST00260,16,1790.0,0.0,electronics,US,desktop,0,0,306.24,1.0,2.0,454.99,0
TXN0003527,CUST00772,23,221.0,2.0,restaurant,US,desktop,0,0,696.36,4.0,7.0,269.96,0
TXN0003528,CUST00349,2,223.0,0.0,restaurant,US,mobile,0,0,505.79,0.0,4.0,428.74,0
TXN0003529,CUST00351,10,903.0,1.0,grocery,US,mobile,0,0,161.59,3.0,4.0,204.51,1
TXN0003530,CUST00519,16,67.0,2.0,grocery,CA,mobile,1,0,477.04,2.0,6.0,370.16,1
TXN0003531,CUST00319,22,737.0,1.0,fashion,US,mobile,0,0,287.92,1.0,12.0,230.68,0
TXN0003532,CUST00137,2,597.0,0.0,restaurant,AU,desktop,1,0,299.6,3.0,5.0,670.14,0
TXN0003533,CUST00549,7,85.0,0.0,travel,CA,mobile,1,1,1436.58,3.0,6.0,467.06,1
TXN0003534,CUST00622,19,156.0,0.0,grocery,UK,desktop,1,0,305.85,0.0,1.0,401.33,0
TXN0003535,CUST00991,3,1174.0,0.0,grocery,US,desktop,0,0,431.39,0.0,0.0,283.64,0
TXN0003536,CUST00367,20,230.0,1.0,restaurant,US,desktop,0,0,1950.15,0.0,6.0,1763.17,0
TXN0003537,CUST00219,21,181.0,0.0,restaurant,UK,mobile,1,0,366.04,0.0,0.0,606.52,0
TXN0003538,CUST00336,6,721.0,2.0,fashion,AU,desktop,1,0,1359.79,3.0,13.0,921.08,1
TXN0003539,CUST00222,13,222.0,0.0,restaurant,US,desktop,0,0,1096.28,1.0,1.0,388.79,0
TXN0003540,CUST00647,13,433.0,0.0,online_services,UK,desktop,1,1,2021.89,2.0,4.0,468.44,0
TXN0003541,CUST00767,3,443.0,0.0,electronics,US,desktop,0,0,215.83,1.0,1.0,270.29,0
TXN0003542,CUST00359,15,536.0,0.0,fuel,UK,mobile,1,0,115.35,1.0,1.0,381.44,0
TXN0003543,CUST00920,23,964.0,0.0,travel,US,mobile,0,1,31.08,0.0,0.0,370.41,0
TXN0003544,CUST00328,21,399.0,0.0,fuel,US,mobile,0,0,1141.17,2.0,1.0,465.63,0
TXN0003545,CUST00961,0,94.0,0.0,electronics,US,mobile,0,0,155.3,0.0,2.0,408.95,0
TXN0003546,CUST00462,16,554.0,0.0,online_services,US,desktop,0,1,354.29,1.0,1.0,301.35,0
TXN0003547,CUST00945,9,1432.0,0.0,online_services,US,mobile,0,1,414.9,0.0,2.0,629.42,0
TXN0003548,CUST00962,21,340.0,0.0,electronics,IN,mobile,1,0,,2.0,4.0,278.2,0
TXN0003549,CUST00560,15,634.0,0.0,fuel,US,mobile,0,0,200.2,0.0,2.0,453.5,0
TXN0003550,CUST00803,15,283.0,0.0,electronics,US,mobile,0,0,462.05,0.0,0.0,225.04,0
TXN0003551,CUST00381,7,341.0,0.0,grocery,UK,mobile,1,0,377.55,0.0,2.0,809.87,0
TXN0003552,CUST00835,6,119.0,0.0,online_services,AU,mobile,1,1,142.25,1.0,4.0,197.76,0
TXN0003553,CUST00589,5,638.0,0.0,fuel,US,desktop,0,0,898.87,0.0,2.0,1183.2,0
TXN0003554,CUST00616,15,291.0,0.0,electronics,AU,mobile,1,0,420.51,0.0,5.0,248.52,0
TXN0003555,CUST00168,19,553.0,0.0,grocery,US,mobile,0,0,87.62,1.0,3.0,82.34,0
TXN0003556,CUST00216,15,354.0,0.0,restaurant,US,mobile,0,0,181.77,0.0,2.0,445.49,0
TXN0003557,CUST00377,6,403.0,0.0,online_services,UK,mobile,1,1,178.53,,7.0,313.33,0
TXN0003558,CUST00118,8,631.0,0.0,travel,IN,mobile,1,1,155.08,2.0,4.0,303.45,0
TXN0003559,CUST00189,13,634.0,0.0,travel,US,mobile,0,1,399.02,1.0,2.0,376.88,0
TXN0003560,CUST00766,10,1024.0,0.0,electronics,US,mobile,0,0,687.4,1.0,3.0,270.34,0
TXN0003561,CUST00369,13,1126.0,0.0,travel,US,mobile,0,1,101.96,0.0,0.0,382.55,0
TXN0003562,CUST00777,6,394.0,0.0,grocery,US,desktop,0,0,183.88,0.0,2.0,575.0,0
TXN0003563,CUST00148,0,828.0,0.0,restaurant,IN,mobile,1,0,612.16,0.0,16.0,260.47,0
TXN0003564,CUST00675,12,230.0,1.0,electronics,UK,mobile,1,0,273.16,3.0,6.0,443.38,0
TXN0003565,CUST00651,19,373.0,0.0,fashion,CA,mobile,1,0,138.25,0.0,2.0,133.45,0
TXN0003566,CUST00858,2,527.0,0.0,fuel,US,tablet,0,0,40.37,1.0,3.0,205.91,0
TXN0003567,CUST00487,19,175.0,0.0,online_services,US,desktop,0,1,452.6,2.0,0.0,556.43,0
TXN0003568,CUST00769,3,486.0,0.0,travel,US,mobile,0,1,287.67,2.0,7.0,325.93,0
TXN0003569,CUST00373,10,554.0,1.0,travel,US,mobile,0,1,586.55,1.0,7.0,299.48,0
TXN0003570,CUST00780,1,289.0,0.0,electronics,UK,mobile,1,0,67.73,1.0,6.0,315.66,0
TXN0003571,CUST00692,13,831.0,1.0,fuel,US,desktop,0,0,488.29,5.0,8.0,405.49,1
TXN0003572,CUST00159,11,387.0,0.0,fuel,US,mobile,0,0,52.55,1.0,3.0,404.5,0
TXN0003573,CUST00350,16,1155.0,0.0,travel,AU,mobile,1,1,212.66,1.0,12.0,195.58,0
TXN0003574,CUST00911,11,1374.0,0.0,travel,CA,tablet,1,1,1137.5,1.0,7.0,272.48,0
TXN0003575,CUST00287,11,327.0,1.0,fashion,US,mobile,0,0,1217.07,4.0,4.0,601.53,0
TXN0003576,CUST00287,0,360.0,0.0,fuel,AU,mobile,1,0,655.86,0.0,4.0,763.43,0
TXN0003577,CUST00891,12,278.0,0.0,grocery,US,desktop,0,0,695.27,0.0,2.0,345.07,0
TXN0003578,CUST00225,13,156.0,0.0,online_services,UK,desktop,1,1,160.36,3.0,5.0,506.47,0
TXN0003579,CUST00522,23,1428.0,0.0,electronics,US,desktop,0,0,401.33,1.0,4.0,360.48,0
TXN0003580,CUST00521,1,258.0,0.0,electronics,US,desktop,0,0,27.53,1.0,0.0,1726.57,0
TXN0003581,CUST00782,11,524.0,0.0,fashion,CA,tablet,1,0,306.43,1.0,2.0,332.02,0
TXN0003582,CUST00272,20,977.0,0.0,online_services,US,tablet,0,1,578.55,0.0,3.0,833.26,0
TXN0003583,CUST00935,15,987.0,0.0,fashion,US,mobile,0,0,371.65,0.0,0.0,645.29,0
TXN0003584,CUST00401,3,651.0,1.0,grocery,US,mobile,0,0,499.79,1.0,9.0,895.24,1
TXN0003585,CUST00182,7,921.0,0.0,restaurant,US,mobile,0,0,668.18,0.0,2.0,975.04,0
TXN0003586,CUST00968,1,643.0,2.0,electronics,,desktop,1,0,1960.26,2.0,4.0,988.15,0
TXN0003587,CUST00664,9,1077.0,0.0,fuel,US,mobile,0,0,235.24,0.0,1.0,656.5,0
TXN0003588,CUST00487,8,1019.0,0.0,online_services,US,mobile,0,1,806.44,0.0,3.0,649.1,0
TXN0003589,CUST00826,22,92.0,1.0,,AU,mobile,1,1,1074.5,2.0,4.0,490.88,0
TXN0003590,CUST00845,14,908.0,1.0,online_services,US,mobile,0,1,246.43,3.0,7.0,891.02,1
TXN0003591,CUST00123,12,181.0,0.0,grocery,US,desktop,0,0,316.14,0.0,3.0,367.03,0
TXN0003592,CUST00984,22,609.0,0.0,electronics,US,mobile,0,0,137.9,0.0,1.0,560.52,0
TXN0003593,CUST00625,16,123.0,0.0,fuel,US,desktop,0,0,364.15,2.0,2.0,833.18,0
TXN0003594,CUST00789,15,438.0,0.0,grocery,US,mobile,0,0,13.34,0.0,1.0,337.41,0
TXN0003595,CUST00413,1,375.0,0.0,restaurant,UK,,1,0,875.95,2.0,8.0,327.09,0
TXN0003596,CUST00979,19,419.0,0.0,fuel,UK,tablet,1,0,597.9,1.0,4.0,612.86,0
TXN0003597,CUST00724,19,521.0,3.0,electronics,AU,mobile,1,0,2206.02,1.0,8.0,575.93,1
TXN0003598,CUST00171,13,145.0,0.0,online_services,CA,mobile,1,1,242.7,2.0,9.0,331.07,0
TXN0003599,CUST00287,2,1110.0,0.0,travel,AU,tablet,1,1,1832.32,0.0,6.0,658.4,0
TXN0003600,CUST00434,22,25.0,0.0,fuel,IN,mobile,1,0,289.82,4.0,6.0,465.96,0
TXN0003601,CUST00685,11,943.0,0.0,electronics,UK,desktop,1,0,111.39,0.0,3.0,430.06,0
TXN0003602,CUST00112,7,291.0,0.0,grocery,AU,desktop,1,0,127.86,1.0,1.0,348.82,0
TXN0003603,CUST00887,1,538.0,3.0,restaurant,UK,mobile,1,0,539.42,2.0,4.0,612.23,0
TXN0003604,CUST00916,3,949.0,0.0,fuel,US,mobile,0,0,665.19,2.0,4.0,254.11,0
TXN0003605,CUST00994,13,642.0,0.0,grocery,US,mobile,0,0,647.48,0.0,2.0,421.29,0
TXN0003606,CUST00121,15,382.0,1.0,grocery,US,mobile,0,0,407.16,1.0,9.0,579.67,0
TXN0003607,CUST00543,18,470.0,0.0,fashion,IN,mobile,1,0,434.46,1.0,3.0,353.32,0
TXN0003608,CUST00221,1,383.0,2.0,grocery,UK,mobile,1,0,729.26,2.0,,516.42,1
TXN0003609,CUST00630,11,1040.0,0.0,online_services,CA,desktop,1,1,114.94,2.0,10.0,254.65,0
TXN0003610,CUST00038,13,1063.0,0.0,fuel,US,desktop,0,0,95.08,0.0,2.0,344.23,0
TXN0003611,CUST00496,5,236.0,0.0,restaurant,US,desktop,0,0,203.39,1.0,1.0,381.81,0
TXN0003612,CUST00779,12,894.0,1.0,travel,US,mobile,0,1,1228.87,2.0,3.0,728.14,0
TXN0003613,CUST00232,3,1416.0,1.0,fashion,AU,mobile,1,0,582.99,1.0,9.0,378.52,1
TXN0003614,CUST00942,21,708.0,0.0,grocery,AU,mobile,1,0,460.41,0.0,4.0,485.9,0
TXN0003615,CUST00529,17,294.0,0.0,fuel,CA,tablet,1,0,313.6,0.0,2.0,355.82,0
TXN0003616,CUST00148,11,143.0,1.0,online_services,US,desktop,0,1,152.01,2.0,10.0,262.54,0
TXN0003617,CUST00396,19,576.0,0.0,online_services,US,tablet,0,1,1219.69,1.0,1.0,537.97,0
TXN0003618,CUST00660,21,112.0,0.0,online_services,US,mobile,0,1,636.48,1.0,3.0,657.16,0
TXN0003619,CUST00637,20,468.0,0.0,electronics,US,mobile,0,0,79.3,0.0,1.0,275.49,0
TXN0003620,CUST00903,18,316.0,1.0,fashion,CA,mobile,1,0,840.99,2.0,4.0,579.49,0
TXN0003621,CUST00301,7,471.0,0.0,restaurant,US,mobile,0,0,796.91,0.0,1.0,302.46,0
TXN0003622,CUST00359,6,904.0,0.0,electronics,US,desktop,0,0,339.82,1.0,2.0,391.12,0
TXN0003623,CUST00237,15,626.0,2.0,restaurant,US,mobile,0,0,553.65,4.0,13.0,542.25,1
TXN0003624,CUST00646,18,1019.0,0.0,electronics,US,desktop,0,0,221.78,0.0,1.0,252.41,0
TXN0003625,CUST00662,5,2358.0,0.0,travel,US,desktop,0,1,200.16,0.0,0.0,287.61,0
TXN0003626,CUST00235,19,681.0,0.0,restaurant,IN,mobile,1,0,218.5,0.0,3.0,696.57,0
TXN0003627,CUST00735,20,575.0,2.0,electronics,US,tablet,0,0,1830.76,1.0,9.0,692.3,0
TXN0003628,CUST00202,10,1116.0,0.0,online_services,UK,mobile,1,1,357.14,0.0,8.0,186.97,0
TXN0003629,CUST00255,4,340.0,0.0,restaurant,US,desktop,0,0,122.68,0.0,2.0,187.61,0
TXN0003630,CUST00597,15,529.0,0.0,fashion,CA,desktop,1,0,196.79,0.0,0.0,541.51,0
TXN0003631,CUST00661,6,527.0,0.0,restaurant,US,mobile,0,0,178.17,2.0,2.0,699.84,0
TXN0003632,CUST00234,4,936.0,2.0,fuel,UK,mobile,1,0,988.32,5.0,3.0,445.09,1
TXN0003633,CUST00344,10,89.0,0.0,restaurant,US,desktop,0,0,100.13,1.0,2.0,263.63,0
TXN0003634,CUST00533,14,361.0,0.0,electronics,US,mobile,0,0,73.3,1.0,1.0,319.21,0
TXN0003635,CUST00859,2,1433.0,0.0,restaurant,US,tablet,0,0,116.48,0.0,2.0,207.31,0
TXN0003636,CUST00796,4,422.0,0.0,travel,IN,mobile,1,1,215.59,2.0,7.0,176.13,0
TXN0003637,CUST00780,22,1312.0,1.0,grocery,US,mobile,0,0,223.88,1.0,4.0,366.65,0
TXN0003638,CUST00465,20,996.0,0.0,fashion,UK,tablet,1,0,651.66,1.0,4.0,817.87,0
TXN0003639,CUST00769,4,1113.0,0.0,fuel,UK,mobile,1,0,220.77,1.0,12.0,358.94,0
TXN0003640,CUST00540,8,1089.0,0.0,online_services,US,mobile,0,1,329.48,0.0,1.0,222.55,0
TXN0003641,CUST00212,14,407.0,0.0,electronics,US,desktop,0,0,256.89,0.0,1.0,764.5,0
TXN0003642,CUST00462,2,735.0,0.0,online_services,US,mobile,0,1,268.66,1.0,7.0,272.68,0
TXN0003643,CUST00435,5,107.0,2.0,online_services,US,mobile,0,1,639.52,5.0,8.0,504.1,1
TXN0003644,CUST00282,16,736.0,0.0,restaurant,US,mobile,0,0,391.54,2.0,1.0,350.77,0
TXN0003645,CUST00561,20,2126.0,0.0,restaurant,AU,desktop,1,0,328.79,1.0,3.0,283.12,0
TXN0003646,CUST00606,7,913.0,0.0,restaurant,UK,mobile,1,0,2277.2,1.0,2.0,832.14,0
TXN0003647,CUST00462,20,248.0,1.0,fashion,CA,desktop,1,0,262.66,1.0,4.0,323.37,0
TXN0003648,CUST00406,10,324.0,0.0,fuel,US,mobile,0,0,104.79,0.0,1.0,548.74,0
TXN0003649,CUST00087,5,1008.0,0.0,grocery,UK,mobile,1,0,157.96,0.0,0.0,193.81,0
TXN0003650,CUST00043,7,328.0,0.0,travel,US,mobile,0,1,84.91,0.0,2.0,134.67,0
TXN0003651,CUST00460,9,128.0,0.0,fuel,US,tablet,0,0,194.31,0.0,0.0,857.41,0
TXN0003652,CUST00277,23,603.0,0.0,travel,UK,mobile,1,1,113.84,0.0,5.0,574.36,0
TXN0003653,CUST00682,2,998.0,1.0,online_services,CA,mobile,1,1,845.34,2.0,8.0,714.43,1
TXN0003654,CUST00420,22,226.0,0.0,fuel,US,mobile,0,0,259.49,0.0,2.0,330.25,0
TXN0003655,CUST00700,13,425.0,0.0,electronics,CA,mobile,1,0,86.14,0.0,0.0,552.21,0
TXN0003656,CUST00352,22,512.0,0.0,grocery,US,mobile,0,0,451.76,0.0,1.0,486.0,0
TXN0003657,CUST00695,13,606.0,0.0,grocery,AU,mobile,1,0,128.8,0.0,4.0,260.96,0
TXN0003658,CUST00514,9,221.0,0.0,fashion,US,mobile,0,0,115.55,2.0,3.0,268.12,0
TXN0003659,CUST00702,11,137.0,0.0,fuel,US,desktop,0,0,347.75,0.0,2.0,1046.38,0
TXN0003660,CUST00629,5,1002.0,0.0,restaurant,CA,mobile,1,0,244.7,1.0,2.0,222.04,0
TXN0003661,CUST00018,11,283.0,0.0,grocery,UK,mobile,1,0,244.95,0.0,3.0,1212.34,0
TXN0003662,CUST00022,22,244.0,0.0,fuel,US,mobile,0,0,110.59,0.0,6.0,110.29,0
TXN0003663,CUST00412,13,596.0,0.0,restaurant,UK,mobile,1,0,100.44,0.0,0.0,178.29,0
TXN0003664,CUST00029,1,318.0,0.0,fashion,IN,mobile,1,0,463.15,1.0,2.0,298.93,0
TXN0003665,CUST00806,8,603.0,0.0,online_services,UK,mobile,1,1,230.67,2.0,4.0,407.37,0
TXN0003666,CUST00107,9,231.0,0.0,online_services,UK,desktop,1,1,293.92,1.0,6.0,188.3,0
TXN0003667,CUST00366,16,242.0,1.0,fuel,CA,mobile,1,0,841.11,0.0,3.0,1759.19,0
TXN0003668,CUST00280,16,536.0,0.0,fuel,AU,mobile,1,0,420.79,0.0,1.0,435.39,0
TXN0003669,CUST00127,2,188.0,0.0,electronics,US,mobile,0,0,233.7,0.0,1.0,382.3,0
TXN0003670,CUST00228,18,568.0,2.0,fuel,UK,desktop,1,0,507.1,2.0,6.0,495.86,0
TXN0003671,CUST00110,0,178.0,0.0,electronics,US,mobile,0,0,434.29,1.0,2.0,623.43,0
TXN0003672,CUST00135,11,708.0,0.0,restaurant,US,mobile,0,0,1462.25,0.0,2.0,928.35,0
TXN0003673,CUST00361,6,138.0,0.0,online_services,US,mobile,0,1,90.59,0.0,2.0,157.25,0
TXN0003674,CUST00185,3,473.0,0.0,restaurant,US,tablet,0,0,157.76,0.0,3.0,208.78,0
TXN0003675,CUST00655,9,52.0,0.0,online_services,US,mobile,0,1,667.51,0.0,9.0,740.69,0
TXN0003676,CUST00583,12,301.0,0.0,online_services,AU,mobile,1,1,42.91,1.0,4.0,313.21,0
TXN0003677,CUST00128,1,409.0,0.0,grocery,US,mobile,0,0,594.84,0.0,3.0,361.82,0
TXN0003678,CUST00875,9,158.0,0.0,fashion,US,desktop,0,0,462.18,0.0,0.0,386.7,0
TXN0003679,CUST00260,20,,4.0,electronics,US,mobile,0,0,932.64,2.0,9.0,466.82,0
TXN0003680,CUST00514,21,566.0,0.0,online_services,US,desktop,0,1,355.35,0.0,4.0,330.87,0
TXN0003681,CUST00448,3,388.0,0.0,grocery,US,tablet,0,0,816.87,1.0,4.0,296.97,0
TXN0003682,CUST00899,17,505.0,0.0,travel,US,mobile,0,1,308.39,0.0,2.0,639.59,0
TXN0003683,CUST00103,4,171.0,0.0,grocery,AU,mobile,1,0,88.93,1.0,6.0,323.35,0
TXN0003684,CUST00482,18,540.0,0.0,restaurant,US,mobile,0,0,527.6,0.0,4.0,294.95,0
TXN0003685,CUST00223,1,1080.0,0.0,travel,US,mobile,0,1,513.46,3.0,7.0,329.71,0
TXN0003686,CUST00831,11,550.0,0.0,grocery,US,desktop,0,0,289.05,1.0,3.0,371.11,0
TXN0003687,CUST00873,16,655.0,0.0,fuel,US,mobile,0,0,1982.37,0.0,1.0,990.94,0
TXN0003688,CUST00865,9,1006.0,0.0,fashion,US,mobile,0,0,225.0,0.0,3.0,458.7,0
TXN0003689,CUST00490,1,,0.0,electronics,US,mobile,0,0,58.24,0.0,1.0,219.48,0
TXN0003690,CUST00472,5,1084.0,0.0,fuel,US,tablet,0,0,301.13,0.0,5.0,216.44,0
TXN0003691,CUST00009,7,1700.0,0.0,travel,CA,mobile,1,1,275.18,2.0,5.0,228.61,0
TXN0003692,CUST00404,18,562.0,0.0,online_services,US,mobile,0,1,1453.0,0.0,0.0,813.62,0
TXN0003693,CUST00895,10,413.0,0.0,fashion,UK,mobile,1,0,325.51,0.0,1.0,675.38,0
TXN0003694,CUST00301,11,190.0,0.0,online_services,US,desktop,0,1,201.73,1.0,2.0,278.82,0
TXN0003695,CUST00230,8,331.0,0.0,grocery,AU,mobile,1,0,89.64,2.0,1.0,678.83,0
TXN0003696,CUST00730,1,451.0,2.0,fuel,US,mobile,0,0,2064.81,0.0,5.0,760.76,0
TXN0003697,CUST00922,7,603.0,0.0,restaurant,IN,tablet,1,0,39.44,0.0,2.0,290.38,0
TXN0003698,CUST00065,10,707.0,0.0,restaurant,US,mobile,0,0,356.18,2.0,1.0,485.65,0
TXN0003699,CUST00936,20,328.0,0.0,fashion,IN,mobile,1,0,49.04,0.0,1.0,364.36,0
TXN0003700,CUST00111,3,183.0,0.0,restaurant,UK,desktop,1,0,193.75,3.0,9.0,286.85,0
TXN0003701,CUST00012,9,109.0,0.0,electronics,US,mobile,0,0,184.13,1.0,4.0,182.28,0
TXN0003702,CUST00392,20,992.0,0.0,online_services,IN,mobile,1,1,141.28,0.0,13.0,289.76,0
TXN0003703,CUST00499,19,1195.0,0.0,fashion,US,mobile,0,0,181.99,0.0,2.0,230.1,0
TXN0003704,CUST00931,15,833.0,0.0,fashion,UK,desktop,1,0,273.73,1.0,5.0,332.92,0
TXN0003705,CUST00597,7,979.0,1.0,restaurant,AU,tablet,1,0,418.3,1.0,4.0,716.47,0
TXN0003706,CUST00233,3,180.0,0.0,fashion,US,mobile,0,0,222.63,1.0,1.0,783.33,0
TXN0003707,CUST00601,9,938.0,0.0,grocery,US,mobile,0,0,140.36,0.0,1.0,527.33,0
TXN0003708,CUST00313,11,340.0,0.0,travel,US,mobile,0,1,201.6,0.0,2.0,363.68,0
TXN0003709,CUST00565,13,995.0,0.0,fuel,UK,mobile,1,0,532.87,1.0,1.0,744.7,0
TXN0003710,CUST00011,15,381.0,0.0,travel,AU,desktop,1,1,169.16,2.0,9.0,638.33,0
TXN0003711,CUST00208,21,211.0,0.0,online_services,CA,desktop,1,1,853.32,1.0,6.0,358.17,0
TXN0003712,CUST00973,17,118.0,0.0,fuel,US,mobile,0,0,532.25,0.0,2.0,405.9,0
TXN0003713,CUST00013,20,2368.0,0.0,restaurant,CA,tablet,1,0,472.04,1.0,2.0,229.67,0
TXN0003714,CUST00632,21,710.0,0.0,electronics,IN,mobile,1,0,246.14,0.0,1.0,419.35,0
TXN0003715,CUST00417,20,340.0,0.0,electronics,US,mobile,0,0,114.34,0.0,4.0,285.66,0
TXN0003716,CUST00436,11,1503.0,0.0,restaurant,US,desktop,0,0,264.84,2.0,4.0,743.95,0
TXN0003717,CUST00376,17,788.0,0.0,online_services,US,mobile,0,1,999.34,1.0,2.0,836.22,0
TXN0003718,CUST00019,6,1158.0,0.0,restaurant,AU,mobile,1,0,126.46,1.0,1.0,477.56,0
TXN0003719,CUST00586,19,137.0,0.0,fashion,US,mobile,0,0,309.53,0.0,3.0,160.42,0
TXN0003720,CUST00911,23,1122.0,0.0,electronics,AU,mobile,1,0,118.36,0.0,1.0,267.86,0
TXN0003721,CUST00754,22,421.0,0.0,travel,IN,mobile,1,1,177.28,2.0,6.0,432.31,0
TXN0003722,CUST00734,6,79.0,0.0,restaurant,US,tablet,0,0,311.07,2.0,2.0,1621.07,0
TXN0003723,CUST00069,8,1738.0,0.0,online_services,US,mobile,0,1,327.5,1.0,1.0,246.0,0
TXN0003724,CUST00823,0,618.0,0.0,online_services,US,mobile,0,1,268.74,2.0,8.0,302.34,0
TXN0003725,CUST00210,5,901.0,0.0,travel,US,mobile,0,1,397.5,2.0,0.0,253.64,0
TXN0003726,CUST00100,5,554.0,0.0,fuel,US,desktop,0,0,351.96,1.0,1.0,198.35,0
TXN0003727,CUST00697,21,518.0,0.0,travel,UK,mobile,1,1,188.23,2.0,4.0,377.7,0
TXN0003728,CUST00131,11,625.0,0.0,online_services,US,desktop,0,1,436.45,1.0,3.0,254.99,0
TXN0003729,CUST00622,21,414.0,0.0,electronics,IN,mobile,1,0,112.9,0.0,0.0,426.51,0
TXN0003730,CUST00380,11,219.0,0.0,fuel,US,mobile,0,0,198.99,1.0,3.0,247.39,0
TXN0003731,CUST00131,9,750.0,0.0,travel,US,desktop,0,1,168.76,0.0,4.0,376.89,0
TXN0003732,CUST00019,22,1282.0,0.0,fashion,CA,mobile,1,0,329.59,1.0,1.0,477.89,0
TXN0003733,CUST00905,5,1209.0,0.0,fashion,US,mobile,0,0,36.54,1.0,2.0,-468.51,0
TXN0003734,CUST00535,16,180.0,1.0,electronics,US,desktop,0,0,553.27,1.0,9.0,522.07,0
TXN0003735,CUST00226,18,1236.0,0.0,fashion,UK,mobile,1,0,352.58,1.0,3.0,361.52,0
TXN0003736,CUST00153,17,307.0,0.0,restaurant,AU,tablet,1,0,1765.13,1.0,0.0,673.14,0
TXN0003737,CUST00804,5,249.0,0.0,fuel,US,mobile,0,0,254.62,0.0,2.0,555.51,0
TXN0003738,CUST00741,23,66.0,0.0,electronics,US,desktop,0,0,102.96,0.0,2.0,78.09,0
TXN0003739,CUST00468,18,477.0,0.0,fuel,IN,desktop,1,0,419.69,1.0,3.0,297.02,0
TXN0003740,CUST00821,9,480.0,1.0,online_services,US,mobile,0,1,410.76,2.0,2.0,506.69,0
TXN0003741,CUST00999,23,625.0,0.0,travel,US,mobile,0,1,82.57,1.0,0.0,75.6,0
TXN0003742,CUST00870,7,244.0,1.0,restaurant,UK,mobile,1,0,831.43,2.0,9.0,635.03,0
TXN0003743,CUST00404,20,464.0,0.0,electronics,US,tablet,0,0,704.91,0.0,2.0,680.95,0
TXN0003744,CUST00201,23,313.0,1.0,travel,US,desktop,0,1,516.4,7.0,8.0,243.27,1
TXN0003745,CUST00037,5,624.0,0.0,travel,US,mobile,0,1,206.62,0.0,2.0,190.19,0
TXN0003746,CUST00941,20,1064.0,0.0,travel,AU,mobile,1,1,425.93,3.0,5.0,488.65,0
TXN0003747,CUST00771,6,1091.0,0.0,travel,CA,mobile,1,1,554.56,2.0,9.0,419.83,0
TXN0003748,CUST00187,23,1185.0,0.0,travel,US,desktop,0,1,765.85,0.0,2.0,417.98,0
TXN0003749,CUST00056,0,152.0,0.0,electronics,US,tablet,0,0,140.08,1.0,2.0,2106.41,0
TXN0003750,CUST00940,17,379.0,1.0,fashion,CA,mobile,1,0,740.32,1.0,4.0,332.99,0
TXN0003751,CUST00019,23,296.0,0.0,travel,US,desktop,0,1,43.14,0.0,3.0,449.86,0
TXN0003752,CUST00272,19,89.0,0.0,online_services,US,mobile,0,1,452.82,3.0,9.0,608.93,1
TXN0003753,CUST00118,11,533.0,3.0,online_services,US,desktop,0,1,274.17,4.0,13.0,341.29,1
TXN0003754,CUST00582,15,712.0,1.0,restaurant,US,mobile,0,0,804.37,1.0,6.0,712.13,0
TXN0003755,CUST00515,9,1158.0,0.0,electronics,US,desktop,0,0,497.0,0.0,1.0,532.78,0
TXN0003756,CUST00220,9,480.0,0.0,grocery,US,tablet,0,0,425.04,1.0,2.0,391.57,0
TXN0003757,CUST00525,13,877.0,2.0,fashion,US,desktop,0,0,179.96,2.0,5.0,539.07,0
TXN0003758,CUST00514,19,88.0,0.0,restaurant,UK,tablet,1,0,177.92,6.0,5.0,264.91,0
TXN0003759,CUST00727,9,66.0,0.0,online_services,US,mobile,0,1,1275.11,2.0,7.0,942.16,0
TXN0003760,CUST00740,9,298.0,1.0,travel,UK,tablet,1,1,821.51,2.0,4.0,431.2,0
TXN0003761,CUST00335,10,552.0,0.0,electronics,US,desktop,0,0,139.38,0.0,2.0,274.66,0
TXN0003762,CUST00697,22,366.0,0.0,electronics,US,mobile,0,0,330.2,0.0,1.0,394.28,0
TXN0003763,CUST00054,1,888.0,0.0,travel,US,mobile,0,1,451.65,2.0,10.0,417.8,0
TXN0003764,CUST00499,19,1598.0,0.0,online_services,US,tablet,0,1,210.26,0.0,1.0,239.47,0
TXN0003765,CUST00899,7,754.0,0.0,restaurant,UK,mobile,1,0,110.8,3.0,0.0,644.86,0
TXN0003766,CUST00887,22,362.0,0.0,electronics,UK,mobile,1,0,330.91,0.0,4.0,492.61,0
TXN0003767,CUST00765,6,261.0,0.0,fuel,US,desktop,0,0,122.74,1.0,3.0,102.22,0
TXN0003768,CUST00535,7,129.0,0.0,online_services,UK,mobile,1,1,704.77,2.0,7.0,450.59,0
TXN0003769,CUST00161,0,476.0,0.0,online_services,US,desktop,0,1,29.68,3.0,8.0,337.24,1
TXN0003770,CUST00669,20,1595.0,0.0,fashion,AU,mobile,1,0,188.69,0.0,3.0,415.38,0
TXN0003771,CUST00593,1,586.0,0.0,restaurant,AU,mobile,1,0,120.03,4.0,7.0,451.03,0
TXN0003772,CUST00914,17,465.0,0.0,online_services,US,mobile,0,1,432.61,0.0,1.0,367.52,0
TXN0003773,CUST00158,14,622.0,0.0,travel,US,mobile,0,1,770.17,0.0,0.0,376.79,0
TXN0003774,CUST00187,0,731.0,1.0,online_services,UK,desktop,1,1,418.83,4.0,4.0,511.69,1
TXN0003775,CUST00059,4,27.0,0.0,restaurant,US,desktop,0,0,306.41,0.0,4.0,376.69,0
TXN0003776,CUST00914,1,2274.0,0.0,fuel,AU,mobile,1,0,409.58,2.0,4.0,292.15,0
TXN0003777,CUST00816,19,20.0,0.0,online_services,UK,desktop,1,1,163.51,0.0,8.0,223.81,0
TXN0003778,CUST00318,2,404.0,0.0,restaurant,UK,desktop,1,0,298.03,3.0,5.0,186.65,0
TXN0003779,CUST00877,18,628.0,1.0,online_services,US,tablet,0,1,687.49,4.0,7.0,353.05,1
TXN0003780,CUST00210,17,412.0,0.0,grocery,US,desktop,0,0,205.39,3.0,0.0,234.3,0
TXN0003781,CUST00405,21,531.0,0.0,travel,US,mobile,0,1,125.07,0.0,1.0,96.77,0
TXN0003782,CUST00663,17,294.0,0.0,fashion,US,mobile,0,0,45.2,0.0,2.0,401.39,0
TXN0003783,CUST00108,13,330.0,2.0,travel,US,desktop,0,1,1778.16,1.0,4.0,384.42,0
TXN0003784,CUST00075,23,461.0,0.0,grocery,IN,desktop,1,0,404.85,2.0,2.0,445.58,0
TXN0003785,CUST00541,7,839.0,0.0,travel,US,mobile,0,1,233.63,0.0,3.0,393.44,0
TXN0003786,CUST00313,11,540.0,0.0,travel,AU,desktop,1,1,294.01,1.0,11.0,356.08,0
TXN0003787,CUST00997,20,1042.0,0.0,fashion,CA,mobile,1,0,216.9,1.0,0.0,426.24,0
TXN0003788,CUST00116,9,801.0,0.0,grocery,CA,mobile,1,0,536.87,0.0,3.0,571.69,0
TXN0003789,CUST00926,22,1053.0,0.0,travel,US,mobile,0,1,208.72,0.0,1.0,568.12,0
TXN0003790,CUST00867,19,379.0,0.0,fuel,US,mobile,0,0,238.58,0.0,4.0,172.14,0
TXN0003791,CUST00703,16,221.0,0.0,online_services,US,desktop,0,1,275.29,1.0,4.0,250.39,0
TXN0003792,CUST00018,10,207.0,0.0,travel,IN,mobile,1,1,179.84,0.0,8.0,1468.84,0
TXN0003793,CUST00431,1,615.0,0.0,electronics,AU,mobile,1,0,227.19,2.0,4.0,263.99,0
TXN0003794,CUST00684,3,159.0,0.0,travel,US,mobile,0,1,220.23,1.0,8.0,471.54,0
TXN0003795,CUST00739,0,1226.0,0.0,fashion,US,mobile,0,0,141.44,1.0,1.0,421.42,0
TXN0003796,CUST00349,14,169.0,0.0,electronics,US,mobile,0,0,114.17,0.0,2.0,467.12,0
TXN0003797,CUST00182,12,1160.0,0.0,fuel,US,desktop,0,0,208.91,2.0,1.0,865.5,0
TXN0003798,CUST00112,7,358.0,0.0,online_services,CA,mobile,1,1,192.05,2.0,4.0,266.3,0
TXN0003799,CUST00182,3,571.0,1.0,fuel,CA,desktop,1,0,1379.82,2.0,4.0,999.06,0
TXN0003800,CUST00480,9,270.0,0.0,fuel,UK,mobile,1,0,113.32,0.0,3.0,1007.92,0
TXN0003801,CUST00145,18,462.0,0.0,grocery,UK,tablet,1,0,156.59,1.0,0.0,346.03,0
TXN0003802,CUST00830,17,596.0,0.0,fuel,US,mobile,0,0,283.62,0.0,4.0,381.19,0
TXN0003803,CUST00627,4,482.0,0.0,restaurant,US,mobile,0,0,336.49,1.0,3.0,700.02,0
TXN0003804,CUST00112,18,116.0,0.0,fashion,CA,desktop,1,0,218.93,0.0,1.0,313.75,0
TXN0003805,CUST00762,22,838.0,0.0,grocery,AU,desktop,1,0,470.97,1.0,1.0,481.84,0
TXN0003806,CUST00475,21,535.0,0.0,electronics,US,mobile,0,0,225.07,1.0,2.0,313.88,0
TXN0003807,CUST00762,15,210.0,0.0,restaurant,US,mobile,0,0,122.16,0.0,5.0,522.33,0
TXN0003808,CUST00302,0,531.0,0.0,grocery,US,mobile,0,0,237.13,0.0,1.0,654.34,0
TXN0003809,CUST00970,11,716.0,1.0,fashion,CA,mobile,1,0,1325.03,3.0,5.0,442.23,1
TXN0003810,CUST00824,23,544.0,1.0,electronics,US,mobile,0,0,1838.28,1.0,8.0,629.99,0
TXN0003811,CUST00117,1,1277.0,0.0,fashion,UK,mobile,1,0,520.92,3.0,3.0,264.37,0
TXN0003812,CUST00812,20,69.0,0.0,fashion,US,desktop,0,0,285.7,0.0,5.0,863.99,0
TXN0003813,CUST00160,7,250.0,0.0,electronics,CA,tablet,1,0,301.89,0.0,3.0,284.51,0
TXN0003814,CUST00400,17,773.0,0.0,fuel,US,mobile,0,0,392.23,0.0,7.0,413.72,0
TXN0003815,CUST00197,15,352.0,1.0,travel,US,desktop,0,1,191.28,3.0,11.0,326.72,1
TXN0003816,CUST00259,4,100.0,0.0,fashion,US,mobile,0,0,137.8,0.0,1.0,726.74,0
TXN0003817,CUST00659,21,1467.0,0.0,fuel,US,mobile,0,0,310.74,2.0,1.0,549.58,0
TXN0003818,CUST00751,12,240.0,0.0,online_services,CA,desktop,1,1,111.2,4.0,5.0,391.55,1
TXN0003819,CUST00046,18,334.0,0.0,electronics,UK,desktop,1,0,614.73,0.0,1.0,575.79,0
TXN0003820,CUST00986,2,495.0,0.0,fashion,US,tablet,0,0,574.78,1.0,3.0,323.11,0
TXN0003821,CUST00398,7,1419.0,3.0,travel,US,desktop,0,1,565.51,2.0,7.0,397.64,0
TXN0003822,CUST00709,11,531.0,0.0,online_services,US,mobile,0,1,118.5,0.0,3.0,412.1,0
TXN0003823,CUST00558,1,325.0,0.0,electronics,CA,mobile,1,0,345.16,3.0,7.0,423.64,0
TXN0003824,CUST00077,10,2756.0,0.0,grocery,US,desktop,0,0,88.09,1.0,3.0,184.1,0
TXN0003825,CUST00123,11,686.0,0.0,grocery,AU,mobile,1,0,273.65,0.0,1.0,410.23,0
TXN0003826,CUST00074,17,584.0,1.0,fuel,US,mobile,0,0,6197.74,1.0,5.0,956.61,0
TXN0003827,CUST00870,12,113.0,0.0,grocery,US,mobile,0,0,109.21,2.0,1.0,635.27,0
TXN0003828,CUST00136,4,713.0,0.0,restaurant,US,tablet,0,0,130.88,0.0,1.0,819.05,0
TXN0003829,CUST00601,21,1000.0,0.0,fashion,US,desktop,0,0,149.31,1.0,3.0,481.26,0
TXN0003830,CUST00399,11,130.0,0.0,fashion,US,mobile,0,0,119.3,0.0,2.0,326.65,0
TXN0003831,CUST00836,1,1357.0,0.0,electronics,US,tablet,0,0,124.23,0.0,2.0,245.82,0
TXN0003832,CUST00504,4,2365.0,0.0,restaurant,US,desktop,0,0,967.96,0.0,1.0,336.09,0
TXN0003833,CUST00499,6,1474.0,0.0,fashion,CA,mobile,1,0,257.28,1.0,1.0,255.01,0
TXN0003834,CUST00572,23,271.0,0.0,electronics,US,mobile,0,0,506.48,0.0,2.0,338.69,0
TXN0003835,CUST00137,11,1395.0,0.0,travel,US,mobile,0,1,638.77,2.0,3.0,629.21,0
TXN0003836,CUST00049,15,870.0,0.0,fashion,CA,mobile,1,0,57.78,0.0,4.0,69.96,0
TXN0003837,CUST00770,22,424.0,0.0,fuel,AU,desktop,1,0,132.23,0.0,0.0,339.26,0
TXN0003838,CUST00972,7,1196.0,0.0,fashion,US,desktop,0,0,118.45,1.0,1.0,429.04,0
TXN0003839,CUST00618,8,743.0,0.0,travel,CA,mobile,1,1,29.79,4.0,4.0,300.31,0
TXN0003840,CUST00624,14,543.0,0.0,travel,UK,desktop,1,1,344.04,2.0,,462.57,0
TXN0003841,CUST00861,4,355.0,0.0,fashion,IN,mobile,1,0,311.98,6.0,9.0,626.01,1
TXN0003842,CUST00253,12,285.0,1.0,travel,US,mobile,0,1,2204.68,3.0,6.0,492.99,0
TXN0003843,CUST00629,4,621.0,0.0,electronics,IN,desktop,1,0,357.56,2.0,4.0,240.81,0
TXN0003844,CUST00709,10,401.0,0.0,fashion,US,mobile,0,0,30.38,0.0,1.0,488.94,0
TXN0003845,CUST00848,9,743.0,0.0,fashion,US,desktop,0,0,139.54,0.0,4.0,822.59,0
TXN0003846,CUST00876,19,1202.0,0.0,grocery,US,mobile,0,0,147.87,0.0,1.0,779.61,0
TXN0003847,CUST00562,12,498.0,0.0,fuel,US,mobile,0,0,368.37,0.0,1.0,404.46,0
TXN0003848,CUST00756,8,330.0,0.0,fashion,UK,mobile,1,0,29.3,1.0,3.0,495.18,0
TXN0003849,CUST00914,20,752.0,0.0,online_services,US,mobile,0,1,378.1,1.0,3.0,291.09,0
TXN0003850,CUST00425,13,383.0,0.0,grocery,US,mobile,0,0,459.66,1.0,0.0,961.06,0
TXN0003851,CUST00546,17,788.0,0.0,travel,US,desktop,0,1,200.31,1.0,1.0,393.4,0
TXN0003852,CUST00301,14,165.0,0.0,fuel,US,mobile,0,0,129.13,1.0,1.0,371.66,0
TXN0003853,CUST00921,9,926.0,1.0,fuel,US,mobile,0,0,2148.57,1.0,8.0,566.22,0
TXN0003854,CUST00580,23,862.0,0.0,travel,US,mobile,0,1,80.89,0.0,1.0,181.63,0
TXN0003855,CUST00348,6,509.0,0.0,electronics,US,desktop,0,0,611.9,0.0,1.0,400.7,0
TXN0003856,CUST00831,7,638.0,0.0,grocery,US,mobile,0,0,506.17,2.0,0.0,344.06,0
TXN0003857,CUST00932,2,859.0,0.0,fashion,US,desktop,0,0,383.2,0.0,0.0,820.57,0
TXN0003858,CUST00979,14,1419.0,0.0,grocery,CA,mobile,1,0,1046.77,0.0,2.0,536.86,0
TXN0003859,CUST00048,15,221.0,0.0,travel,US,mobile,0,1,248.03,2.0,1.0,230.22,0
TXN0003860,CUST00916,3,695.0,0.0,travel,US,desktop,0,1,402.14,2.0,10.0,308.48,0
TXN0003861,CUST00073,20,137.0,0.0,online_services,US,mobile,0,1,235.46,0.0,1.0,186.59,0
TXN0003862,CUST00703,5,211.0,0.0,electronics,US,mobile,0,0,189.24,0.0,1.0,361.49,0
TXN0003863,CUST00260,0,1232.0,0.0,fuel,US,mobile,0,0,373.51,0.0,1.0,422.87,0
TXN0003864,CUST00355,3,170.0,0.0,fuel,IN,desktop,1,0,191.97,2.0,5.0,276.26,0
TXN0003865,CUST00581,10,765.0,0.0,travel,CA,mobile,1,1,257.25,1.0,6.0,667.12,0
TXN0003866,CUST00601,11,332.0,0.0,grocery,UK,mobile,1,0,258.37,1.0,2.0,467.67,0
TXN0003867,CUST00259,4,146.0,0.0,fuel,US,mobile,0,0,177.0,0.0,0.0,716.58,0
TXN0003868,CUST00637,22,210.0,0.0,online_services,US,mobile,0,1,440.41,0.0,0.0,299.03,0
TXN0003869,CUST00742,20,258.0,0.0,online_services,US,desktop,0,1,59.32,0.0,2.0,921.68,0
TXN0003870,CUST00294,15,1053.0,0.0,fashion,AU,mobile,1,0,140.32,0.0,2.0,120.55,0
TXN0003871,CUST00930,12,260.0,0.0,fashion,AU,desktop,1,0,112.29,0.0,0.0,207.1,0
TXN0003872,CUST00640,12,334.0,0.0,grocery,US,tablet,0,0,312.86,0.0,1.0,224.12,0
TXN0003873,CUST00791,16,388.0,0.0,electronics,US,mobile,0,0,202.32,4.0,1.0,347.3,0
TXN0003874,CUST00312,6,383.0,0.0,fashion,US,desktop,0,0,78.65,1.0,5.0,402.19,0
TXN0003875,CUST00611,7,1142.0,0.0,grocery,US,mobile,0,0,356.4,2.0,1.0,285.83,0
TXN0003876,CUST00837,12,88.0,0.0,grocery,CA,desktop,1,0,293.53,2.0,8.0,499.31,0
TXN0003877,CUST00808,22,1030.0,1.0,travel,US,mobile,0,1,673.32,4.0,6.0,421.07,1
TXN0003878,CUST00181,15,497.0,0.0,fuel,US,desktop,0,0,456.93,0.0,4.0,402.95,0
TXN0003879,CUST00685,3,827.0,0.0,travel,CA,mobile,1,1,1417.11,2.0,5.0,409.34,0
TXN0003880,CUST00827,7,231.0,0.0,fuel,US,desktop,0,0,203.07,0.0,2.0,274.74,0
TXN0003881,CUST00363,15,287.0,0.0,electronics,US,desktop,0,0,341.37,0.0,2.0,225.08,0
TXN0003882,CUST00187,20,487.0,0.0,electronics,US,mobile,0,0,731.9,1.0,5.0,494.32,0
TXN0003883,CUST00568,9,251.0,0.0,electronics,US,mobile,0,0,216.43,0.0,2.0,205.4,0
TXN0003884,CUST00542,11,203.0,0.0,grocery,US,desktop,0,0,663.26,0.0,1.0,747.67,0
TXN0003885,CUST00595,11,97.0,2.0,grocery,US,mobile,0,0,3295.01,3.0,5.0,1176.78,1
TXN0003886,CUST00663,4,283.0,0.0,travel,CA,tablet,1,1,767.21,3.0,7.0,408.11,1
TXN0003887,CUST00984,15,439.0,2.0,fashion,UK,tablet,1,0,249.24,1.0,6.0,566.13,0
TXN0003888,CUST00547,0,428.0,0.0,online_services,US,desktop,0,1,192.9,5.0,8.0,123.07,1
TXN0003889,CUST00724,8,526.0,0.0,fuel,CA,mobile,1,0,278.73,0.0,2.0,598.55,0
TXN0003890,CUST00925,11,670.0,0.0,fuel,US,mobile,0,0,248.67,1.0,3.0,356.56,0
TXN0003891,CUST00407,4,687.0,0.0,electronics,CA,desktop,1,0,271.26,1.0,11.0,313.74,0
TXN0003892,CUST00875,21,422.0,0.0,fuel,US,mobile,0,0,646.77,0.0,2.0,331.1,0
TXN0003893,CUST00617,19,868.0,0.0,restaurant,US,mobile,0,0,123.96,1.0,1.0,100.16,0
TXN0003894,CUST00413,21,171.0,0.0,electronics,US,mobile,0,0,328.49,0.0,2.0,285.29,0
TXN0003895,CUST00341,23,926.0,2.0,online_services,US,tablet,0,1,1364.3,3.0,4.0,383.36,1
TXN0003896,CUST00219,2,1512.0,0.0,fuel,IN,mobile,1,0,200.21,4.0,6.0,548.42,0
TXN0003897,CUST00902,4,693.0,0.0,travel,US,desktop,0,1,107.69,0.0,7.0,467.14,0
TXN0003898,CUST00162,1,108.0,0.0,fuel,US,mobile,0,0,207.62,2.0,2.0,1010.07,0
TXN0003899,CUST00950,13,263.0,1.0,grocery,US,mobile,0,0,362.74,1.0,3.0,190.73,0
TXN0003900,CUST00219,1,248.0,0.0,travel,US,desktop,0,1,139.04,4.0,8.0,593.23,1
TXN0003901,CUST00269,12,421.0,0.0,travel,AU,mobile,1,1,389.6,2.0,6.0,256.12,0
TXN0003902,CUST00631,6,867.0,0.0,travel,AU,mobile,1,1,302.32,4.0,11.0,499.95,1
TXN0003903,CUST00905,9,193.0,0.0,restaurant,US,desktop,0,0,432.52,0.0,0.0,366.68,0
TXN0003904,CUST00847,12,1243.0,0.0,restaurant,US,mobile,0,0,360.34,0.0,0.0,528.13,0
TXN0003905,CUST00399,15,766.0,0.0,fuel,US,mobile,0,0,207.51,1.0,2.0,359.72,0
TXN0003906,CUST00181,13,647.0,0.0,electronics,US,mobile,0,0,109.07,0.0,2.0,354.03,0
TXN0003907,CUST00990,10,172.0,0.0,fuel,US,mobile,0,0,317.01,0.0,2.0,1226.0,0
TXN0003908,CUST00617,9,1609.0,0.0,fuel,US,desktop,0,0,159.57,2.0,1.0,133.19,0
TXN0003909,CUST00728,5,1622.0,0.0,fuel,CA,mobile,1,0,218.89,0.0,2.0,114.49,0
TXN0003910,CUST00204,3,273.0,,online_services,US,mobile,0,1,499.21,0.0,8.0,612.39,1
TXN0003911,CUST00581,20,240.0,,grocery,US,mobile,0,0,504.28,0.0,3.0,644.07,0
TXN0003912,CUST00555,0,366.0,0.0,travel,US,mobile,0,1,40.74,3.0,9.0,604.55,0
TXN0003913,CUST00840,6,593.0,0.0,fashion,UK,mobile,1,0,369.5,0.0,2.0,342.87,0
TXN0003914,CUST00812,23,102.0,0.0,online_services,US,mobile,0,1,275.7,0.0,1.0,895.49,0
TXN0003915,CUST00227,8,184.0,1.0,electronics,US,desktop,0,0,1600.68,1.0,6.0,983.66,0
TXN0003916,CUST00695,7,647.0,0.0,electronics,US,tablet,0,0,92.01,0.0,2.0,258.77,0
TXN0003917,CUST00618,4,950.0,0.0,travel,US,desktop,0,1,235.84,1.0,6.0,300.55,0
TXN0003918,CUST00595,18,702.0,0.0,electronics,US,mobile,0,0,173.77,2.0,2.0,1127.48,0
TXN0003919,CUST00849,9,889.0,0.0,travel,IN,mobile,1,1,215.61,3.0,9.0,472.41,1
TXN0003920,CUST00249,10,945.0,0.0,electronics,CA,desktop,1,0,248.17,1.0,3.0,448.46,0
TXN0003921,CUST00874,14,987.0,0.0,fuel,UK,mobile,1,0,166.73,0.0,4.0,122.59,0
TXN0003922,CUST00440,5,666.0,0.0,grocery,AU,desktop,1,0,224.4,0.0,1.0,310.15,0
TXN0003923,CUST00532,14,322.0,0.0,online_services,UK,desktop,1,1,659.32,0.0,7.0,679.32,0
TXN0003924,CUST00195,4,58.0,0.0,online_services,CA,mobile,1,1,2720.86,1.0,4.0,776.06,0
TXN0003925,CUST00689,18,1130.0,2.0,electronics,US,mobile,0,0,1114.69,2.0,8.0,467.38,0
TXN0003926,CUST00928,21,566.0,0.0,online_services,US,mobile,0,1,790.93,0.0,2.0,289.17,0
TXN0003927,CUST00986,18,561.0,0.0,electronics,US,mobile,0,0,77.09,0.0,1.0,331.51,0
TXN0003928,CUST00518,9,977.0,0.0,fashion,US,desktop,0,0,465.83,1.0,0.0,380.23,0
TXN0003929,CUST00069,11,133.0,0.0,online_services,US,tablet,0,1,290.01,2.0,2.0,222.12,0
TXN0003930,CUST00638,21,593.0,1.0,grocery,UK,tablet,1,0,463.47,3.0,7.0,,1
TXN0003931,CUST00398,3,311.0,0.0,online_services,US,mobile,0,1,399.6,1.0,5.0,310.32,0
TXN0003932,CUST00977,17,533.0,4.0,fuel,UK,tablet,1,0,870.82,5.0,7.0,714.41,1
TXN0003933,CUST00671,15,1428.0,0.0,grocery,UK,desktop,1,0,151.49,0.0,3.0,384.52,0
TXN0003934,CUST00759,7,365.0,0.0,online_services,US,desktop,0,1,428.2,1.0,3.0,310.62,0
TXN0003935,CUST00202,3,618.0,0.0,grocery,US,tablet,0,0,236.02,1.0,2.0,167.4,0
TXN0003936,CUST00147,22,,0.0,online_services,US,mobile,0,1,138.17,0.0,3.0,290.85,0
TXN0003937,CUST00471,11,897.0,0.0,electronics,US,mobile,0,0,467.97,0.0,2.0,251.25,0
TXN0003938,CUST00654,1,736.0,1.0,restaurant,US,mobile,0,0,231.6,2.0,11.0,734.77,1
TXN0003939,CUST00943,3,216.0,0.0,electronics,UK,mobile,1,0,910.94,2.0,10.0,571.13,0
TXN0003940,CUST00198,4,1299.0,1.0,travel,US,desktop,0,1,1663.38,3.0,5.0,758.68,1
TXN0003941,CUST00916,2,541.0,0.0,online_services,CA,mobile,1,1,,1.0,10.0,301.99,1
TXN0003942,CUST00425,8,216.0,0.0,fashion,AU,mobile,1,0,646.18,1.0,3.0,944.57,0
TXN0003943,CUST00665,20,159.0,0.0,grocery,US,mobile,0,0,261.91,0.0,0.0,278.93,0
TXN0003944,CUST00491,17,807.0,0.0,travel,UK,tablet,1,1,47.19,2.0,8.0,155.56,0
TXN0003945,CUST00887,10,1104.0,1.0,fuel,US,mobile,0,0,161.76,0.0,8.0,667.72,0
TXN0003946,CUST00895,2,943.0,0.0,travel,UK,mobile,1,1,1328.88,1.0,7.0,650.94,0
TXN0003947,CUST00141,22,430.0,0.0,restaurant,US,mobile,0,0,102.1,0.0,2.0,297.19,0
TXN0003948,CUST00312,1,454.0,0.0,online_services,UK,mobile,1,1,371.38,1.0,5.0,330.55,0
TXN0003949,CUST00164,8,763.0,1.0,grocery,US,desktop,0,0,874.55,1.0,6.0,545.05,0
TXN0003950,CUST00313,13,213.0,0.0,electronics,AU,mobile,1,0,366.73,0.0,2.0,421.8,0
TXN0003951,CUST00020,3,1106.0,0.0,grocery,US,mobile,0,0,290.08,0.0,2.0,264.54,0
TXN0003952,CUST00081,8,833.0,0.0,fashion,US,desktop,0,0,118.49,2.0,2.0,458.13,0
TXN0003953,CUST00580,12,289.0,0.0,grocery,US,mobile,0,0,134.3,0.0,1.0,205.09,0
TXN0003954,CUST00130,17,523.0,0.0,travel,CA,desktop,1,1,104.74,0.0,4.0,389.57,0
TXN0003955,CUST00598,14,481.0,0.0,travel,UK,desktop,1,1,294.22,1.0,10.0,475.73,0
TXN0003956,CUST00729,9,334.0,0.0,electronics,IN,desktop,1,0,282.56,0.0,2.0,155.81,0
TXN0003957,CUST00932,15,1051.0,0.0,electronics,CA,mobile,1,0,336.52,0.0,0.0,743.37,0
TXN0003958,CUST00983,11,72.0,2.0,electronics,US,mobile,0,0,671.13,1.0,5.0,211.78,0
TXN0003959,CUST00304,19,888.0,0.0,fuel,US,mobile,0,0,267.82,0.0,1.0,437.19,0
TXN0003960,CUST00914,4,1031.0,1.0,online_services,US,mobile,0,1,1137.44,0.0,9.0,339.63,1
TXN0003961,CUST00370,1,523.0,0.0,fashion,IN,mobile,1,0,264.54,2.0,4.0,344.78,0
TXN0003962,CUST00856,9,30.0,0.0,fuel,IN,mobile,1,0,496.24,1.0,5.0,424.45,0
TXN0003963,CUST00852,0,164.0,0.0,fuel,US,mobile,0,0,178.75,1.0,2.0,362.7,0
TXN0003964,CUST00383,6,289.0,0.0,fuel,UK,mobile,1,0,130.42,0.0,1.0,687.16,0
TXN0003965,CUST00907,16,576.0,1.0,grocery,UK,tablet,1,0,1744.18,0.0,9.0,686.6,1
TXN0003966,CUST00444,15,985.0,3.0,restaurant,US,desktop,0,0,560.48,1.0,6.0,954.77,0
TXN0003967,CUST00424,23,195.0,0.0,online_services,CA,mobile,1,1,224.19,4.0,7.0,446.12,0
TXN0003968,CUST00160,2,562.0,1.0,grocery,US,,0,0,485.88,1.0,9.0,359.6,1
TXN0003969,CUST00177,13,98.0,0.0,electronics,AU,tablet,1,0,1199.67,0.0,2.0,349.69,0
TXN0003970,CUST00628,9,1178.0,2.0,fashion,US,mobile,0,0,263.19,0.0,12.0,450.03,1
TXN0003971,CUST00707,21,178.0,0.0,fuel,US,mobile,0,0,537.06,1.0,2.0,711.4,0
TXN0003972,CUST00894,6,487.0,2.0,grocery,US,mobile,0,0,205.35,1.0,5.0,329.99,0
TXN0003973,CUST00489,16,554.0,1.0,online_services,US,desktop,0,1,595.64,3.0,5.0,439.95,1
TXN0003974,CUST00326,5,556.0,0.0,travel,US,mobile,0,1,442.4,1.0,1.0,466.15,0
TXN0003975,CUST00597,22,176.0,0.0,online_services,UK,desktop,1,1,937.75,2.0,5.0,554.08,0
TXN0003976,CUST00288,21,381.0,0.0,fuel,US,desktop,0,0,202.14,0.0,1.0,421.38,0
TXN0003977,CUST00592,3,188.0,0.0,online_services,,desktop,1,1,412.01,5.0,7.0,353.4,1
TXN0003978,CUST00663,16,531.0,0.0,grocery,US,mobile,0,0,287.99,0.0,2.0,351.27,0
TXN0003979,CUST00572,8,263.0,0.0,travel,IN,mobile,1,1,916.89,3.0,6.0,448.42,0
TXN0003980,CUST00572,3,465.0,0.0,grocery,US,mobile,0,0,280.29,0.0,3.0,355.58,0
TXN0003981,CUST00353,6,631.0,0.0,grocery,US,mobile,0,0,368.21,0.0,1.0,274.07,0
TXN0003982,CUST00027,22,436.0,0.0,fuel,US,desktop,0,0,146.65,0.0,5.0,660.94,0
TXN0003983,CUST00953,1,385.0,0.0,grocery,US,desktop,0,0,506.4,0.0,3.0,260.43,0
TXN0003984,CUST00042,16,275.0,0.0,electronics,US,desktop,0,0,69.89,0.0,6.0,346.78,0
TXN0003985,CUST00680,23,446.0,0.0,online_services,IN,mobile,1,1,666.59,1.0,7.0,335.44,0
TXN0003986,CUST00422,7,211.0,0.0,travel,US,mobile,0,1,708.48,0.0,1.0,391.04,0
TXN0003987,CUST00597,22,696.0,0.0,fashion,US,desktop,0,0,1232.29,2.0,3.0,653.86,0
TXN0003988,CUST00176,14,558.0,0.0,restaurant,CA,tablet,1,0,707.28,0.0,2.0,659.75,0
TXN0003989,CUST00528,14,495.0,0.0,online_services,US,mobile,0,1,158.92,0.0,3.0,202.72,0
TXN0003990,CUST00609,7,1261.0,0.0,fuel,CA,desktop,1,0,790.26,1.0,1.0,468.34,0
TXN0003991,CUST00965,15,151.0,2.0,travel,AU,mobile,1,1,1728.44,0.0,4.0,779.07,1
TXN0003992,CUST00493,18,697.0,0.0,electronics,UK,mobile,1,0,137.03,,1.0,553.27,0
TXN0003993,CUST00197,10,430.0,1.0,travel,US,desktop,0,1,905.92,3.0,7.0,397.89,1
TXN0003994,CUST00609,1,599.0,0.0,fashion,US,desktop,0,0,23.79,0.0,1.0,375.45,0
TXN0003995,CUST00576,22,321.0,1.0,fuel,US,mobile,0,0,317.98,2.0,3.0,342.07,0
TXN0003996,CUST00841,23,440.0,0.0,travel,US,desktop,0,1,471.9,0.0,1.0,409.52,0
TXN0003997,CUST00852,16,311.0,0.0,online_services,US,desktop,0,1,905.02,2.0,3.0,342.99,0
TXN0003998,CUST00516,15,153.0,1.0,electronics,AU,mobile,1,0,1193.16,5.0,9.0,485.08,1
TXN0003999,CUST00513,14,1317.0,0.0,fuel,US,desktop,0,0,255.77,0.0,2.0,267.12,0
TXN0004000,CUST00021,12,63.0,1.0,electronics,US,mobile,0,0,408.85,3.0,11.0,464.41,1
TXN0004001,CUST00111,14,173.0,0.0,fuel,US,mobile,0,0,409.72,1.0,2.0,310.37,0
TXN0004002,CUST00056,3,1082.0,0.0,restaurant,US,mobile,0,0,52.82,0.0,4.0,2426.42,0
TXN0004003,CUST00065,15,474.0,0.0,fashion,US,mobile,0,0,369.43,0.0,2.0,428.34,0
TXN0004004,CUST00841,11,190.0,1.0,restaurant,AU,mobile,1,0,437.7,0.0,7.0,280.8,0
TXN0004005,CUST00097,3,394.0,0.0,online_services,US,mobile,0,1,447.76,1.0,4.0,236.79,0
TXN0004006,CUST00143,2,1263.0,0.0,online_services,AU,desktop,1,1,1160.35,1.0,6.0,403.61,0
TXN0004007,CUST00879,21,470.0,0.0,online_services,UK,mobile,1,1,155.65,4.0,8.0,365.92,1
TXN0004008,CUST00434,16,419.0,1.0,grocery,IN,mobile,1,0,1499.53,3.0,9.0,436.53,1
TXN0004009,CUST00636,21,359.0,0.0,online_services,US,desktop,0,1,60.14,2.0,2.0,191.14,0
TXN0004010,CUST00678,17,160.0,2.0,electronics,US,mobile,0,0,805.07,3.0,,657.32,1
TXN0004011,CUST00085,17,590.0,0.0,restaurant,US,mobile,0,0,460.75,0.0,3.0,577.98,0
TXN0004012,CUST00587,22,230.0,0.0,electronics,AU,mobile,1,0,402.37,1.0,2.0,352.09,0
TXN0004013,CUST00343,16,280.0,0.0,fuel,UK,mobile,1,0,156.87,1.0,1.0,353.75,0
TXN0004014,CUST00935,11,859.0,0.0,electronics,UK,mobile,1,0,495.56,0.0,0.0,727.86,0
TXN0004015,CUST00293,22,959.0,0.0,grocery,US,mobile,0,0,510.49,0.0,0.0,387.26,0
TXN0004016,CUST00955,20,69.0,0.0,electronics,US,mobile,0,0,95.71,0.0,0.0,381.28,0
TXN0004017,CUST00570,23,791.0,0.0,fuel,US,mobile,0,0,223.73,1.0,2.0,479.42,0
TXN0004018,CUST00649,3,562.0,0.0,fuel,US,mobile,0,0,286.01,0.0,6.0,961.86,0
TXN0004019,CUST00610,11,966.0,0.0,restaurant,US,mobile,0,0,282.76,0.0,2.0,289.91,0
TXN0004020,CUST00703,22,482.0,0.0,online_services,US,mobile,0,1,468.32,2.0,1.0,371.86,0
TXN0004021,CUST00242,21,408.0,0.0,fashion,UK,desktop,1,0,175.81,0.0,3.0,504.99,0
TXN0004022,CUST00830,20,576.0,0.0,travel,IN,mobile,1,1,905.65,1.0,7.0,312.74,0
TXN0004023,CUST00560,19,148.0,0.0,restaurant,UK,mobile,1,0,178.54,0.0,2.0,333.26,0
TXN0004024,CUST00959,14,808.0,0.0,grocery,UK,tablet,1,0,98.77,1.0,3.0,296.82,0
TXN0004025,CUST00031,22,371.0,1.0,travel,IN,desktop,1,1,623.95,2.0,6.0,557.16,0
TXN0004026,CUST00390,15,282.0,0.0,electronics,US,mobile,0,0,299.86,0.0,2.0,353.13,0
TXN0004027,CUST00276,4,216.0,1.0,restaurant,US,mobile,0,0,281.37,1.0,9.0,296.17,1
TXN0004028,CUST00531,20,688.0,0.0,travel,UK,desktop,1,1,191.37,2.0,8.0,413.97,0
TXN0004029,CUST00153,14,1026.0,1.0,online_services,US,tablet,0,1,240.79,0.0,5.0,602.64,0
TXN0004030,CUST00382,16,714.0,0.0,online_services,US,mobile,0,1,,0.0,1.0,330.09,0
TXN0004031,CUST00067,17,487.0,0.0,restaurant,US,mobile,0,0,212.3,0.0,0.0,234.11,0
TXN0004032,CUST00877,4,512.0,0.0,online_services,US,desktop,0,1,36.28,3.0,5.0,298.04,0
TXN0004033,CUST00883,12,391.0,0.0,electronics,US,mobile,0,0,561.4,0.0,1.0,853.82,0
TXN0004034,CUST00213,18,1013.0,0.0,fuel,US,desktop,0,0,95.92,0.0,2.0,411.76,0
TXN0004035,CUST00654,12,428.0,0.0,restaurant,US,mobile,0,0,2066.36,0.0,5.0,603.66,0
TXN0004036,CUST00375,17,947.0,0.0,grocery,US,tablet,0,0,141.63,0.0,1.0,527.37,0
TXN0004037,CUST00743,13,300.0,1.0,travel,IN,tablet,1,1,428.86,2.0,9.0,375.08,1
TXN0004038,CUST00212,3,1470.0,3.0,travel,IN,mobile,1,1,1158.23,1.0,11.0,886.25,1
TXN0004039,CUST00078,3,449.0,0.0,travel,CA,mobile,1,1,92.46,4.0,10.0,640.77,1
TXN0004040,CUST00725,19,696.0,0.0,restaurant,IN,mobile,1,0,348.05,3.0,1.0,423.44,0
TXN0004041,CUST00627,19,84.0,3.0,electronics,US,mobile,0,0,1524.59,2.0,9.0,544.28,1
TXN0004042,CUST00603,18,871.0,1.0,restaurant,CA,mobile,1,0,1656.62,4.0,4.0,705.48,1
TXN0004043,CUST00781,12,176.0,0.0,restaurant,US,mobile,0,0,306.31,0.0,6.0,453.29,0
TXN0004044,CUST00922,11,1273.0,0.0,online_services,UK,mobile,1,1,263.19,2.0,11.0,317.05,0
TXN0004045,CUST00380,6,499.0,0.0,fuel,US,desktop,0,0,72.68,0.0,6.0,301.82,0
TXN0004046,CUST00679,11,186.0,3.0,travel,CA,mobile,1,1,950.92,2.0,7.0,1008.19,0
TXN0004047,CUST00057,20,433.0,0.0,electronics,US,desktop,0,0,236.64,0.0,3.0,403.7,0
TXN0004048,CUST00795,3,688.0,0.0,fashion,US,tablet,0,0,173.88,0.0,1.0,254.05,0
TXN0004049,CUST00025,1,889.0,0.0,electronics,CA,mobile,1,0,107.09,3.0,6.0,198.21,0
TXN0004050,CUST00880,1,802.0,1.0,online_services,UK,mobile,1,1,1138.99,2.0,7.0,1239.79,1
TXN0004051,CUST00446,4,841.0,0.0,restaurant,US,mobile,0,0,189.03,0.0,5.0,441.37,0
TXN0004052,CUST00065,22,276.0,0.0,grocery,UK,mobile,1,0,54.29,0.0,2.0,358.63,0
TXN0004053,CUST00920,9,188.0,0.0,electronics,US,desktop,0,0,204.7,0.0,4.0,518.69,0
TXN0004054,CUST00759,9,337.0,2.0,travel,UK,mobile,1,1,473.02,2.0,8.0,374.21,1
TXN0004055,CUST00253,8,136.0,0.0,grocery,US,desktop,0,0,493.14,0.0,4.0,624.7,0
TXN0004056,CUST00898,12,100.0,0.0,fashion,CA,desktop,1,0,214.3,0.0,2.0,744.58,0
TXN0004057,CUST00967,6,297.0,0.0,fashion,US,mobile,0,0,198.31,0.0,1.0,424.88,0
TXN0004058,CUST00043,4,1338.0,0.0,grocery,IN,mobile,1,0,313.24,1.0,9.0,163.92,0
TXN0004059,CUST00096,9,1170.0,0.0,online_services,US,mobile,0,1,934.43,2.0,0.0,908.9,0
TXN0004060,CUST00553,9,142.0,0.0,fashion,US,desktop,0,0,338.61,0.0,2.0,630.92,0
TXN0004061,CUST00226,5,344.0,0.0,grocery,US,mobile,0,0,130.1,0.0,3.0,370.37,0
TXN0004062,CUST00773,18,776.0,1.0,restaurant,US,tablet,0,0,211.49,1.0,5.0,428.46,0
TXN0004063,CUST00678,20,463.0,0.0,grocery,US,desktop,0,0,709.23,1.0,0.0,613.73,0
TXN0004064,CUST00435,7,629.0,0.0,restaurant,CA,mobile,1,0,34.41,2.0,4.0,524.67,0
TXN0004065,CUST00790,0,53.0,0.0,online_services,US,mobile,0,1,752.46,1.0,7.0,446.22,0
TXN0004066,CUST00600,16,792.0,0.0,travel,US,mobile,0,1,1602.79,0.0,1.0,540.32,0
TXN0004067,CUST00378,6,731.0,0.0,travel,US,mobile,0,1,59.02,0.0,0.0,822.32,0
TXN0004068,CUST00177,13,56.0,0.0,fashion,US,mobile,0,0,100.12,0.0,3.0,343.63,0
TXN0004069,CUST00426,20,211.0,0.0,fuel,US,mobile,0,0,286.97,1.0,3.0,1716.92,0
TXN0004070,CUST00914,20,201.0,0.0,fuel,AU,mobile,1,0,128.43,1.0,0.0,373.61,0
TXN0004071,CUST00708,16,140.0,0.0,grocery,US,mobile,0,0,223.06,2.0,2.0,1254.77,0
TXN0004072,CUST00306,8,85.0,0.0,online_services,US,mobile,0,1,1069.04,2.0,7.0,723.36,0
TXN0004073,CUST00778,16,158.0,0.0,restaurant,US,mobile,0,0,385.83,0.0,1.0,470.63,0
TXN0004074,CUST00503,4,313.0,0.0,travel,AU,desktop,1,1,1868.47,2.0,6.0,994.46,0
TXN0004075,CUST00267,19,515.0,0.0,online_services,UK,mobile,1,1,69.04,1.0,7.0,385.87,0
TXN0004076,CUST00585,7,368.0,0.0,travel,IN,mobile,1,1,673.86,1.0,4.0,597.78,0
TXN0004077,CUST00007,5,1115.0,0.0,travel,US,mobile,0,1,718.6,0.0,1.0,403.43,0
TXN0004078,CUST00919,10,130.0,0.0,fashion,AU,mobile,1,0,481.34,0.0,0.0,343.1,0
TXN0004079,CUST00507,18,57.0,0.0,travel,CA,mobile,1,1,334.97,1.0,5.0,750.13,0
TXN0004080,CUST00475,3,365.0,1.0,fuel,AU,desktop,1,0,303.18,3.0,9.0,293.4,1
TXN0004081,CUST00296,17,63.0,0.0,electronics,US,desktop,0,0,310.22,0.0,1.0,261.86,0
TXN0004082,CUST00163,0,224.0,0.0,fashion,UK,tablet,1,0,409.56,1.0,15.0,555.15,0
TXN0004083,CUST00484,12,528.0,1.0,grocery,US,mobile,0,0,1280.5,1.0,7.0,607.48,0
TXN0004084,CUST00596,13,607.0,0.0,electronics,US,desktop,0,0,166.55,0.0,3.0,215.7,0
TXN0004085,CUST00071,23,237.0,0.0,fashion,US,desktop,0,0,403.95,0.0,1.0,208.48,0
TXN0004086,CUST00566,0,672.0,2.0,online_services,UK,desktop,1,1,1288.43,2.0,6.0,558.42,1
TXN0004087,CUST00904,10,119.0,0.0,fashion,IN,mobile,1,0,144.96,1.0,3.0,350.72,0
TXN0004088,CUST00558,16,567.0,0.0,restaurant,UK,mobile,1,0,171.99,1.0,3.0,445.76,0
TXN0004089,CUST00910,3,82.0,0.0,electronics,UK,desktop,1,0,219.94,3.0,5.0,401.47,1
TXN0004090,CUST00943,11,2396.0,0.0,electronics,UK,desktop,1,0,104.46,0.0,2.0,420.6,0
TXN0004091,CUST00237,9,939.0,0.0,fuel,UK,desktop,1,0,147.82,0.0,2.0,509.55,0
TXN0004092,CUST00103,5,217.0,0.0,electronics,US,mobile,0,0,371.49,1.0,3.0,318.22,0
TXN0004093,CUST00209,0,467.0,0.0,travel,US,mobile,0,1,1495.33,2.0,4.0,608.17,0
TXN0004094,CUST00553,6,170.0,0.0,fuel,CA,tablet,1,0,360.62,0.0,2.0,616.98,0
TXN0004095,CUST00827,20,690.0,0.0,online_services,US,mobile,0,1,90.41,0.0,0.0,256.67,0
TXN0004096,CUST00467,15,1011.0,1.0,travel,CA,desktop,1,1,587.03,1.0,16.0,980.81,1
TXN0004097,CUST00453,23,1060.0,0.0,fuel,CA,mobile,1,0,566.91,1.0,5.0,444.67,0
TXN0004098,CUST00267,13,1013.0,0.0,grocery,US,desktop,0,0,128.7,0.0,2.0,403.42,0
TXN0004099,CUST00385,22,916.0,0.0,online_services,AU,mobile,1,1,811.89,2.0,6.0,588.29,0
TXN0004100,CUST00774,19,574.0,0.0,fuel,US,mobile,0,0,423.11,0.0,1.0,334.69,0
TXN0004101,CUST00847,19,465.0,0.0,grocery,US,mobile,0,0,200.09,0.0,5.0,500.02,0
TXN0004102,CUST00386,5,378.0,0.0,fuel,US,mobile,0,0,52.96,0.0,1.0,572.44,0
TXN0004103,CUST00876,21,239.0,0.0,grocery,AU,mobile,1,0,547.85,0.0,2.0,692.23,0
TXN0004104,CUST00258,4,352.0,3.0,travel,IN,desktop,1,1,1208.73,0.0,10.0,764.24,1
TXN0004105,CUST00282,23,322.0,0.0,online_services,US,mobile,0,1,357.13,0.0,0.0,431.14,0
TXN0004106,CUST00625,20,131.0,0.0,online_services,US,tablet,0,1,2079.91,1.0,2.0,943.39,0
TXN0004107,CUST00874,17,376.0,0.0,fuel,US,mobile,0,0,115.72,0.0,3.0,148.94,0
TXN0004108,CUST00039,14,406.0,0.0,restaurant,US,mobile,0,0,826.56,0.0,3.0,251.76,0
TXN0004109,CUST00485,5,163.0,1.0,fuel,US,tablet,0,0,573.36,1.0,7.0,1770.18,0
TXN0004110,CUST00928,18,818.0,0.0,grocery,UK,desktop,1,0,300.1,0.0,2.0,293.26,0
TXN0004111,CUST00219,0,553.0,1.0,online_services,CA,desktop,1,1,1002.31,4.0,9.0,581.16,1
TXN0004112,CUST00128,0,145.0,0.0,fashion,UK,mobile,1,0,477.08,5.0,4.0,293.87,0
TXN0004113,CUST00519,12,531.0,0.0,travel,US,tablet,0,1,138.16,1.0,0.0,341.43,0
TXN0004114,CUST00612,2,297.0,0.0,restaurant,US,desktop,0,0,1660.77,1.0,2.0,431.81,0
TXN0004115,CUST00927,9,370.0,0.0,fashion,CA,desktop,1,0,101.04,0.0,1.0,258.38,0
TXN0004116,CUST00891,20,454.0,0.0,fashion,UK,tablet,1,0,183.94,2.0,2.0,333.92,0
TXN0004117,CUST00687,2,1095.0,0.0,travel,US,mobile,0,1,1069.24,2.0,5.0,529.52,0
TXN0004118,CUST00618,8,303.0,0.0,fuel,US,mobile,0,0,628.83,0.0,2.0,282.29,0
TXN0004119,CUST00612,7,593.0,,electronics,CA,mobile,1,0,575.97,0.0,11.0,427.38,1
TXN0004120,CUST00259,2,257.0,4.0,restaurant,US,desktop,0,0,1444.07,1.0,13.0,643.83,1
TXN0004121,CUST00989,12,793.0,0.0,fuel,UK,desktop,1,0,103.35,0.0,0.0,176.5,0
TXN0004122,CUST00965,5,606.0,1.0,travel,US,desktop,0,1,249.77,1.0,5.0,727.48,0
TXN0004123,CUST00365,12,396.0,0.0,electronics,US,mobile,0,0,182.86,0.0,4.0,319.74,0
TXN0004124,CUST00757,22,990.0,0.0,travel,UK,desktop,1,1,765.96,3.0,5.0,397.45,0
TXN0004125,CUST00786,19,1659.0,0.0,travel,US,desktop,0,1,45.38,1.0,2.0,370.97,0
TXN0004126,CUST00543,19,397.0,0.0,fashion,US,mobile,0,0,494.93,1.0,1.0,347.91,0
TXN0004127,CUST00648,11,603.0,1.0,online_services,US,mobile,0,1,652.61,3.0,5.0,352.84,1
TXN0004128,CUST00523,12,465.0,0.0,fuel,UK,tablet,1,0,402.19,0.0,3.0,177.17,0
TXN0004129,CUST00906,1,2511.0,0.0,travel,CA,mobile,1,1,1129.36,2.0,11.0,707.66,0
TXN0004130,CUST00813,20,402.0,0.0,fuel,US,mobile,0,0,239.49,0.0,3.0,164.34,0
TXN0004131,CUST00886,23,283.0,0.0,electronics,CA,mobile,1,0,133.7,0.0,3.0,307.73,0
TXN0004132,CUST00015,22,307.0,0.0,fashion,US,mobile,0,0,143.52,0.0,1.0,259.35,0
TXN0004133,CUST00128,15,999.0,0.0,electronics,US,mobile,0,0,190.4,0.0,0.0,276.28,0
TXN0004134,CUST00574,22,855.0,0.0,electronics,US,desktop,0,0,-66.64,1.0,2.0,553.59,0
TXN0004135,CUST00108,5,811.0,0.0,fashion,UK,mobile,1,0,262.84,1.0,1.0,502.8,0
TXN0004136,CUST00886,18,868.0,0.0,fuel,US,desktop,0,0,139.13,0.0,3.0,254.29,0
TXN0004137,CUST00532,20,868.0,0.0,electronics,US,mobile,0,0,168.95,1.0,1.0,653.45,0
TXN0004138,CUST00669,12,587.0,0.0,grocery,US,tablet,0,0,207.53,0.0,1.0,420.05,0
TXN0004139,CUST00268,16,590.0,1.0,fuel,US,mobile,0,0,1726.53,2.0,7.0,1211.34,0
TXN0004140,CUST00161,22,300.0,0.0,online_services,AU,desktop,1,1,658.9,1.0,10.0,272.71,0
TXN0004141,CUST00259,8,383.0,0.0,online_services,US,mobile,0,1,733.77,0.0,1.0,715.09,0
TXN0004142,CUST00923,16,883.0,0.0,travel,US,mobile,0,1,339.85,1.0,2.0,403.96,0
TXN0004143,CUST00101,1,230.0,0.0,fashion,US,mobile,0,0,179.15,1.0,3.0,470.94,0
TXN0004144,CUST00505,18,491.0,0.0,online_services,US,mobile,0,1,85.95,0.0,4.0,462.64,0
TXN0004145,CUST00734,18,320.0,4.0,fashion,CA,mobile,1,0,4772.75,3.0,9.0,1512.93,1
TXN0004146,CUST00570,23,203.0,0.0,fuel,US,desktop,0,0,1017.15,0.0,1.0,478.19,0
TXN0004147,CUST00246,6,1597.0,3.0,grocery,US,mobile,0,0,1430.06,3.0,10.0,525.83,1
TXN0004148,CUST00639,21,653.0,2.0,grocery,CA,mobile,1,0,1054.94,2.0,3.0,470.55,0
TXN0004149,CUST00794,9,265.0,1.0,grocery,US,mobile,0,0,549.38,2.0,4.0,1047.97,0
TXN0004150,CUST00836,9,1948.0,0.0,grocery,UK,mobile,1,0,271.61,0.0,1.0,203.49,0
TXN0004151,CUST00536,19,170.0,1.0,restaurant,CA,mobile,1,0,1483.45,0.0,9.0,355.45,0
TXN0004152,CUST00130,8,1670.0,0.0,fashion,US,mobile,0,0,53.91,0.0,1.0,438.22,0
TXN0004153,CUST00352,16,561.0,0.0,electronics,US,desktop,0,0,149.94,0.0,2.0,384.28,0
TXN0004154,CUST00195,14,269.0,0.0,fashion,US,mobile,0,0,246.77,0.0,1.0,773.9,0
TXN0004155,CUST00792,1,160.0,0.0,online_services,CA,desktop,1,1,162.15,0.0,10.0,622.22,1
TXN0004156,CUST00915,3,810.0,0.0,fashion,UK,mobile,1,0,74.44,0.0,7.0,259.99,0
TXN0004157,CUST00929,18,1215.0,0.0,fashion,US,mobile,0,0,144.52,3.0,2.0,245.25,0
TXN0004158,CUST00665,16,135.0,1.0,grocery,US,tablet,0,0,803.18,2.0,5.0,291.2,0
TXN0004159,CUST00381,4,74.0,0.0,grocery,UK,mobile,1,0,2113.59,4.0,6.0,825.95,0
TXN0004160,CUST00644,6,600.0,0.0,restaurant,US,mobile,0,0,171.1,1.0,2.0,217.52,0
TXN0004161,CUST00226,17,390.0,0.0,fuel,US,desktop,0,0,1102.02,0.0,2.0,305.52,0
TXN0004162,CUST00700,20,560.0,1.0,fashion,US,desktop,0,0,408.84,1.0,8.0,640.48,0
TXN0004163,CUST00475,21,318.0,0.0,travel,UK,mobile,1,1,221.27,2.0,10.0,380.1,0
TXN0004164,CUST00476,6,420.0,0.0,fuel,US,mobile,0,0,74.83,1.0,3.0,481.73,0
TXN0004165,CUST00264,16,1299.0,0.0,online_services,US,mobile,0,1,172.65,0.0,2.0,182.45,0
TXN0004166,CUST00371,6,564.0,0.0,restaurant,CA,desktop,1,0,53.38,0.0,3.0,199.14,0
TXN0004167,CUST00485,3,999.0,0.0,online_services,US,desktop,0,1,3672.48,4.0,7.0,1640.82,1
TXN0004168,CUST00433,7,188.0,0.0,grocery,US,desktop,0,0,106.05,0.0,1.0,240.7,0
TXN0004169,CUST00645,12,176.0,0.0,online_services,UK,tablet,1,1,326.1,2.0,13.0,162.1,0
TXN0004170,CUST00210,3,1315.0,0.0,fashion,US,mobile,0,0,167.07,0.0,1.0,209.39,0
TXN0004171,CUST00571,5,248.0,1.0,grocery,UK,mobile,1,0,700.46,1.0,9.0,614.47,1
TXN0004172,CUST00939,4,878.0,0.0,fuel,US,tablet,0,0,230.18,1.0,6.0,779.03,0
TXN0004173,CUST00376,11,1303.0,0.0,electronics,US,mobile,0,0,522.99,1.0,2.0,804.89,0
TXN0004174,CUST00394,3,365.0,0.0,grocery,US,mobile,0,0,367.44,0.0,1.0,239.57,0
TXN0004175,CUST00449,23,883.0,0.0,grocery,CA,mobile,1,0,296.91,0.0,1.0,550.81,0
TXN0004176,CUST00942,8,796.0,1.0,restaurant,UK,tablet,1,0,876.8,2.0,6.0,458.37,0
TXN0004177,CUST00363,3,136.0,0.0,electronics,US,desktop,0,0,329.28,0.0,3.0,185.09,0
TXN0004178,CUST00875,18,492.0,0.0,fuel,US,mobile,0,0,88.15,0.0,2.0,424.51,0
TXN0004179,CUST00456,23,445.0,0.0,travel,US,mobile,0,1,200.63,0.0,1.0,212.52,0
TXN0004180,CUST00724,13,434.0,0.0,travel,AU,mobile,1,1,422.86,1.0,6.0,536.48,0
TXN0004181,CUST00727,4,400.0,0.0,travel,IN,mobile,1,1,566.36,4.0,5.0,770.42,1
TXN0004182,CUST00225,17,562.0,1.0,fashion,US,tablet,0,0,1082.48,3.0,9.0,439.24,1
TXN0004183,CUST00981,9,631.0,1.0,travel,US,desktop,0,1,2180.79,0.0,9.0,1071.8,0
TXN0004184,CUST00130,18,544.0,0.0,fashion,US,tablet,0,0,140.45,0.0,1.0,404.46,0
TXN0004185,CUST00587,11,500.0,0.0,fuel,IN,mobile,1,0,552.58,0.0,1.0,456.49,0
TXN0004186,CUST00475,17,290.0,0.0,fuel,US,desktop,0,0,224.81,0.0,4.0,307.79,0
TXN0004187,CUST00797,16,1462.0,0.0,grocery,US,mobile,0,0,259.46,0.0,2.0,586.1,0
TXN0004188,CUST00985,23,4.0,0.0,travel,US,desktop,0,1,1465.17,0.0,4.0,530.68,0
TXN0004189,CUST00276,10,611.0,0.0,restaurant,US,tablet,0,0,393.32,1.0,0.0,272.48,0
TXN0004190,CUST00155,2,290.0,0.0,fuel,US,tablet,0,0,27.8,0.0,2.0,410.73,0
TXN0004191,CUST00759,22,566.0,0.0,electronics,US,mobile,0,0,56.38,0.0,3.0,297.71,0
TXN0004192,CUST00217,16,158.0,0.0,electronics,US,mobile,0,0,374.42,0.0,0.0,512.44,0
TXN0004193,CUST00189,0,1664.0,0.0,fuel,US,desktop,0,0,218.56,1.0,3.0,323.23,0
TXN0004194,CUST00416,14,1648.0,0.0,grocery,US,mobile,0,0,67.86,0.0,3.0,252.11,0
TXN0004195,CUST00980,8,902.0,0.0,online_services,US,mobile,0,1,144.4,0.0,3.0,464.8,0
TXN0004196,CUST00674,14,519.0,0.0,electronics,AU,mobile,1,0,63.0,1.0,0.0,380.27,0
TXN0004197,CUST00691,23,303.0,0.0,electronics,UK,mobile,1,0,224.91,0.0,1.0,284.96,0
TXN0004198,CUST00545,2,371.0,0.0,online_services,UK,mobile,1,1,1815.01,4.0,7.0,538.37,1
TXN0004199,CUST00040,21,1948.0,0.0,grocery,US,mobile,0,0,138.11,1.0,2.0,469.33,0
TXN0004200,CUST00306,18,903.0,0.0,online_services,UK,mobile,1,1,297.85,3.0,5.0,611.65,0
TXN0004201,CUST00942,12,39.0,2.0,grocery,US,mobile,0,0,637.92,1.0,7.0,496.82,0
TXN0004202,CUST00337,11,1652.0,0.0,grocery,US,desktop,0,0,880.89,1.0,3.0,293.8,0
TXN0004203,CUST00313,19,601.0,0.0,restaurant,US,desktop,0,0,674.91,0.0,2.0,418.6,0
TXN0004204,CUST00074,0,467.0,0.0,grocery,US,mobile,0,0,68.64,0.0,1.0,993.19,0
TXN0004205,CUST00952,20,1141.0,0.0,grocery,US,desktop,0,0,209.95,0.0,2.0,521.61,0
TXN0004206,CUST00278,16,489.0,0.0,grocery,US,desktop,0,0,120.47,0.0,1.0,223.27,0
TXN0004207,CUST00175,12,2080.0,1.0,fuel,US,mobile,0,0,483.97,4.0,9.0,638.87,1
TXN0004208,CUST00895,0,487.0,0.0,travel,US,mobile,0,1,458.65,0.0,7.0,739.41,0
TXN0004209,CUST00661,9,203.0,2.0,fuel,UK,mobile,1,0,1087.7,1.0,8.0,664.24,0
TXN0004210,CUST00272,14,837.0,0.0,travel,US,mobile,0,1,453.6,1.0,2.0,746.03,0
TXN0004211,CUST00836,6,141.0,0.0,restaurant,AU,desktop,1,0,39.14,0.0,0.0,167.88,0
TXN0004212,CUST00619,21,185.0,0.0,restaurant,US,mobile,0,0,515.1,0.0,3.0,568.59,0
TXN0004213,CUST00650,17,774.0,0.0,electronics,US,mobile,0,0,344.63,2.0,1.0,241.56,0
TXN0004214,CUST00861,15,1624.0,0.0,online_services,IN,desktop,1,1,884.98,1.0,5.0,457.32,0
TXN0004215,CUST00782,13,1265.0,0.0,online_services,US,desktop,0,1,150.11,0.0,3.0,479.07,0
TXN0004216,CUST00858,17,343.0,0.0,fuel,CA,mobile,1,0,578.76,1.0,3.0,305.76,0
TXN0004217,CUST00930,6,463.0,0.0,travel,US,desktop,0,1,309.09,1.0,0.0,194.84,0
TXN0004218,CUST00288,16,310.0,0.0,restaurant,US,mobile,0,0,272.17,1.0,0.0,407.99,0
TXN0004219,CUST00723,17,309.0,0.0,restaurant,US,mobile,0,0,165.62,1.0,1.0,275.45,0
TXN0004220,CUST00892,11,325.0,1.0,fuel,AU,desktop,1,0,825.3,1.0,6.0,1002.17,0
TXN0004221,CUST00271,7,1087.0,0.0,electronics,US,mobile,0,0,111.78,0.0,2.0,589.31,0
TXN0004222,CUST00929,21,1390.0,0.0,grocery,US,mobile,0,0,178.0,1.0,1.0,325.7,0
TXN0004223,CUST00065,1,826.0,0.0,fashion,UK,desktop,1,0,152.53,3.0,2.0,463.94,0
TXN0004224,CUST00482,6,172.0,0.0,electronics,US,desktop,0,0,194.62,0.0,1.0,287.56,0
TXN0004225,CUST00935,3,522.0,0.0,online_services,AU,desktop,1,1,682.5,5.0,11.0,676.55,1
TXN0004226,CUST00247,17,442.0,0.0,online_services,US,mobile,0,1,215.87,0.0,1.0,229.42,0
TXN0004227,CUST00155,5,790.0,0.0,fashion,UK,desktop,1,0,243.16,0.0,2.0,506.18,0
TXN0004228,CUST00046,8,715.0,0.0,electronics,US,desktop,0,0,241.28,0.0,6.0,613.83,0
TXN0004229,CUST00934,8,812.0,0.0,electronics,US,tablet,0,0,266.79,0.0,3.0,362.44,0
TXN0004230,CUST00453,13,357.0,3.0,grocery,UK,tablet,1,0,757.91,1.0,6.0,495.24,0
TXN0004231,CUST00200,7,173.0,1.0,restaurant,US,mobile,0,0,525.41,1.0,6.0,323.12,0
TXN0004232,CUST00659,18,630.0,1.0,travel,US,mobile,0,1,948.06,4.0,6.0,464.66,1
TXN0004233,CUST00123,2,178.0,0.0,electronics,IN,mobile,1,0,645.43,1.0,6.0,332.58,0
TXN0004234,CUST00000,17,637.0,0.0,grocery,US,mobile,0,0,187.08,1.0,2.0,390.05,0
TXN0004235,CUST00967,4,1306.0,0.0,online_services,CA,desktop,1,1,385.79,0.0,13.0,475.52,0
TXN0004236,CUST00758,13,606.0,0.0,fashion,CA,desktop,1,0,330.71,0.0,1.0,249.19,0
TXN0004237,CUST00854,3,814.0,0.0,fuel,UK,desktop,1,0,266.73,5.0,12.0,319.79,0
TXN0004238,CUST00639,6,96.0,0.0,online_services,AU,mobile,1,1,112.9,1.0,6.0,567.33,0
TXN0004239,CUST00190,19,401.0,1.0,fuel,US,mobile,0,0,566.24,1.0,8.0,246.0,0
TXN0004240,CUST00578,11,511.0,0.0,restaurant,CA,mobile,1,0,152.07,0.0,0.0,391.49,0
TXN0004241,CUST00515,1,829.0,0.0,fuel,US,desktop,0,0,106.76,2.0,2.0,418.0,0
TXN0004242,CUST00441,10,475.0,0.0,electronics,CA,desktop,1,0,347.46,0.0,1.0,406.58,0
TXN0004243,CUST00920,13,464.0,0.0,fashion,US,desktop,0,0,451.15,0.0,2.0,435.74,0
TXN0004244,CUST00814,21,209.0,0.0,electronics,AU,mobile,1,0,127.85,0.0,2.0,408.09,0
TXN0004245,CUST00805,22,657.0,0.0,fuel,AU,tablet,1,0,82.41,2.0,3.0,244.56,0
TXN0004246,CUST00142,15,2266.0,0.0,travel,US,mobile,0,1,280.94,0.0,1.0,351.9,0
TXN0004247,CUST00190,19,1085.0,0.0,online_services,US,mobile,0,1,250.8,2.0,0.0,216.25,0
TXN0004248,CUST00532,5,1010.0,0.0,fuel,CA,mobile,1,0,1543.0,1.0,1.0,537.21,0
TXN0004249,CUST00226,22,1088.0,0.0,travel,US,mobile,0,1,417.39,0.0,1.0,342.78,0
TXN0004250,CUST00312,3,549.0,0.0,fuel,US,tablet,0,0,99.3,2.0,1.0,417.08,0
TXN0004251,CUST00628,14,306.0,0.0,restaurant,US,desktop,0,0,114.28,0.0,2.0,561.85,0
TXN0004252,CUST00948,23,539.0,0.0,fashion,US,mobile,0,0,314.91,2.0,2.0,468.17,0
TXN0004253,CUST00301,0,151.0,0.0,travel,US,mobile,0,1,234.19,2.0,5.0,350.57,0
TXN0004254,CUST00653,6,109.0,0.0,grocery,US,mobile,0,0,224.01,1.0,0.0,527.4,0
TXN0004255,CUST00995,11,325.0,0.0,restaurant,US,mobile,0,0,258.14,1.0,0.0,390.47,0
TXN0004256,CUST00459,9,532.0,4.0,electronics,US,desktop,0,0,1325.48,3.0,5.0,690.59,0
TXN0004257,CUST00400,4,192.0,0.0,fuel,US,mobile,0,0,1078.43,0.0,0.0,336.45,0
TXN0004258,CUST00550,11,330.0,0.0,fashion,US,mobile,0,0,708.78,2.0,4.0,764.83,0
TXN0004259,CUST00392,17,988.0,0.0,fashion,US,mobile,0,0,108.68,1.0,1.0,308.93,0
TXN0004260,CUST00866,9,1391.0,0.0,fuel,US,mobile,0,0,159.55,0.0,1.0,283.99,0
TXN0004261,CUST00763,5,125.0,0.0,grocery,US,mobile,0,0,37.23,0.0,2.0,293.79,0
TXN0004262,CUST00844,11,366.0,0.0,online_services,IN,desktop,1,1,289.67,3.0,8.0,641.9,1
TXN0004263,CUST00206,6,1369.0,0.0,online_services,US,tablet,0,1,160.76,2.0,1.0,471.3,0
TXN0004264,CUST00209,17,1060.0,0.0,travel,US,mobile,0,1,240.92,0.0,4.0,670.67,0
TXN0004265,CUST00114,1,988.0,0.0,fuel,US,mobile,0,0,126.68,3.0,4.0,413.27,0
TXN0004266,CUST00736,9,457.0,0.0,fashion,UK,mobile,1,0,125.61,0.0,1.0,199.48,0
TXN0004267,CUST00645,14,642.0,0.0,grocery,US,mobile,0,0,71.36,3.0,0.0,190.03,0
TXN0004268,CUST00250,11,864.0,0.0,online_services,IN,mobile,1,1,189.55,3.0,7.0,183.66,0
TXN0004269,CUST00218,16,1744.0,0.0,grocery,US,tablet,0,0,385.73,0.0,2.0,373.64,0
TXN0004270,CUST00406,3,287.0,1.0,online_services,US,desktop,0,1,279.93,2.0,9.0,520.49,1
TXN0004271,CUST00442,6,533.0,0.0,electronics,IN,mobile,1,0,412.12,0.0,3.0,322.45,0
TXN0004272,CUST00602,8,453.0,0.0,grocery,US,mobile,0,0,140.75,0.0,3.0,134.26,0
TXN0004273,CUST00353,18,409.0,0.0,restaurant,IN,mobile,1,0,244.83,1.0,0.0,243.28,0
TXN0004274,CUST00887,22,812.0,0.0,fashion,AU,mobile,1,0,723.75,1.0,2.0,674.0,0
TXN0004275,CUST00557,6,804.0,0.0,restaurant,IN,desktop,1,0,165.62,3.0,2.0,604.33,0
TXN0004276,CUST00549,22,537.0,0.0,online_services,CA,mobile,1,1,292.97,1.0,4.0,457.62,0
TXN0004277,CUST00141,1,1258.0,0.0,grocery,US,mobile,0,0,301.2,0.0,3.0,266.15,0
TXN0004278,CUST00611,5,859.0,0.0,grocery,US,desktop,0,0,304.38,1.0,3.0,330.3,0
TXN0004279,CUST00500,17,1040.0,0.0,restaurant,US,desktop,0,0,373.96,0.0,2.0,406.67,0
TXN0004280,CUST00839,5,289.0,2.0,electronics,IN,mobile,1,0,865.1,2.0,12.0,410.42,0
TXN0004281,CUST00701,12,553.0,1.0,grocery,US,mobile,0,0,314.22,3.0,9.0,209.52,1
TXN0004282,CUST00546,18,1014.0,0.0,restaurant,US,mobile,0,0,175.78,0.0,0.0,483.88,0
TXN0004283,CUST00658,1,198.0,0.0,restaurant,CA,mobile,1,0,387.8,4.0,5.0,526.83,0
TXN0004284,CUST00541,11,826.0,1.0,fashion,US,mobile,0,0,1195.24,4.0,5.0,468.59,0
TXN0004285,CUST00845,14,194.0,0.0,electronics,UK,desktop,1,0,135.06,0.0,2.0,787.3,0
TXN0004286,CUST00506,13,884.0,0.0,travel,AU,desktop,1,1,532.76,2.0,10.0,294.26,0
TXN0004287,CUST00595,5,349.0,0.0,restaurant,US,desktop,0,0,167.04,0.0,4.0,1103.65,0
TXN0004288,CUST00880,17,689.0,0.0,fashion,UK,mobile,1,0,319.28,2.0,2.0,1096.89,0
TXN0004289,CUST00280,4,321.0,0.0,travel,UK,desktop,1,1,1084.4,0.0,8.0,560.85,0
TXN0004290,CUST00423,17,222.0,3.0,fashion,UK,desktop,1,0,366.22,1.0,11.0,379.48,0
TXN0004291,CUST00855,2,1187.0,0.0,fashion,US,mobile,0,0,196.49,2.0,5.0,820.72,0
TXN0004292,CUST00269,2,160.0,0.0,fuel,US,mobile,0,0,47.7,1.0,1.0,321.8,0
TXN0004293,CUST00153,21,242.0,0.0,electronics,US,mobile,0,0,178.59,0.0,4.0,586.22,0
TXN0004294,CUST00613,21,1326.0,0.0,grocery,UK,mobile,1,0,656.48,0.0,1.0,324.76,0
TXN0004295,CUST00726,9,316.0,2.0,electronics,US,desktop,0,0,189.07,4.0,9.0,342.44,1
TXN0004296,CUST00661,18,166.0,0.0,travel,US,mobile,0,1,122.11,0.0,0.0,544.02,0
TXN0004297,CUST00943,2,598.0,0.0,fuel,US,desktop,0,0,169.17,1.0,0.0,483.19,0
TXN0004298,CUST00082,11,400.0,0.0,electronics,US,mobile,0,0,44.35,0.0,1.0,350.97,0
TXN0004299,CUST00621,15,280.0,0.0,grocery,US,tablet,0,0,49.05,0.0,3.0,320.88,0
TXN0004300,CUST00946,16,750.0,0.0,electronics,US,desktop,0,0,1271.78,0.0,1.0,555.86,0
TXN0004301,CUST00898,6,96.0,0.0,electronics,CA,tablet,1,0,391.31,0.0,5.0,741.03,0
TXN0004302,CUST00425,12,496.0,0.0,electronics,CA,mobile,1,0,544.39,0.0,2.0,743.74,0
TXN0004303,CUST00274,23,125.0,0.0,restaurant,US,tablet,0,0,323.83,1.0,1.0,484.39,0
TXN0004304,CUST00712,1,1156.0,0.0,restaurant,UK,mobile,1,0,389.03,0.0,6.0,2063.74,0
TXN0004305,CUST00283,3,2036.0,0.0,electronics,US,desktop,0,0,189.67,1.0,2.0,135.29,0
TXN0004306,CUST00979,9,243.0,0.0,grocery,AU,mobile,1,0,563.57,0.0,3.0,730.07,0
TXN0004307,CUST00172,6,602.0,0.0,online_services,US,desktop,0,1,770.62,1.0,5.0,,0
TXN0004308,CUST00326,23,80.0,1.0,grocery,AU,tablet,1,0,425.01,0.0,,367.04,0
TXN0004309,CUST00717,16,115.0,1.0,grocery,US,desktop,0,0,506.96,4.0,8.0,404.12,1
TXN0004310,CUST00062,19,317.0,0.0,grocery,US,desktop,0,0,153.82,0.0,2.0,314.31,0
TXN0004311,CUST00072,5,377.0,0.0,fuel,UK,mobile,1,0,228.51,1.0,4.0,266.53,0
TXN0004312,CUST00762,18,283.0,0.0,fuel,US,mobile,0,0,442.61,2.0,5.0,664.47,0
TXN0004313,CUST00635,4,442.0,0.0,fashion,UK,mobile,1,0,212.08,5.0,7.0,227.12,0
TXN0004314,CUST00374,9,788.0,0.0,electronics,US,mobile,0,0,60.49,0.0,0.0,425.59,0
TXN0004315,CUST00632,8,503.0,0.0,online_services,US,desktop,0,1,531.54,0.0,0.0,551.42,0
TXN0004316,CUST00507,12,702.0,3.0,online_services,UK,desktop,1,1,411.4,3.0,8.0,691.44,1
TXN0004317,CUST00786,18,158.0,0.0,electronics,US,tablet,0,0,338.57,0.0,1.0,269.08,0
TXN0004318,CUST00942,20,444.0,0.0,fashion,US,mobile,0,0,366.06,1.0,1.0,454.19,0
TXN0004319,CUST00397,23,1532.0,0.0,grocery,AU,mobile,1,0,173.79,1.0,4.0,389.99,0
TXN0004320,CUST00119,5,256.0,0.0,travel,AU,mobile,1,1,117.64,1.0,8.0,570.63,0
TXN0004321,CUST00933,3,582.0,0.0,travel,UK,desktop,1,1,611.75,1.0,8.0,628.34,0
TXN0004322,CUST00436,23,608.0,1.0,fashion,CA,mobile,1,0,2709.18,4.0,6.0,845.94,1
TXN0004323,CUST00828,2,221.0,0.0,online_services,IN,desktop,1,1,320.6,0.0,7.0,308.47,0
TXN0004324,CUST00675,2,145.0,0.0,travel,UK,mobile,1,1,237.47,1.0,7.0,332.81,0
TXN0004325,CUST00935,3,468.0,0.0,restaurant,AU,mobile,1,0,285.03,0.0,7.0,715.57,0
TXN0004326,CUST00464,4,465.0,1.0,electronics,US,desktop,0,0,747.57,1.0,9.0,1559.82,0
TXN0004327,CUST00285,7,367.0,0.0,travel,UK,tablet,1,1,176.28,4.0,14.0,187.78,1
TXN0004328,CUST00264,15,2292.0,0.0,fuel,US,desktop,0,0,118.84,0.0,4.0,173.21,0
TXN0004329,CUST00319,21,201.0,0.0,fuel,CA,mobile,1,0,240.65,0.0,1.0,172.73,0
TXN0004330,CUST00672,2,428.0,0.0,online_services,CA,mobile,1,1,548.12,1.0,4.0,352.82,0
TXN0004331,CUST00375,23,1263.0,0.0,online_services,US,mobile,0,1,713.01,0.0,1.0,680.83,0
TXN0004332,CUST00819,11,123.0,0.0,restaurant,UK,tablet,1,0,120.45,0.0,5.0,348.41,0
TXN0004333,CUST00088,7,562.0,0.0,electronics,AU,mobile,1,0,165.81,0.0,2.0,252.18,0
TXN0004334,CUST00653,12,319.0,3.0,restaurant,AU,tablet,1,0,1767.59,0.0,3.0,536.23,0
TXN0004335,CUST00202,3,482.0,0.0,electronics,US,tablet,0,0,161.74,0.0,3.0,190.87,0
TXN0004336,CUST00820,13,764.0,0.0,electronics,CA,desktop,1,0,137.36,1.0,1.0,296.47,0
TXN0004337,CUST00738,13,82.0,0.0,online_services,US,mobile,0,1,1302.97,1.0,9.0,715.56,0
TXN0004338,CUST00954,12,917.0,0.0,travel,UK,mobile,1,1,277.76,3.0,10.0,498.42,1
TXN0004339,CUST00333,5,606.0,0.0,fuel,US,desktop,0,0,191.07,0.0,4.0,199.49,0
TXN0004340,CUST00221,16,240.0,0.0,fashion,US,desktop,0,0,259.94,1.0,1.0,629.08,0
TXN0004341,CUST00040,3,281.0,0.0,travel,US,tablet,0,1,357.65,1.0,4.0,467.99,0
TXN0004342,CUST00707,7,96.0,0.0,online_services,US,mobile,0,1,278.28,0.0,2.0,714.96,0
TXN0004343,CUST00067,16,489.0,0.0,grocery,UK,desktop,1,0,388.23,0.0,2.0,301.6,0
TXN0004344,CUST00987,2,475.0,0.0,restaurant,US,mobile,0,0,210.5,0.0,0.0,714.85,0
TXN0004345,CUST00775,16,361.0,0.0,online_services,CA,mobile,1,1,107.36,5.0,10.0,414.15,1
TXN0004346,CUST00513,8,302.0,0.0,grocery,IN,desktop,1,0,384.97,0.0,5.0,316.11,0
TXN0004347,CUST00872,1,1531.0,0.0,electronics,CA,mobile,1,0,197.0,1.0,7.0,224.95,0
TXN0004348,CUST00636,12,753.0,0.0,online_services,US,mobile,0,1,192.95,0.0,2.0,217.23,0
TXN0004349,CUST00621,19,259.0,0.0,travel,US,mobile,0,1,444.44,0.0,1.0,350.3,0
TXN0004350,CUST00597,1,386.0,0.0,grocery,US,mobile,0,0,923.5,2.0,2.0,595.22,0
TXN0004351,CUST00936,19,352.0,1.0,grocery,US,mobile,0,0,166.3,2.0,7.0,337.16,0
TXN0004352,CUST00631,10,274.0,0.0,fuel,AU,mobile,1,0,190.09,1.0,2.0,622.34,0
TXN0004353,CUST00126,21,592.0,1.0,online_services,US,mobile,0,1,682.59,2.0,2.0,1046.23,0
TXN0004354,CUST00254,14,688.0,0.0,grocery,AU,tablet,1,0,267.04,0.0,0.0,241.65,0
TXN0004355,CUST00694,10,393.0,0.0,fuel,US,desktop,0,0,211.51,1.0,1.0,458.05,0
TXN0004356,CUST00015,22,120.0,0.0,fuel,US,desktop,0,0,227.96,0.0,2.0,237.47,0
TXN0004357,CUST00476,2,913.0,0.0,electronics,US,mobile,0,0,328.18,1.0,4.0,530.97,0
TXN0004358,CUST00061,2,98.0,0.0,fuel,CA,mobile,1,0,209.36,3.0,8.0,375.46,1
TXN0004359,CUST00880,11,361.0,0.0,electronics,US,desktop,0,0,159.79,1.0,0.0,973.45,0
TXN0004360,CUST00431,23,464.0,0.0,fuel,US,mobile,0,0,156.07,0.0,4.0,241.12,0
TXN0004361,CUST00669,4,202.0,0.0,fuel,UK,mobile,1,0,708.08,1.0,3.0,321.89,0
TXN0004362,CUST00267,19,168.0,0.0,online_services,IN,mobile,1,1,1195.89,0.0,11.0,321.85,0
TXN0004363,CUST00034,6,358.0,0.0,online_services,US,mobile,0,1,186.69,0.0,3.0,340.36,0
TXN0004364,CUST00778,6,978.0,0.0,electronics,US,desktop,0,0,189.88,0.0,2.0,432.24,0
TXN0004365,CUST00575,12,689.0,0.0,grocery,US,desktop,0,0,334.81,0.0,2.0,1018.78,0
TXN0004366,CUST00493,8,1401.0,0.0,restaurant,CA,tablet,1,0,272.27,3.0,3.0,505.31,0
TXN0004367,CUST00561,20,575.0,0.0,travel,UK,tablet,1,1,217.48,1.0,8.0,264.43,0
TXN0004368,CUST00468,12,1588.0,0.0,travel,AU,desktop,1,1,90.02,3.0,3.0,236.8,0
TXN0004369,CUST00766,11,1207.0,0.0,electronics,US,mobile,0,0,127.44,1.0,1.0,278.96,0
TXN0004370,CUST00660,12,520.0,0.0,grocery,US,mobile,0,0,425.6,0.0,2.0,670.37,0
TXN0004371,CUST00324,23,1009.0,0.0,online_services,US,desktop,0,1,195.75,1.0,1.0,2117.45,0
TXN0004372,CUST00303,9,1706.0,1.0,online_services,UK,mobile,1,1,4013.19,2.0,7.0,875.37,1
TXN0004373,CUST00275,0,847.0,0.0,restaurant,US,desktop,0,0,1139.95,0.0,2.0,786.18,0
TXN0004374,CUST00868,7,226.0,0.0,fashion,IN,mobile,1,0,117.44,0.0,3.0,223.98,0
TXN0004375,CUST00962,21,295.0,0.0,online_services,US,desktop,0,1,704.41,1.0,4.0,369.13,0
TXN0004376,CUST00683,15,1029.0,0.0,electronics,US,desktop,0,0,219.92,0.0,0.0,350.46,0
TXN0004377,CUST00928,12,165.0,0.0,fashion,US,mobile,0,0,274.8,1.0,0.0,259.09,0
TXN0004378,CUST00200,2,997.0,0.0,travel,US,desktop,0,1,429.35,2.0,11.0,425.24,0
TXN0004379,CUST00444,2,788.0,0.0,travel,UK,desktop,1,1,1417.56,2.0,12.0,1146.37,0
TXN0004380,CUST00904,23,330.0,0.0,online_services,US,desktop,0,1,137.43,0.0,4.0,311.6,0
TXN0004381,CUST00323,4,1278.0,0.0,restaurant,US,desktop,0,0,1410.24,0.0,2.0,892.07,0
TXN0004382,CUST00034,10,64.0,0.0,restaurant,US,mobile,0,0,306.0,0.0,6.0,351.2,0
TXN0004383,CUST00976,6,1157.0,0.0,fashion,UK,tablet,1,0,50.33,0.0,1.0,395.16,0
TXN0004384,CUST00481,20,1197.0,0.0,online_services,CA,mobile,1,1,198.45,0.0,8.0,536.11,0
TXN0004385,CUST00727,23,456.0,0.0,travel,US,desktop,0,1,1329.27,1.0,1.0,880.8,0
TXN0004386,CUST00479,9,271.0,0.0,restaurant,UK,desktop,1,0,152.45,2.0,2.0,267.82,0
TXN0004387,CUST00064,9,108.0,0.0,restaurant,US,mobile,0,0,1527.96,1.0,3.0,760.72,0
TXN0004388,CUST00007,19,222.0,0.0,travel,UK,tablet,1,1,270.18,4.0,7.0,380.27,0
TXN0004389,CUST00300,1,168.0,0.0,online_services,UK,tablet,1,1,770.49,2.0,6.0,950.86,0
TXN0004390,CUST00342,2,588.0,0.0,travel,US,desktop,0,1,105.72,2.0,11.0,270.36,0
TXN0004391,CUST00430,7,920.0,0.0,grocery,UK,desktop,1,0,400.84,0.0,0.0,230.9,0
TXN0004392,CUST00423,10,189.0,3.0,fuel,US,tablet,0,0,656.52,4.0,7.0,483.34,0
TXN0004393,CUST00331,12,834.0,0.0,restaurant,US,mobile,0,0,240.85,0.0,0.0,302.93,0
TXN0004394,CUST00437,6,398.0,0.0,fashion,US,tablet,0,0,206.57,2.0,1.0,163.17,0
TXN0004395,CUST00587,12,348.0,0.0,online_services,US,desktop,0,1,480.0,0.0,0.0,433.36,0
TXN0004396,CUST00173,1,1086.0,1.0,electronics,CA,desktop,1,0,619.39,2.0,6.0,300.57,1
TXN0004397,CUST00558,5,1562.0,0.0,electronics,US,mobile,0,0,32.88,1.0,2.0,376.4,0
TXN0004398,CUST00526,8,801.0,0.0,travel,CA,mobile,1,1,124.26,5.0,5.0,240.12,0
TXN0004399,CUST00872,19,125.0,0.0,fuel,US,desktop,0,0,85.19,0.0,4.0,205.96,0
TXN0004400,CUST00658,1,588.0,0.0,online_services,US,mobile,0,1,801.07,3.0,4.0,623.81,0
TXN0004401,CUST00025,17,267.0,0.0,online_services,US,mobile,0,1,394.68,0.0,1.0,213.44,0
TXN0004402,CUST00819,15,1788.0,0.0,fashion,US,desktop,0,0,254.26,0.0,0.0,417.95,0
TXN0004403,CUST00604,11,856.0,0.0,grocery,IN,mobile,1,0,209.26,3.0,4.0,650.5,0
TXN0004404,CUST00405,6,229.0,0.0,restaurant,US,mobile,0,0,78.88,0.0,2.0,113.18,0
TXN0004405,CUST00231,6,385.0,0.0,grocery,US,mobile,0,0,204.26,0.0,1.0,239.49,0
TXN0004406,CUST00532,16,478.0,0.0,online_services,AU,mobile,1,1,524.38,3.0,12.0,666.76,1
TXN0004407,CUST00818,12,172.0,0.0,fashion,US,mobile,0,0,471.03,1.0,4.0,821.76,0
TXN0004408,CUST00549,10,549.0,0.0,grocery,US,mobile,0,0,344.74,0.0,2.0,411.34,0
TXN0004409,CUST00787,5,1049.0,0.0,travel,US,mobile,0,1,80.39,0.0,1.0,136.91,0
TXN0004410,CUST00504,22,84.0,0.0,electronics,AU,desktop,1,0,136.19,2.0,10.0,248.99,0
TXN0004411,CUST00668,13,331.0,0.0,travel,UK,mobile,1,1,329.54,2.0,7.0,473.15,0
TXN0004412,CUST00178,5,1278.0,0.0,restaurant,UK,mobile,1,0,97.67,0.0,4.0,160.66,0
TXN0004413,CUST00131,5,1699.0,0.0,travel,UK,desktop,1,1,435.91,1.0,6.0,285.09,0
TXN0004414,CUST00822,1,713.0,1.0,fashion,UK,mobile,1,0,297.01,1.0,4.0,448.06,0
TXN0004415,CUST00454,21,208.0,0.0,online_services,CA,mobile,1,1,101.27,6.0,6.0,679.1,0
TXN0004416,CUST00347,19,838.0,0.0,fashion,US,mobile,0,0,84.8,1.0,3.0,830.33,0
TXN0004417,CUST00539,14,937.0,0.0,restaurant,US,mobile,0,0,164.77,2.0,2.0,107.26,0
TXN0004418,CUST00771,16,573.0,1.0,restaurant,US,desktop,0,0,195.43,6.0,7.0,367.41,0
TXN0004419,CUST00405,7,330.0,0.0,electronics,AU,mobile,1,0,165.84,1.0,4.0,124.33,0
TXN0004420,CUST00075,4,798.0,1.0,grocery,UK,mobile,1,0,333.09,2.0,7.0,336.85,0
TXN0004421,CUST00940,16,433.0,0.0,electronics,US,mobile,0,0,141.49,0.0,1.0,329.48,0
TXN0004422,CUST00578,19,846.0,,travel,US,tablet,0,1,417.92,1.0,1.0,304.64,0
TXN0004423,CUST00853,0,208.0,0.0,grocery,US,mobile,0,0,242.63,0.0,1.0,423.55,0
TXN0004424,CUST00491,21,227.0,0.0,restaurant,CA,mobile,1,0,417.64,1.0,4.0,166.14,0
TXN0004425,CUST00193,17,807.0,0.0,fashion,US,tablet,0,0,1444.73,2.0,1.0,939.7,0
TXN0004426,CUST00983,14,208.0,0.0,travel,UK,mobile,1,1,63.41,3.0,10.0,276.99,1
TXN0004427,CUST00161,4,455.0,0.0,electronics,US,desktop,0,0,158.22,0.0,2.0,289.65,0
TXN0004428,CUST00346,6,411.0,1.0,online_services,UK,mobile,1,1,318.14,1.0,11.0,236.54,1
TXN0004429,CUST00950,17,180.0,0.0,fuel,UK,mobile,1,0,140.29,1.0,3.0,233.66,0
TXN0004430,CUST00360,5,269.0,,fuel,CA,mobile,1,0,1041.09,3.0,6.0,604.96,0
TXN0004431,CUST00768,21,58.0,0.0,restaurant,US,mobile,0,0,1008.22,0.0,3.0,636.78,0
TXN0004432,CUST00583,20,551.0,0.0,online_services,UK,mobile,1,1,409.74,1.0,6.0,324.59,0
TXN0004433,CUST00086,4,162.0,0.0,grocery,US,tablet,0,0,360.74,2.0,1.0,416.56,0
TXN0004434,CUST00933,18,252.0,0.0,fuel,IN,mobile,1,0,562.49,2.0,3.0,692.21,0
TXN0004435,CUST00261,9,705.0,0.0,grocery,US,desktop,0,0,807.16,0.0,0.0,662.98,0
TXN0004436,CUST00213,14,1301.0,0.0,fashion,US,mobile,0,0,1030.17,1.0,0.0,452.46,0
TXN0004437,CUST00664,9,376.0,0.0,restaurant,UK,tablet,1,0,361.28,1.0,0.0,912.09,0
TXN0004438,CUST00721,15,220.0,0.0,restaurant,US,tablet,0,0,113.32,1.0,1.0,284.44,0
TXN0004439,CUST00912,11,338.0,,travel,CA,mobile,1,1,186.5,2.0,6.0,317.52,0
TXN0004440,CUST00572,17,154.0,0.0,travel,US,mobile,0,1,47.46,1.0,1.0,430.01,0
TXN0004441,CUST00779,22,790.0,0.0,online_services,US,desktop,0,1,451.72,0.0,1.0,573.99,0
TXN0004442,CUST00261,0,71.0,2.0,grocery,AU,mobile,1,0,505.04,0.0,5.0,559.89,1
TXN0004443,CUST00729,15,654.0,0.0,fuel,IN,desktop,1,0,137.93,0.0,4.0,193.57,0
TXN0004444,CUST00282,21,631.0,3.0,fuel,US,tablet,0,0,1160.01,3.0,5.0,361.28,1
TXN0004445,CUST00647,5,1146.0,0.0,electronics,US,mobile,0,0,51.5,0.0,1.0,468.75,0
TXN0004446,CUST00466,2,442.0,0.0,grocery,US,desktop,0,0,558.63,0.0,0.0,456.6,0
TXN0004447,CUST00379,1,144.0,0.0,fuel,US,mobile,0,0,381.58,2.0,1.0,380.57,0
TXN0004448,CUST00361,1,648.0,0.0,travel,US,mobile,0,1,173.04,2.0,6.0,180.76,0
TXN0004449,CUST00448,12,833.0,0.0,travel,US,mobile,0,1,235.26,0.0,3.0,273.32,0
TXN0004450,CUST00440,8,1065.0,0.0,travel,CA,mobile,1,1,143.06,3.0,5.0,252.0,0
TXN0004451,CUST00092,15,363.0,0.0,grocery,US,mobile,0,0,1965.55,0.0,1.0,937.92,0
TXN0004452,CUST00620,4,805.0,2.0,restaurant,UK,mobile,1,0,370.04,2.0,7.0,200.82,0
TXN0004453,CUST00752,22,623.0,0.0,online_services,UK,desktop,1,1,316.8,3.0,8.0,434.81,1
TXN0004454,CUST00866,20,358.0,0.0,electronics,UK,mobile,1,0,198.26,1.0,2.0,277.86,0
TXN0004455,CUST00423,6,215.0,0.0,electronics,US,mobile,0,0,255.48,0.0,2.0,435.86,0
TXN0004456,CUST00141,12,305.0,0.0,travel,UK,mobile,1,1,368.73,0.0,7.0,310.33,0
TXN0004457,CUST00290,19,374.0,0.0,fashion,CA,mobile,1,0,380.4,1.0,0.0,365.45,0
TXN0004458,CUST00431,23,121.0,0.0,grocery,CA,desktop,1,0,183.91,0.0,2.0,199.24,0
TXN0004459,CUST00748,12,814.0,0.0,fuel,US,mobile,0,0,96.57,0.0,3.0,422.73,0
TXN0004460,CUST00851,6,1057.0,0.0,fuel,US,desktop,0,0,136.23,0.0,2.0,285.11,0
TXN0004461,CUST00823,9,1982.0,0.0,online_services,CA,mobile,1,1,169.27,3.0,4.0,337.91,0
TXN0004462,CUST00688,14,213.0,1.0,restaurant,US,desktop,0,0,443.3,1.0,6.0,398.49,0
TXN0004463,CUST00652,20,609.0,2.0,travel,IN,mobile,1,1,319.69,2.0,5.0,419.25,1
TXN0004464,CUST00700,5,934.0,0.0,fashion,US,desktop,0,0,350.19,1.0,6.0,600.59,0
TXN0004465,CUST00997,4,1346.0,0.0,travel,US,mobile,0,1,82.72,4.0,13.0,478.53,1
TXN0004466,CUST00048,22,247.0,0.0,fashion,US,mobile,0,0,234.83,0.0,2.0,289.73,0
TXN0004467,CUST00301,1,834.0,0.0,electronics,US,desktop,0,0,66.31,0.0,3.0,288.71,0
TXN0004468,CUST00880,20,483.0,0.0,fashion,US,desktop,0,0,585.72,0.0,4.0,947.21,0
TXN0004469,CUST00189,14,100.0,0.0,electronics,CA,mobile,1,0,149.63,1.0,1.0,369.33,0
TXN0004470,CUST00135,15,1027.0,2.0,electronics,UK,tablet,1,0,488.44,0.0,5.0,980.54,0
TXN0004471,CUST00554,18,727.0,0.0,grocery,US,desktop,0,0,119.52,1.0,1.0,104.41,0
TXN0004472,CUST00403,8,242.0,0.0,online_services,UK,mobile,1,1,957.34,2.0,5.0,482.28,0
TXN0004473,CUST00891,21,571.0,0.0,fashion,US,mobile,0,0,707.66,1.0,2.0,378.15,0
TXN0004474,CUST00864,18,340.0,0.0,restaurant,US,mobile,0,0,255.57,1.0,1.0,1360.31,0
TXN0004475,CUST00601,6,183.0,1.0,restaurant,UK,mobile,1,0,504.28,3.0,5.0,470.84,1
TXN0004476,CUST00806,3,355.0,0.0,fashion,US,mobile,0,0,1287.56,0.0,1.0,421.66,0
TXN0004477,CUST00340,2,95.0,0.0,online_services,US,mobile,0,1,364.36,0.0,11.0,773.07,1
TXN0004478,CUST00756,23,1314.0,0.0,grocery,UK,mobile,1,0,199.5,0.0,2.0,401.02,0
TXN0004479,CUST00944,19,1263.0,0.0,restaurant,UK,mobile,1,0,156.2,2.0,0.0,368.77,0
TXN0004480,CUST00703,10,203.0,0.0,travel,US,mobile,0,1,470.71,1.0,0.0,363.98,0
TXN0004481,CUST00317,0,1076.0,0.0,restaurant,US,mobile,0,0,205.11,0.0,0.0,312.71,0
TXN0004482,CUST00617,5,,0.0,grocery,US,mobile,0,0,83.84,0.0,1.0,122.16,0
TXN0004483,CUST00362,10,1048.0,0.0,electronics,US,mobile,0,0,280.76,2.0,1.0,361.23,0
TXN0004484,CUST00821,0,1184.0,0.0,electronics,CA,mobile,1,0,296.19,2.0,9.0,361.49,0
TXN0004485,CUST00381,20,1008.0,0.0,electronics,US,desktop,0,0,253.53,0.0,1.0,845.42,0
TXN0004486,CUST00232,6,334.0,2.0,grocery,US,tablet,0,0,1208.99,1.0,11.0,496.18,0
TXN0004487,CUST00776,5,1020.0,1.0,electronics,US,mobile,0,0,616.04,3.0,4.0,446.43,0
TXN0004488,CUST00343,13,953.0,0.0,online_services,US,mobile,0,1,246.07,1.0,2.0,360.93,0
TXN0004489,CUST00548,1,233.0,1.0,electronics,UK,desktop,1,0,774.99,1.0,8.0,430.91,1
TXN0004490,CUST00816,3,555.0,0.0,grocery,US,mobile,0,0,83.84,0.0,1.0,247.33,0
TXN0004491,CUST00552,10,997.0,0.0,travel,US,mobile,0,1,429.33,0.0,2.0,676.15,0
TXN0004492,CUST00528,14,990.0,0.0,restaurant,IN,mobile,1,0,380.0,0.0,1.0,202.54,0
TXN0004493,CUST00855,17,1051.0,0.0,grocery,US,mobile,0,0,539.9,2.0,1.0,611.41,0
TXN0004494,CUST00788,0,800.0,2.0,grocery,US,mobile,0,0,227.52,0.0,3.0,319.97,0
TXN0004495,CUST00818,2,957.0,0.0,fashion,CA,tablet,1,0,174.49,3.0,9.0,866.34,1
TXN0004496,CUST00570,2,917.0,0.0,electronics,US,mobile,0,0,594.24,0.0,2.0,402.66,0
TXN0004497,CUST00934,6,855.0,0.0,fuel,IN,desktop,1,0,154.33,1.0,2.0,336.99,0
TXN0004498,CUST00182,0,410.0,1.0,travel,CA,mobile,1,1,2702.05,1.0,6.0,906.39,1
TXN0004499,CUST00040,10,358.0,0.0,fuel,AU,mobile,1,0,70.28,0.0,5.0,409.24,0
TXN0004500,CUST00550,5,1082.0,1.0,fashion,US,mobile,0,0,605.47,1.0,11.0,741.06,0
TXN0004501,CUST00396,19,194.0,0.0,travel,US,desktop,0,1,168.7,0.0,1.0,485.34,0
TXN0004502,CUST00703,2,374.0,0.0,electronics,CA,mobile,1,0,450.78,2.0,6.0,359.57,0
TXN0004503,CUST00778,18,407.0,0.0,fuel,AU,mobile,1,0,927.33,0.0,1.0,448.42,0
TXN0004504,CUST00493,1,672.0,0.0,electronics,IN,mobile,1,0,312.04,2.0,8.0,442.2,0
TXN0004505,CUST00658,17,639.0,0.0,electronics,AU,mobile,1,0,30.06,0.0,4.0,520.52,0
TXN0004506,CUST00906,11,1920.0,0.0,restaurant,UK,mobile,1,0,229.34,1.0,3.0,681.49,0
TXN0004507,CUST00332,9,533.0,0.0,travel,US,desktop,0,1,270.02,0.0,2.0,233.33,0
TXN0004508,CUST00126,4,386.0,0.0,travel,US,mobile,0,1,335.12,0.0,6.0,916.37,0
TXN0004509,CUST00557,8,499.0,0.0,fashion,US,mobile,0,0,229.79,0.0,2.0,727.72,0
TXN0004510,CUST00556,1,299.0,0.0,grocery,US,desktop,0,0,695.83,1.0,2.0,577.25,0
TXN0004511,CUST00000,1,230.0,0.0,electronics,US,desktop,0,0,120.23,1.0,2.0,375.88,0
TXN0004512,CUST00167,5,402.0,0.0,electronics,US,mobile,0,0,107.27,1.0,4.0,489.03,0
TXN0004513,CUST00619,9,1304.0,0.0,fuel,US,desktop,0,0,149.92,0.0,3.0,517.5,0
TXN0004514,CUST00018,17,861.0,1.0,fashion,IN,mobile,1,0,6494.42,1.0,2.0,1019.76,1
TXN0004515,CUST00331,11,542.0,0.0,travel,US,desktop,0,1,211.9,0.0,6.0,271.37,0
TXN0004516,CUST00583,3,800.0,0.0,restaurant,US,mobile,0,0,613.42,0.0,5.0,361.99,0
TXN0004517,CUST00455,21,382.0,0.0,travel,UK,mobile,1,1,604.26,0.0,3.0,587.49,0
TXN0004518,CUST00956,20,142.0,0.0,restaurant,CA,desktop,1,0,61.86,1.0,1.0,577.55,0
TXN0004519,CUST00108,16,1443.0,0.0,restaurant,US,mobile,0,0,233.87,0.0,1.0,405.14,0
TXN0004520,CUST00267,14,419.0,0.0,travel,US,mobile,0,1,599.55,0.0,0.0,292.71,0
TXN0004521,CUST00444,5,1560.0,0.0,fuel,US,mobile,0,0,2414.8,0.0,0.0,961.51,0
TXN0004522,CUST00239,15,229.0,0.0,electronics,US,mobile,0,0,579.8,0.0,2.0,588.44,0
TXN0004523,CUST00928,16,294.0,0.0,restaurant,US,desktop,0,0,186.06,0.0,1.0,337.03,0
TXN0004524,CUST00300,2,338.0,0.0,fuel,UK,mobile,1,0,786.97,4.0,6.0,883.95,0
TXN0004525,CUST00601,9,402.0,0.0,fashion,CA,mobile,1,0,173.31,0.0,0.0,684.91,0
TXN0004526,CUST00102,4,466.0,0.0,fashion,UK,desktop,1,0,98.97,6.0,7.0,282.85,0
TXN0004527,CUST00987,13,392.0,2.0,restaurant,US,tablet,0,0,1529.58,4.0,4.0,567.42,1
TXN0004528,CUST00249,20,960.0,0.0,electronics,US,mobile,0,0,76.58,0.0,2.0,401.55,0
TXN0004529,CUST00452,12,390.0,0.0,restaurant,US,desktop,0,0,151.96,1.0,1.0,459.96,0
TXN0004530,CUST00519,5,744.0,0.0,fashion,US,mobile,0,0,803.83,1.0,1.0,335.82,0
TXN0004531,CUST00152,11,445.0,1.0,online_services,UK,desktop,1,1,1317.05,2.0,11.0,599.87,1
TXN0004532,CUST00858,7,447.0,0.0,fashion,AU,desktop,1,0,122.59,0.0,3.0,207.65,0
TXN0004533,CUST00173,4,594.0,0.0,travel,US,desktop,0,1,273.77,1.0,8.0,297.89,0
TXN0004534,CUST00342,14,185.0,0.0,online_services,IN,desktop,1,1,226.77,2.0,3.0,316.77,0
TXN0004535,CUST00669,15,452.0,0.0,electronics,AU,mobile,1,0,505.66,0.0,2.0,318.28,0
TXN0004536,CUST00430,0,104.0,0.0,travel,US,mobile,0,1,331.62,6.0,,279.26,1
TXN0004537,CUST00726,15,640.0,0.0,online_services,US,mobile,0,1,276.94,0.0,3.0,310.02,0
TXN0004538,CUST00688,4,195.0,0.0,fuel,US,desktop,0,0,237.64,0.0,1.0,380.85,0
TXN0004539,CUST00686,2,607.0,0.0,online_services,US,desktop,0,1,101.51,4.0,6.0,318.6,0
TXN0004540,CUST00851,19,434.0,0.0,fuel,US,mobile,0,0,738.13,0.0,1.0,337.4,0
TXN0004541,CUST00849,14,893.0,0.0,fuel,US,mobile,0,0,342.09,1.0,2.0,588.77,0
TXN0004542,CUST00657,12,850.0,0.0,online_services,AU,desktop,1,1,188.15,2.0,8.0,323.6,0
TXN0004543,CUST00961,23,361.0,0.0,online_services,US,mobile,0,1,199.4,1.0,3.0,338.56,0
TXN0004544,CUST00323,15,770.0,0.0,grocery,US,desktop,0,0,225.49,0.0,1.0,891.4,0
TXN0004545,CUST00989,22,108.0,0.0,online_services,CA,desktop,1,1,126.74,0.0,5.0,157.97,0
TXN0004546,CUST00672,10,884.0,1.0,fuel,AU,mobile,1,0,376.12,3.0,10.0,487.45,1
TXN0004547,CUST00638,20,109.0,0.0,restaurant,US,mobile,0,0,537.29,1.0,3.0,260.36,0
TXN0004548,CUST00419,1,662.0,0.0,travel,US,desktop,0,1,69.98,2.0,3.0,289.7,0
TXN0004549,CUST00593,21,551.0,0.0,fuel,UK,mobile,1,0,1082.2,0.0,2.0,446.44,0
TXN0004550,CUST00484,5,17.0,0.0,electronics,CA,mobile,1,0,245.44,5.0,8.0,713.67,1
TXN0004551,CUST00658,5,494.0,0.0,online_services,IN,mobile,1,1,129.91,2.0,13.0,573.45,0
TXN0004552,CUST00750,13,1123.0,0.0,fuel,US,mobile,0,0,185.54,0.0,1.0,321.37,0
TXN0004553,CUST00411,10,552.0,0.0,restaurant,UK,mobile,1,0,342.68,0.0,3.0,155.82,0
TXN0004554,CUST00935,7,439.0,0.0,online_services,US,desktop,0,1,166.52,0.0,4.0,812.22,0
TXN0004555,CUST00083,7,1146.0,1.0,restaurant,AU,tablet,1,0,1190.9,0.0,9.0,319.2,1
TXN0004556,CUST00112,0,541.0,1.0,restaurant,US,mobile,0,0,382.85,1.0,5.0,302.71,0
TXN0004557,CUST00736,20,582.0,0.0,restaurant,US,desktop,0,0,129.28,2.0,0.0,183.09,0
TXN0004558,CUST00331,6,342.0,0.0,restaurant,US,mobile,0,0,297.52,0.0,5.0,294.5,0
TXN0004559,CUST00377,5,426.0,0.0,electronics,US,mobile,0,0,149.0,0.0,2.0,303.51,0
TXN0004560,CUST00754,20,248.0,0.0,grocery,US,mobile,0,0,1173.03,2.0,1.0,503.12,0
TXN0004561,CUST00654,7,369.0,0.0,fashion,US,tablet,0,0,475.09,0.0,2.0,660.75,0
TXN0004562,CUST00040,18,343.0,0.0,grocery,US,tablet,0,0,368.6,2.0,3.0,368.5,0
TXN0004563,CUST00934,21,205.0,0.0,fashion,US,mobile,0,0,267.51,0.0,2.0,485.95,0
TXN0004564,CUST00769,20,519.0,0.0,travel,CA,mobile,1,1,185.41,2.0,10.0,323.07,0
TXN0004565,CUST00958,23,2188.0,0.0,online_services,US,tablet,0,1,199.37,0.0,4.0,238.32,0
TXN0004566,CUST00796,19,592.0,1.0,restaurant,CA,mobile,1,0,301.43,2.0,6.0,243.73,0
TXN0004567,CUST00104,7,797.0,0.0,travel,UK,desktop,1,1,289.92,1.0,9.0,771.64,0
TXN0004568,CUST00201,13,675.0,0.0,travel,US,mobile,0,1,90.31,1.0,2.0,247.54,0
TXN0004569,CUST00449,17,329.0,0.0,online_services,US,desktop,0,1,785.78,0.0,3.0,617.52,0
TXN0004570,CUST00818,15,929.0,1.0,fashion,CA,mobile,1,0,759.71,1.0,10.0,675.9,0
TXN0004571,CUST00842,8,356.0,0.0,electronics,US,mobile,0,0,732.02,0.0,3.0,572.04,0
TXN0004572,CUST00972,14,1223.0,0.0,restaurant,US,desktop,0,0,499.99,0.0,2.0,529.23,0
TXN0004573,CUST00265,9,542.0,2.0,fuel,US,mobile,0,0,643.21,2.0,4.0,309.87,0
TXN0004574,CUST00909,21,538.0,0.0,online_services,US,mobile,0,1,349.59,1.0,2.0,404.99,0
TXN0004575,CUST00209,15,446.0,0.0,online_services,US,mobile,0,1,174.0,0.0,4.0,521.19,0
TXN0004576,CUST00562,3,610.0,0.0,travel,IN,mobile,1,1,660.52,3.0,6.0,433.77,0
TXN0004577,CUST00117,19,1094.0,0.0,grocery,AU,mobile,1,0,131.51,2.0,6.0,281.76,0
TXN0004578,CUST00712,12,424.0,0.0,restaurant,AU,mobile,1,0,927.51,0.0,2.0,2307.88,0
TXN0004579,CUST00376,21,775.0,0.0,electronics,US,mobile,0,0,284.42,0.0,1.0,690.81,0
TXN0004580,CUST00550,4,282.0,0.0,restaurant,IN,tablet,1,0,481.56,3.0,4.0,574.19,0
TXN0004581,CUST00539,21,700.0,0.0,fuel,UK,mobile,1,0,172.38,0.0,2.0,109.51,0
TXN0004582,CUST00770,6,577.0,0.0,fuel,CA,mobile,1,0,864.56,0.0,1.0,310.3,0
TXN0004583,CUST00083,22,280.0,0.0,travel,US,desktop,0,1,137.05,0.0,3.0,242.7,0
TXN0004584,CUST00453,8,752.0,0.0,grocery,US,desktop,0,0,223.19,0.0,1.0,573.54,0
TXN0004585,CUST00666,7,540.0,2.0,travel,AU,mobile,1,1,434.95,3.0,5.0,383.39,0
TXN0004586,CUST00628,15,489.0,0.0,electronics,US,mobile,0,0,304.89,2.0,3.0,394.96,0
TXN0004587,CUST00513,5,142.0,0.0,fashion,IN,mobile,1,0,140.79,1.0,2.0,268.89,0
TXN0004588,CUST00604,15,433.0,0.0,fuel,US,mobile,0,0,392.48,2.0,0.0,515.49,0
TXN0004589,CUST00677,5,1264.0,0.0,grocery,IN,desktop,1,0,302.03,0.0,5.0,184.22,0
TXN0004590,CUST00386,13,874.0,0.0,fuel,US,desktop,0,0,215.45,1.0,2.0,489.82,0
TXN0004591,CUST00911,20,534.0,0.0,electronics,US,desktop,0,0,104.33,0.0,1.0,285.4,0
TXN0004592,CUST00349,0,1863.0,0.0,electronics,US,mobile,0,0,229.37,0.0,1.0,538.33,0
TXN0004593,CUST00295,8,1326.0,0.0,fuel,UK,mobile,1,0,224.92,0.0,1.0,658.77,0
TXN0004594,CUST00257,23,1936.0,0.0,travel,UK,mobile,1,1,501.26,2.0,7.0,330.51,0
TXN0004595,CUST00080,12,268.0,0.0,fuel,US,mobile,0,0,194.12,0.0,2.0,524.4,0
TXN0004596,CUST00936,18,386.0,0.0,travel,US,mobile,0,1,111.78,1.0,1.0,353.82,0
TXN0004597,CUST00267,16,107.0,0.0,fuel,US,desktop,0,0,59.34,0.0,2.0,287.45,0
TXN0004598,CUST00418,10,172.0,0.0,travel,US,desktop,0,1,613.59,0.0,1.0,225.09,0
TXN0004599,CUST00234,7,221.0,0.0,fashion,UK,mobile,1,0,212.13,0.0,0.0,429.21,0
TXN0004600,CUST00832,22,1081.0,4.0,restaurant,US,mobile,0,0,941.01,2.0,5.0,770.9,0
TXN0004601,CUST00310,4,1095.0,2.0,restaurant,US,mobile,0,0,430.27,3.0,11.0,542.77,1
TXN0004602,CUST00812,9,722.0,0.0,travel,IN,desktop,1,1,151.55,1.0,5.0,898.46,0
TXN0004603,CUST00974,6,29.0,1.0,travel,US,desktop,0,1,688.71,9.0,8.0,493.72,1
TXN0004604,CUST00985,9,296.0,0.0,online_services,UK,mobile,1,1,125.41,4.0,4.0,634.06,0
TXN0004605,CUST00356,3,258.0,0.0,online_services,US,tablet,0,1,182.35,1.0,11.0,281.18,0
TXN0004606,CUST00212,8,175.0,0.0,fashion,US,desktop,0,0,433.36,0.0,2.0,898.57,0
TXN0004607,CUST00573,13,1120.0,2.0,restaurant,UK,desktop,1,0,1226.11,2.0,8.0,477.93,0
TXN0004608,CUST00048,1,537.0,2.0,fashion,US,mobile,0,0,505.88,1.0,10.0,278.75,0
TXN0004609,CUST00126,8,202.0,0.0,online_services,US,mobile,0,1,203.68,0.0,2.0,1030.49,0
TXN0004610,CUST00222,20,525.0,0.0,online_services,AU,mobile,1,1,52.45,2.0,9.0,461.93,0
TXN0004611,CUST00920,0,589.0,0.0,electronics,CA,mobile,1,0,64.31,3.0,8.0,444.37,1
TXN0004612,CUST00278,22,673.0,0.0,fuel,AU,desktop,1,0,162.14,0.0,2.0,187.58,0
TXN0004613,CUST00407,9,502.0,0.0,online_services,UK,mobile,1,1,253.41,2.0,11.0,400.48,0
TXN0004614,CUST00504,9,448.0,0.0,restaurant,US,desktop,0,0,88.53,0.0,0.0,286.16,0
TXN0004615,CUST00293,19,166.0,0.0,travel,US,mobile,0,1,429.69,0.0,3.0,440.02,0
TXN0004616,CUST00795,21,438.0,0.0,grocery,UK,mobile,1,0,483.47,0.0,0.0,284.03,0
TXN0004617,CUST00276,2,459.0,0.0,online_services,US,mobile,0,1,124.65,2.0,8.0,294.94,0
TXN0004618,CUST00437,5,335.0,0.0,electronics,US,mobile,0,0,120.34,1.0,3.0,138.43,0
TXN0004619,CUST00106,5,320.0,0.0,fuel,US,mobile,0,0,340.08,1.0,1.0,524.71,0
TXN0004620,CUST00657,20,350.0,0.0,grocery,US,desktop,0,0,930.08,0.0,3.0,,0
TXN0004621,CUST00419,1,537.0,0.0,fashion,US,desktop,0,0,175.21,0.0,4.0,327.23,0
TXN0004622,CUST00610,17,154.0,0.0,fuel,US,mobile,0,0,517.57,1.0,3.0,375.24,0
TXN0004623,CUST00428,22,244.0,0.0,fashion,UK,tablet,1,0,239.56,0.0,1.0,278.26,0
TXN0004624,CUST00374,1,589.0,0.0,fashion,US,mobile,0,0,256.96,2.0,1.0,409.46,0
TXN0004625,CUST00072,11,654.0,1.0,travel,UK,mobile,1,1,534.56,5.0,10.0,335.41,1
TXN0004626,CUST00948,21,1005.0,0.0,fashion,CA,mobile,1,0,517.54,0.0,2.0,497.35,0
TXN0004627,CUST00997,4,2136.0,0.0,online_services,US,mobile,0,1,1194.37,2.0,9.0,403.54,0
TXN0004628,CUST00633,19,716.0,0.0,grocery,US,mobile,0,0,484.9,0.0,2.0,722.81,0
TXN0004629,CUST00029,6,195.0,0.0,electronics,US,desktop,0,0,95.23,0.0,3.0,311.99,0
TXN0004630,CUST00187,23,1012.0,1.0,online_services,US,tablet,0,1,842.26,2.0,12.0,470.9,1
TXN0004631,CUST00363,15,291.0,0.0,travel,UK,desktop,1,1,51.54,2.0,7.0,201.73,0
TXN0004632,CUST00865,19,273.0,0.0,electronics,US,desktop,0,0,1266.79,0.0,3.0,526.58,0
TXN0004633,CUST00799,0,159.0,0.0,fashion,US,desktop,0,0,324.29,0.0,5.0,296.3,0
TXN0004634,CUST00450,0,749.0,0.0,restaurant,US,mobile,0,0,128.77,0.0,2.0,210.39,0
TXN0004635,CUST00194,16,470.0,1.0,fuel,CA,mobile,1,0,1025.54,1.0,3.0,1032.66,0
TXN0004636,CUST00155,0,993.0,0.0,travel,US,desktop,0,1,1105.78,3.0,8.0,451.43,0
TXN0004637,CUST00171,20,256.0,0.0,fashion,CA,tablet,1,0,125.34,0.0,3.0,352.6,0
TXN0004638,CUST00846,19,149.0,1.0,travel,UK,mobile,1,1,532.71,1.0,5.0,467.27,1
TXN0004639,CUST00040,12,1033.0,0.0,restaurant,US,mobile,0,0,95.7,0.0,2.0,409.64,0
TXN0004640,CUST00062,8,1127.0,0.0,grocery,US,mobile,0,0,385.18,0.0,4.0,279.25,0
TXN0004641,CUST00022,14,287.0,0.0,online_services,US,mobile,0,1,218.85,0.0,2.0,144.67,0
TXN0004642,CUST00359,2,344.0,0.0,grocery,US,desktop,0,0,43.53,0.0,1.0,346.63,0
TXN0004643,CUST00074,13,665.0,1.0,fuel,US,mobile,0,0,1283.16,3.0,10.0,866.55,1
TXN0004644,CUST00559,22,219.0,0.0,grocery,US,mobile,0,0,523.03,1.0,4.0,661.91,0
TXN0004645,CUST00671,10,113.0,2.0,online_services,US,mobile,0,1,449.96,1.0,5.0,463.52,0
TXN0004646,CUST00824,23,400.0,0.0,online_services,UK,desktop,1,1,235.96,1.0,12.0,706.99,0
TXN0004647,CUST00117,21,462.0,0.0,restaurant,AU,mobile,1,0,208.2,1.0,1.0,231.95,0
TXN0004648,CUST00611,11,749.0,0.0,electronics,UK,desktop,1,0,424.1,0.0,1.0,320.72,0
TXN0004649,CUST00379,12,639.0,0.0,restaurant,US,mobile,0,0,65.04,0.0,2.0,297.6,0
TXN0004650,CUST00928,12,620.0,0.0,restaurant,IN,mobile,1,0,144.69,0.0,2.0,265.96,0
TXN0004651,CUST00919,0,467.0,0.0,fashion,US,mobile,0,0,191.54,3.0,2.0,398.3,0
TXN0004652,CUST00678,23,152.0,0.0,grocery,US,mobile,0,0,453.3,2.0,0.0,718.62,0
TXN0004653,CUST00289,9,374.0,0.0,travel,US,mobile,0,1,245.13,0.0,3.0,275.29,0
TXN0004654,CUST00439,2,699.0,0.0,online_services,US,mobile,0,1,85.86,5.0,11.0,281.62,1
TXN0004655,CUST00667,23,522.0,1.0,fuel,US,desktop,0,0,515.92,0.0,7.0,309.81,0
TXN0004656,CUST00932,3,2566.0,4.0,electronics,UK,mobile,1,0,2193.82,5.0,11.0,693.63,1
TXN0004657,CUST00006,15,730.0,0.0,online_services,US,desktop,0,1,84.9,0.0,2.0,353.6,0
TXN0004658,CUST00195,7,223.0,1.0,travel,US,mobile,0,1,1541.86,3.0,6.0,751.13,1
TXN0004659,CUST00420,15,668.0,0.0,fashion,US,mobile,0,0,517.32,0.0,5.0,393.22,0
TXN0004660,CUST00567,16,1058.0,0.0,fashion,CA,mobile,1,0,648.8,1.0,3.0,367.7,0
TXN0004661,CUST00832,18,127.0,1.0,electronics,AU,tablet,1,0,2279.27,1.0,6.0,772.36,0
TXN0004662,CUST00192,21,1412.0,0.0,travel,UK,mobile,1,1,727.83,1.0,10.0,754.57,0
TXN0004663,CUST00558,14,1009.0,1.0,electronics,US,mobile,0,0,207.24,4.0,2.0,413.65,0
TXN0004664,CUST00147,15,1346.0,0.0,electronics,UK,mobile,1,0,697.25,0.0,2.0,263.16,0
TXN0004665,CUST00786,14,1238.0,0.0,grocery,US,desktop,0,0,363.61,1.0,5.0,360.13,0
TXN0004666,CUST00668,1,522.0,0.0,travel,IN,desktop,1,1,455.44,4.0,7.0,482.1,0
TXN0004667,CUST00201,10,279.0,0.0,grocery,CA,mobile,1,0,95.16,0.0,7.0,223.01,0
TXN0004668,CUST00443,0,734.0,0.0,online_services,US,desktop,0,1,250.69,3.0,8.0,737.83,1
TXN0004669,CUST00913,14,430.0,0.0,grocery,CA,mobile,1,0,1644.0,1.0,3.0,724.71,0
TXN0004670,CUST00987,18,260.0,0.0,online_services,US,mobile,0,1,371.38,1.0,1.0,775.17,0
TXN0004671,CUST00418,3,252.0,1.0,fuel,US,desktop,0,0,,2.0,3.0,318.79,0
TXN0004672,CUST00426,10,1254.0,1.0,grocery,UK,tablet,1,0,5594.79,1.0,11.0,1813.23,1
TXN0004673,CUST00478,4,380.0,0.0,restaurant,US,desktop,0,0,410.09,0.0,2.0,478.7,0
TXN0004674,CUST00474,2,336.0,0.0,fashion,IN,mobile,1,0,420.76,2.0,7.0,607.01,0
TXN0004675,CUST00125,12,365.0,0.0,fashion,US,mobile,0,0,308.59,0.0,7.0,485.57,0
TXN0004676,CUST00394,9,814.0,0.0,restaurant,CA,tablet,1,0,369.28,2.0,1.0,261.66,0
TXN0004677,CUST00816,10,1488.0,3.0,online_services,UK,mobile,1,1,96.14,3.0,9.0,211.98,1
TXN0004678,CUST00880,17,249.0,0.0,online_services,AU,desktop,1,1,276.6,0.0,6.0,1063.37,0
TXN0004679,CUST00805,1,1279.0,0.0,electronics,US,desktop,0,0,462.56,1.0,1.0,307.83,0
TXN0004680,CUST00575,6,785.0,1.0,travel,US,mobile,0,1,3097.15,1.0,7.0,911.72,1
TXN0004681,CUST00324,8,243.0,1.0,travel,CA,mobile,1,1,5923.42,4.0,7.0,2080.5,1
TXN0004682,CUST00391,9,731.0,0.0,travel,UK,mobile,1,1,592.12,1.0,3.0,343.26,0
TXN0004683,CUST00929,17,422.0,0.0,grocery,US,mobile,0,0,290.02,1.0,2.0,308.68,0
TXN0004684,CUST00687,22,1464.0,0.0,travel,US,tablet,0,1,258.87,0.0,2.0,460.04,0
TXN0004685,CUST00627,6,251.0,0.0,travel,IN,mobile,1,1,139.98,2.0,7.0,783.19,0
TXN0004686,CUST00439,6,781.0,0.0,online_services,UK,mobile,1,1,378.78,3.0,7.0,289.81,0
TXN0004687,CUST00203,2,145.0,0.0,travel,UK,desktop,1,1,,2.0,11.0,1620.93,1
TXN0004688,CUST00485,11,460.0,0.0,fashion,CA,mobile,1,0,182.12,0.0,4.0,1621.01,0
TXN0004689,CUST00832,6,1267.0,0.0,restaurant,US,mobile,0,0,283.91,0.0,4.0,915.34,0
TXN0004690,CUST00030,16,1326.0,0.0,fuel,IN,desktop,1,0,138.86,1.0,1.0,402.69,0
TXN0004691,CUST00387,0,220.0,0.0,online_services,US,desktop,0,1,561.49,1.0,7.0,851.45,0
TXN0004692,CUST00624,4,110.0,0.0,electronics,US,mobile,0,0,664.09,1.0,3.0,360.41,0
TXN0004693,CUST00876,15,419.0,0.0,restaurant,US,desktop,0,0,140.6,4.0,2.0,826.97,0
TXN0004694,CUST00433,14,765.0,0.0,travel,US,mobile,0,1,390.51,1.0,0.0,240.04,0
TXN0004695,CUST00836,1,302.0,0.0,electronics,US,desktop,0,0,29.76,1.0,2.0,247.62,0
TXN0004696,CUST00925,8,299.0,0.0,electronics,UK,mobile,1,0,196.87,0.0,2.0,275.75,0
TXN0004697,CUST00375,6,848.0,1.0,restaurant,AU,mobile,1,0,2074.63,5.0,11.0,597.8,1
TXN0004698,CUST00343,3,163.0,0.0,restaurant,IN,mobile,1,0,168.23,2.0,5.0,312.63,0
TXN0004699,CUST00442,19,486.0,0.0,restaurant,US,mobile,0,0,86.46,0.0,2.0,295.15,0
TXN0004700,CUST00578,17,704.0,0.0,online_services,UK,mobile,1,1,425.08,0.0,4.0,321.77,0
TXN0004701,CUST00074,20,270.0,1.0,online_services,UK,desktop,1,1,661.75,1.0,7.0,860.55,0
TXN0004702,CUST00556,3,268.0,0.0,fuel,US,desktop,0,0,286.37,0.0,1.0,614.29,0
TXN0004703,CUST00771,12,1684.0,0.0,restaurant,US,desktop,0,0,320.69,0.0,5.0,390.96,0
TXN0004704,CUST00665,0,1038.0,0.0,fuel,US,mobile,0,0,506.63,0.0,1.0,370.65,0
TXN0004705,CUST00154,23,287.0,0.0,grocery,US,desktop,0,0,581.42,0.0,1.0,372.43,0
TXN0004706,CUST00429,2,163.0,0.0,fashion,US,desktop,0,0,333.54,1.0,1.0,258.79,0
TXN0004707,CUST00362,15,320.0,0.0,fuel,CA,mobile,1,0,627.86,0.0,3.0,333.36,0
TXN0004708,CUST00447,21,707.0,0.0,fashion,UK,mobile,1,0,241.01,1.0,,1876.81,0
TXN0004709,CUST00986,3,467.0,0.0,travel,UK,mobile,1,1,812.81,1.0,13.0,350.26,0
TXN0004710,CUST00233,22,230.0,0.0,grocery,UK,mobile,1,0,251.27,0.0,2.0,791.66,0
TXN0004711,CUST00562,15,750.0,0.0,electronics,US,tablet,0,0,95.74,0.0,3.0,353.93,0
TXN0004712,CUST00817,18,177.0,0.0,restaurant,US,mobile,0,0,805.63,1.0,0.0,562.13,0
TXN0004713,CUST00261,0,645.0,0.0,travel,US,mobile,0,1,256.74,1.0,6.0,512.69,0
TXN0004714,CUST00826,4,1738.0,0.0,electronics,US,desktop,0,0,879.6,0.0,3.0,498.06,0
TXN0004715,CUST00124,18,563.0,0.0,online_services,IN,mobile,1,1,354.97,2.0,9.0,331.12,0
TXN0004716,CUST00910,21,583.0,0.0,fashion,UK,mobile,1,0,344.27,0.0,5.0,385.43,0
TXN0004717,CUST00244,23,244.0,1.0,electronics,US,mobile,0,0,1481.07,4.0,6.0,988.67,0
TXN0004718,CUST00541,10,419.0,0.0,restaurant,US,mobile,0,0,310.71,1.0,0.0,537.73,0
TXN0004719,CUST00937,12,331.0,0.0,restaurant,UK,mobile,1,0,149.76,1.0,1.0,715.13,0
TXN0004720,CUST00484,19,579.0,0.0,fuel,UK,desktop,1,0,219.84,0.0,1.0,757.16,0
TXN0004721,CUST00121,4,316.0,0.0,fuel,UK,mobile,1,0,626.91,3.0,8.0,450.56,1
TXN0004722,CUST00124,20,339.0,0.0,online_services,US,mobile,0,1,436.43,1.0,0.0,248.43,0
TXN0004723,CUST00548,3,996.0,0.0,fashion,US,mobile,0,0,124.21,0.0,4.0,465.68,0
TXN0004724,CUST00169,3,511.0,0.0,restaurant,US,mobile,0,0,312.93,1.0,3.0,1528.2,0
TXN0004725,CUST00123,3,813.0,2.0,grocery,CA,desktop,1,0,302.89,3.0,4.0,377.3,1
TXN0004726,CUST00868,3,1915.0,0.0,travel,US,mobile,0,1,264.97,1.0,7.0,211.5,0
TXN0004727,CUST00034,19,613.0,0.0,fashion,US,desktop,0,0,553.36,0.0,0.0,325.05,0
TXN0004728,CUST00086,20,1627.0,0.0,fashion,UK,mobile,1,0,151.59,0.0,0.0,432.64,0
TXN0004729,CUST00645,17,526.0,0.0,electronics,US,desktop,0,0,226.8,0.0,0.0,212.94,0
TXN0004730,CUST00707,17,803.0,0.0,fashion,UK,desktop,1,0,115.98,2.0,2.0,504.07,0
TXN0004731,CUST00785,15,1018.0,0.0,online_services,US,mobile,0,1,398.91,1.0,0.0,269.98,0
TXN0004732,CUST00200,8,405.0,0.0,travel,US,tablet,0,1,275.14,1.0,2.0,303.84,0
TXN0004733,CUST00368,17,716.0,1.0,grocery,AU,mobile,1,0,428.3,3.0,9.0,293.48,1
TXN0004734,CUST00796,21,389.0,0.0,electronics,US,desktop,0,0,342.66,2.0,2.0,252.44,0
TXN0004735,CUST00076,1,674.0,0.0,travel,US,mobile,0,1,240.11,3.0,7.0,706.02,0
TXN0004736,CUST00058,20,293.0,0.0,fuel,US,mobile,0,0,365.67,0.0,0.0,414.32,0
TXN0004737,CUST00430,3,,0.0,fashion,AU,mobile,1,0,116.87,2.0,4.0,221.41,0
TXN0004738,CUST00637,11,274.0,0.0,online_services,UK,desktop,1,1,188.8,4.0,10.0,256.52,1
TXN0004739,CUST00499,6,424.0,0.0,restaurant,IN,desktop,1,0,273.04,1.0,2.0,203.8,0
TXN0004740,CUST00912,14,532.0,0.0,fuel,CA,mobile,1,0,424.61,0.0,3.0,336.34,0
TXN0004741,CUST00108,6,1005.0,0.0,restaurant,CA,desktop,1,0,112.1,2.0,2.0,543.86,0
TXN0004742,CUST00735,21,1627.0,0.0,travel,US,desktop,0,1,268.2,0.0,3.0,563.98,0
TXN0004743,CUST00277,20,349.0,1.0,grocery,CA,desktop,1,0,1661.69,2.0,9.0,686.91,0
TXN0004744,CUST00067,16,214.0,0.0,restaurant,US,mobile,0,0,257.09,0.0,2.0,280.5,0
TXN0004745,CUST00068,15,1203.0,0.0,online_services,CA,mobile,1,1,189.84,1.0,6.0,693.84,0
TXN0004746,CUST00164,18,939.0,1.0,travel,CA,mobile,1,1,573.1,2.0,9.0,577.76,1
TXN0004747,CUST00488,8,409.0,0.0,electronics,UK,mobile,1,0,161.24,0.0,0.0,268.02,0
TXN0004748,CUST00304,13,530.0,0.0,fashion,US,mobile,0,0,292.82,1.0,2.0,475.18,0
TXN0004749,CUST00908,16,306.0,0.0,grocery,UK,mobile,1,0,49.98,0.0,4.0,611.75,0
TXN0004750,CUST00673,4,1214.0,1.0,online_services,US,tablet,0,1,519.37,4.0,11.0,309.33,1
TXN0004751,CUST00364,1,621.0,0.0,online_services,US,desktop,0,1,341.79,3.0,7.0,411.46,1
TXN0004752,CUST00853,19,358.0,1.0,grocery,IN,desktop,1,0,1318.98,1.0,5.0,410.91,0
TXN0004753,CUST00820,15,658.0,0.0,electronics,US,tablet,0,0,115.74,0.0,3.0,337.69,0
TXN0004754,CUST00378,13,681.0,0.0,grocery,US,desktop,0,0,148.06,2.0,1.0,677.08,0
TXN0004755,CUST00342,13,1333.0,0.0,travel,UK,mobile,1,1,259.7,2.0,6.0,228.4,0
TXN0004756,CUST00946,0,950.0,0.0,grocery,UK,desktop,1,0,402.2,8.0,5.0,657.22,0
TXN0004757,CUST00898,2,148.0,0.0,grocery,AU,mobile,1,0,181.99,6.0,5.0,617.33,0
TXN0004758,CUST00553,6,1066.0,0.0,grocery,UK,mobile,1,0,221.21,0.0,1.0,583.29,0
TXN0004759,CUST00353,14,304.0,0.0,travel,US,mobile,0,1,320.89,0.0,1.0,240.58,0
TXN0004760,CUST00415,18,1124.0,0.0,fuel,US,mobile,0,0,97.23,1.0,2.0,193.15,0
TXN0004761,CUST00108,19,110.0,0.0,fashion,US,desktop,0,0,897.85,0.0,1.0,444.81,0
TXN0004762,CUST00562,1,1029.0,0.0,restaurant,US,desktop,0,0,261.43,0.0,2.0,463.48,0
TXN0004763,CUST00761,18,654.0,0.0,fuel,CA,mobile,1,0,184.9,0.0,3.0,170.43,0
TXN0004764,CUST00496,8,794.0,0.0,grocery,US,mobile,0,0,609.39,1.0,2.0,293.95,0
TXN0004765,CUST00340,18,1028.0,1.0,electronics,US,mobile,0,0,1025.21,0.0,5.0,698.65,0
TXN0004766,CUST00941,4,468.0,0.0,online_services,CA,desktop,1,1,329.71,4.0,8.0,490.61,1
TXN0004767,CUST00382,17,342.0,0.0,electronics,US,mobile,0,0,329.5,1.0,3.0,322.57,0
TXN0004768,CUST00532,15,528.0,0.0,travel,US,tablet,0,1,252.98,0.0,1.0,691.66,0
TXN0004769,CUST00299,3,291.0,0.0,fashion,US,mobile,0,0,149.54,0.0,2.0,180.53,0
TXN0004770,CUST00138,11,509.0,0.0,grocery,US,tablet,0,0,574.67,0.0,2.0,448.9,0
TXN0004771,CUST00358,6,276.0,0.0,travel,US,mobile,0,1,73.84,0.0,2.0,234.95,0
TXN0004772,CUST00835,13,777.0,0.0,restaurant,CA,mobile,1,0,176.97,0.0,2.0,240.45,0
TXN0004773,CUST00498,22,470.0,2.0,fashion,AU,mobile,1,0,4050.1,4.0,13.0,1145.68,1
TXN0004774,CUST00384,11,990.0,0.0,fashion,US,mobile,0,0,266.26,1.0,4.0,447.76,0
TXN0004775,CUST00603,2,292.0,0.0,travel,US,mobile,0,1,68.83,5.0,6.0,686.44,0
TXN0004776,CUST00958,4,329.0,0.0,fuel,UK,desktop,1,0,603.97,1.0,10.0,322.69,0
TXN0004777,CUST00279,16,985.0,0.0,online_services,US,mobile,0,1,194.94,1.0,4.0,522.73,0
TXN0004778,CUST00636,9,233.0,0.0,electronics,US,mobile,0,0,104.82,0.0,2.0,180.75,0
TXN0004779,CUST00482,9,170.0,0.0,fuel,US,mobile,0,0,568.4,1.0,3.0,224.17,0
TXN0004780,CUST00908,10,329.0,0.0,fashion,UK,mobile,1,0,588.63,1.0,2.0,553.1,0
TXN0004781,CUST00110,16,788.0,1.0,electronics,AU,mobile,1,0,2345.72,0.0,6.0,717.32,0
TXN0004782,CUST00865,4,470.0,0.0,fashion,IN,tablet,1,0,112.72,1.0,10.0,455.76,0
TXN0004783,CUST00138,12,1099.0,0.0,online_services,CA,mobile,1,1,218.78,1.0,7.0,619.79,0
TXN0004784,CUST00995,9,685.0,0.0,fashion,US,mobile,0,0,193.59,1.0,2.0,371.86,0
TXN0004785,CUST00434,8,1162.0,0.0,fashion,UK,mobile,1,0,116.02,0.0,2.0,345.66,0
TXN0004786,CUST00508,16,750.0,0.0,restaurant,US,desktop,0,0,386.71,0.0,1.0,435.62,0
TXN0004787,CUST00272,0,82.0,0.0,electronics,IN,mobile,1,0,1847.63,0.0,6.0,803.07,0
TXN0004788,CUST00098,3,577.0,0.0,restaurant,AU,desktop,1,0,169.9,2.0,7.0,426.5,0
TXN0004789,CUST00763,3,275.0,0.0,electronics,IN,mobile,1,0,277.08,0.0,8.0,397.02,0
TXN0004790,CUST00849,17,583.0,0.0,online_services,AU,mobile,1,1,274.62,1.0,4.0,625.64,0
TXN0004791,CUST00103,8,142.0,0.0,online_services,US,mobile,0,1,582.39,0.0,4.0,262.54,0
TXN0004792,CUST00213,17,1903.0,1.0,restaurant,UK,mobile,1,0,958.98,1.0,5.0,455.93,0
TXN0004793,CUST00760,13,205.0,0.0,restaurant,IN,mobile,1,0,251.19,2.0,2.0,209.63,0
TXN0004794,CUST00663,14,839.0,0.0,restaurant,US,mobile,0,0,508.97,1.0,1.0,341.65,0
TXN0004795,CUST00761,5,506.0,0.0,online_services,CA,mobile,1,1,270.11,1.0,6.0,192.09,0
TXN0004796,CUST00786,23,207.0,0.0,online_services,IN,desktop,1,1,155.21,1.0,8.0,281.51,0
TXN0004797,CUST00164,9,492.0,0.0,travel,US,mobile,0,1,102.01,0.0,3.0,603.34,0
TXN0004798,CUST00998,14,1198.0,0.0,restaurant,US,mobile,0,0,149.15,0.0,4.0,206.81,0
TXN0004799,CUST00852,3,390.0,0.0,fuel,US,mobile,0,0,297.1,0.0,4.0,370.5,0
TXN0004800,CUST00519,17,658.0,0.0,fuel,US,mobile,0,0,86.51,0.0,3.0,454.08,0
TXN0004801,CUST00283,17,1107.0,0.0,fashion,US,mobile,0,0,304.48,0.0,3.0,183.17,0
TXN0004802,CUST00516,16,706.0,0.0,grocery,US,mobile,0,0,73.0,2.0,1.0,417.48,0
TXN0004803,CUST00656,11,729.0,0.0,restaurant,UK,mobile,1,0,110.26,0.0,1.0,232.45,0
TXN0004804,CUST00612,6,154.0,0.0,grocery,US,mobile,0,0,412.29,1.0,1.0,520.25,0
TXN0004805,CUST00163,15,655.0,0.0,grocery,IN,mobile,1,0,171.4,0.0,1.0,533.89,0
TXN0004806,CUST00885,10,548.0,0.0,fashion,US,mobile,0,0,294.16,0.0,1.0,329.14,0
TXN0004807,CUST00658,13,1297.0,0.0,grocery,AU,tablet,1,0,234.11,1.0,2.0,651.83,0
TXN0004808,CUST00063,2,2096.0,0.0,online_services,US,mobile,0,1,850.8,3.0,7.0,418.06,0
TXN0004809,CUST00090,18,624.0,0.0,grocery,UK,desktop,1,0,272.8,0.0,5.0,373.49,0
TXN0004810,CUST00116,17,1818.0,1.0,online_services,UK,desktop,1,1,191.39,3.0,7.0,481.07,1
TXN0004811,CUST00865,9,392.0,0.0,online_services,CA,desktop,1,1,398.07,2.0,12.0,531.01,0
TXN0004812,CUST00266,5,1179.0,0.0,fuel,US,desktop,0,0,105.37,2.0,1.0,313.92,0
TXN0004813,CUST00821,12,2036.0,0.0,online_services,US,mobile,0,1,541.13,0.0,0.0,454.01,0
TXN0004814,CUST00684,9,588.0,0.0,grocery,US,mobile,0,0,461.63,0.0,1.0,537.7,0
TXN0004815,CUST00558,17,753.0,0.0,electronics,US,desktop,0,0,310.13,1.0,5.0,394.92,0
TXN0004816,CUST00139,19,662.0,0.0,restaurant,US,mobile,0,0,447.65,0.0,0.0,455.63,0
TXN0004817,CUST00245,15,271.0,0.0,restaurant,US,mobile,0,0,625.61,0.0,3.0,495.96,0
TXN0004818,CUST00660,5,768.0,4.0,grocery,UK,mobile,1,0,773.4,1.0,5.0,570.64,0
TXN0004819,CUST00757,12,1175.0,0.0,fashion,CA,mobile,1,0,280.5,0.0,0.0,351.35,0
TXN0004820,CUST00394,3,688.0,0.0,electronics,AU,desktop,1,0,297.02,0.0,9.0,313.69,0
TXN0004821,CUST00486,22,1150.0,0.0,fashion,US,mobile,0,0,136.15,1.0,4.0,117.22,0
TXN0004822,CUST00475,13,570.0,0.0,fashion,US,desktop,0,0,154.32,1.0,1.0,423.99,0
TXN0004823,CUST00516,0,608.0,0.0,grocery,CA,mobile,1,0,256.26,5.0,9.0,487.13,1
TXN0004824,CUST00976,19,105.0,0.0,travel,US,mobile,0,1,243.53,2.0,4.0,389.94,0
TXN0004825,CUST00183,4,149.0,0.0,grocery,US,mobile,0,0,299.88,0.0,4.0,664.49,0
TXN0004826,CUST00019,7,1351.0,2.0,fuel,US,mobile,0,0,464.18,1.0,2.0,448.75,0
TXN0004827,CUST00936,11,800.0,3.0,travel,UK,mobile,1,1,232.39,2.0,3.0,263.58,0
TXN0004828,CUST00557,1,208.0,0.0,online_services,AU,mobile,1,1,2821.99,1.0,8.0,691.93,1
TXN0004829,CUST00523,11,239.0,0.0,electronics,IN,mobile,1,0,80.26,0.0,3.0,252.1,0
TXN0004830,CUST00581,4,209.0,0.0,travel,IN,desktop,1,1,1439.81,4.0,11.0,534.98,1
TXN0004831,CUST00528,21,538.0,0.0,grocery,CA,mobile,1,0,191.85,1.0,0.0,204.36,0
TXN0004832,CUST00882,4,850.0,0.0,grocery,AU,mobile,1,0,287.1,4.0,7.0,392.67,0
TXN0004833,CUST00146,12,368.0,1.0,fashion,US,desktop,0,0,1332.82,1.0,9.0,579.62,0
TXN0004834,CUST00665,8,521.0,0.0,grocery,CA,mobile,1,0,169.85,1.0,1.0,335.73,0
TXN0004835,CUST00303,9,536.0,0.0,online_services,US,mobile,0,1,81.93,1.0,1.0,796.36,0
TXN0004836,CUST00619,0,343.0,1.0,fuel,UK,desktop,1,0,1750.21,0.0,6.0,512.49,0
TXN0004837,CUST00747,2,723.0,1.0,grocery,US,desktop,0,0,1368.43,2.0,5.0,452.59,0
TXN0004838,CUST00819,17,534.0,0.0,restaurant,US,desktop,0,0,259.22,1.0,1.0,297.05,0
TXN0004839,CUST00863,11,725.0,0.0,restaurant,US,mobile,0,0,473.4,0.0,0.0,875.71,0
TXN0004840,CUST00581,2,855.0,0.0,fashion,US,tablet,0,0,318.15,0.0,4.0,606.08,0
TXN0004841,CUST00694,8,69.0,0.0,travel,US,mobile,0,1,657.15,2.0,3.0,385.38,0
TXN0004842,CUST00761,1,663.0,0.0,travel,US,tablet,0,1,208.42,1.0,3.0,150.68,0
TXN0004843,CUST00227,2,560.0,0.0,restaurant,CA,tablet,1,0,43.82,5.0,6.0,978.5,0
TXN0004844,CUST00101,13,747.0,4.0,fuel,AU,mobile,1,0,1105.72,1.0,5.0,375.74,0
TXN0004845,CUST00586,3,1205.0,0.0,electronics,CA,mobile,1,0,108.56,3.0,3.0,184.81,0
TXN0004846,CUST00416,18,542.0,0.0,online_services,CA,desktop,1,1,347.85,3.0,3.0,279.77,0
TXN0004847,CUST00957,12,90.0,0.0,online_services,CA,mobile,1,1,193.83,1.0,4.0,509.7,0
TXN0004848,CUST00215,6,300.0,0.0,online_services,IN,mobile,1,1,61.42,2.0,6.0,211.67,0
TXN0004849,CUST00406,11,1908.0,1.0,fuel,US,tablet,0,0,824.87,6.0,3.0,540.08,0
TXN0004850,CUST00398,2,368.0,0.0,restaurant,US,mobile,0,0,170.79,0.0,3.0,398.43,0
TXN0004851,CUST00922,22,355.0,0.0,online_services,AU,tablet,1,1,737.03,3.0,8.0,298.51,0
TXN0004852,CUST00714,22,272.0,0.0,fuel,US,desktop,0,0,49.31,0.0,0.0,237.53,0
TXN0004853,CUST00703,8,316.0,0.0,electronics,US,desktop,0,0,125.98,0.0,2.0,372.76,0
TXN0004854,CUST00760,1,480.0,1.0,travel,UK,mobile,1,1,201.32,3.0,7.0,244.32,1
TXN0004855,CUST00498,21,37.0,0.0,restaurant,US,mobile,0,0,460.28,1.0,4.0,1143.0,0
TXN0004856,CUST00753,8,464.0,0.0,grocery,US,tablet,0,0,290.03,1.0,2.0,292.79,0
TXN0004857,CUST00464,11,286.0,0.0,online_services,US,mobile,0,1,444.8,0.0,3.0,1985.41,0
TXN0004858,CUST00690,11,337.0,1.0,electronics,CA,desktop,1,0,351.15,2.0,4.0,197.16,0
TXN0004859,CUST00948,14,643.0,0.0,electronics,IN,desktop,1,0,113.21,0.0,2.0,403.24,0
TXN0004860,CUST00973,1,328.0,0.0,electronics,US,mobile,0,0,256.35,0.0,4.0,506.66,0
TXN0004861,CUST00730,17,705.0,0.0,travel,US,desktop,0,1,980.36,0.0,2.0,875.88,0
TXN0004862,CUST00081,12,319.0,0.0,fuel,US,mobile,0,0,378.01,1.0,2.0,486.45,0
TXN0004863,CUST00603,13,828.0,0.0,fashion,UK,mobile,1,0,121.28,0.0,1.0,780.09,0
TXN0004864,CUST00946,4,68.0,0.0,online_services,US,mobile,0,1,939.25,1.0,3.0,709.66,0
TXN0004865,CUST00686,9,439.0,2.0,grocery,US,desktop,0,0,1118.15,0.0,8.0,256.39,1
TXN0004866,CUST00750,11,308.0,0.0,online_services,US,desktop,0,1,82.47,0.0,4.0,378.12,0
TXN0004867,CUST00771,9,409.0,0.0,restaurant,US,mobile,0,0,199.52,0.0,2.0,316.61,0
TXN0004868,CUST00902,23,545.0,0.0,fuel,US,mobile,0,0,211.77,2.0,2.0,499.89,0
TXN0004869,CUST00364,10,445.0,0.0,electronics,UK,mobile,1,0,1029.2,0.0,1.0,547.0,0
TXN0004870,CUST00162,1,210.0,0.0,online_services,US,mobile,0,1,264.27,1.0,7.0,1062.47,0
TXN0004871,CUST00047,4,199.0,0.0,travel,UK,mobile,1,1,2719.91,1.0,9.0,1277.07,1
TXN0004872,CUST00510,6,186.0,0.0,electronics,US,desktop,0,0,134.49,0.0,1.0,172.27,0
TXN0004873,CUST00328,5,537.0,0.0,fuel,US,tablet,0,0,379.27,2.0,1.0,431.33,0
TXN0004874,CUST00839,21,762.0,0.0,restaurant,US,mobile,0,0,80.68,1.0,3.0,426.77,0
TXN0004875,CUST00115,22,233.0,0.0,grocery,UK,desktop,1,0,400.41,0.0,0.0,301.53,0
TXN0004876,CUST00940,2,1264.0,0.0,electronics,US,desktop,0,0,179.55,0.0,1.0,318.78,0
TXN0004877,CUST00848,12,251.0,0.0,online_services,AU,tablet,1,1,188.7,3.0,5.0,754.64,0
TXN0004878,CUST00336,2,756.0,2.0,online_services,US,mobile,0,1,1181.46,4.0,5.0,861.95,1
TXN0004879,CUST00880,23,198.0,0.0,travel,US,desktop,0,1,469.08,0.0,2.0,1269.4,0
TXN0004880,CUST00736,20,662.0,0.0,travel,US,tablet,0,1,312.3,0.0,0.0,168.87,0
TXN0004881,CUST00863,5,1142.0,0.0,fashion,US,tablet,0,0,1039.16,0.0,5.0,714.36,0
TXN0004882,CUST00839,10,291.0,0.0,travel,US,mobile,0,1,258.49,0.0,3.0,532.19,0
TXN0004883,CUST00146,16,462.0,0.0,fashion,US,mobile,0,0,317.89,1.0,1.0,442.42,0
TXN0004884,CUST00574,9,688.0,0.0,grocery,US,desktop,0,0,302.39,0.0,2.0,441.7,0
TXN0004885,CUST00805,11,710.0,0.0,restaurant,UK,mobile,1,0,428.82,0.0,2.0,300.36,0
TXN0004886,CUST00322,16,1108.0,0.0,fashion,CA,mobile,1,0,249.46,1.0,0.0,595.43,0
TXN0004887,CUST00442,3,129.0,0.0,electronics,US,mobile,0,0,107.96,0.0,2.0,240.15,0
TXN0004888,CUST00836,1,464.0,0.0,fuel,US,mobile,0,0,331.28,0.0,3.0,220.65,0
TXN0004889,CUST00012,10,212.0,0.0,online_services,CA,mobile,1,1,71.63,2.0,6.0,139.18,0
TXN0004890,CUST00942,6,297.0,0.0,electronics,US,mobile,0,0,485.68,0.0,0.0,359.93,0
TXN0004891,CUST00493,1,258.0,0.0,online_services,CA,mobile,1,1,2307.33,3.0,9.0,547.35,1
TXN0004892,CUST00700,17,483.0,0.0,restaurant,IN,mobile,1,0,165.93,0.0,2.0,530.58,0
TXN0004893,CUST00286,20,284.0,0.0,travel,AU,mobile,1,1,161.5,2.0,10.0,609.09,0
TXN0004894,CUST00719,3,375.0,0.0,fuel,US,,0,0,51.33,0.0,3.0,151.31,0
TXN0004895,CUST00113,7,419.0,0.0,,US,mobile,0,0,234.37,0.0,1.0,157.66,0
TXN0004896,CUST00479,19,623.0,0.0,fuel,,desktop,1,0,332.43,1.0,4.0,205.2,0
TXN0004897,CUST00021,13,685.0,0.0,fashion,US,mobile,0,0,319.25,0.0,3.0,395.16,0
TXN0004898,CUST00348,11,549.0,1.0,restaurant,CA,desktop,1,0,765.39,1.0,7.0,347.74,1
TXN0004899,CUST00725,21,449.0,0.0,electronics,US,,0,0,198.06,0.0,2.0,402.63,0
TXN0004900,CUST00682,20,1016.0,0.0,travel,CA,,1,1,507.11,0.0,4.0,665.51,0
TXN0004901,CUST00834,17,246.0,0.0,fuel,US,mobile,0,0,112.96,0.0,2.0,436.41,0
TXN0004902,CUST00565,10,870.0,0.0,travel,US,desktop,0,1,115.26,0.0,5.0,559.72,0
TXN0004903,CUST00905,7,109.0,0.0,fuel,UK,desktop,1,0,83.14,1.0,2.0,329.37,0
TXN0004904,CUST00809,1,382.0,0.0,electronics,US,mobile,0,0,144.7,0.0,0.0,168.6,0
TXN0004905,CUST00319,14,692.0,0.0,restaurant,US,tablet,0,0,97.93,2.0,2.0,228.03,0
TXN0004906,CUST00125,8,362.0,0.0,grocery,US,mobile,0,0,39.21,2.0,4.0,566.47,0
TXN0004907,CUST00276,18,896.0,0.0,electronics,US,desktop,0,0,137.34,0.0,1.0,262.64,0
TXN0004908,CUST00975,19,587.0,0.0,travel,,mobile,1,1,468.4,1.0,8.0,425.02,0
TXN0004909,CUST00203,7,696.0,0.0,grocery,US,mobile,0,0,308.52,1.0,2.0,1639.0,0
TXN0004910,CUST00193,18,869.0,0.0,restaurant,US,mobile,0,0,404.71,0.0,3.0,751.94,0
TXN0004911,CUST00680,4,686.0,0.0,travel,US,mobile,0,1,373.31,4.0,8.0,323.47,1
TXN0004912,CUST00663,10,1488.0,1.0,restaurant,US,tablet,0,0,510.22,1.0,5.0,437.0,0
TXN0004913,CUST00546,14,359.0,0.0,fuel,UK,desktop,1,0,203.81,1.0,1.0,366.42,0
TXN0004914,CUST00695,7,337.0,0.0,electronics,US,desktop,0,0,137.79,1.0,3.0,204.9,0
TXN0004915,CUST00285,18,909.0,0.0,restaurant,CA,tablet,1,0,298.33,0.0,3.0,206.84,0
TXN0004916,CUST00056,22,193.0,1.0,travel,US,mobile,0,1,7000.0,2.0,3.0,2479.82,1
TXN0004917,CUST00733,7,399.0,0.0,electronics,US,mobile,0,0,86.23,0.0,2.0,273.12,0
TXN0004918,CUST00302,18,110.0,1.0,online_services,UK,tablet,1,1,1937.13,1.0,6.0,707.71,1
TXN0004919,CUST00162,17,1529.0,0.0,travel,US,mobile,0,1,159.75,1.0,3.0,994.32,0
TXN0004920,CUST00018,9,521.0,0.0,travel,US,desktop,0,1,782.73,1.0,3.0,990.96,0
TXN0004921,CUST00369,6,137.0,0.0,online_services,US,mobile,0,1,328.45,0.0,4.0,257.91,0
TXN0004922,CUST00263,8,1352.0,0.0,online_services,US,desktop,0,1,154.65,1.0,1.0,425.96,0
TXN0004923,CUST00793,0,1909.0,0.0,grocery,US,mobile,0,0,202.62,0.0,5.0,395.54,0
TXN0004924,CUST00112,18,495.0,0.0,fashion,UK,desktop,1,0,434.12,0.0,3.0,,0
TXN0004925,CUST00487,4,309.0,0.0,restaurant,US,tablet,0,0,945.6,0.0,2.0,604.61,0
TXN0004926,CUST00326,18,575.0,0.0,restaurant,US,desktop,0,0,466.5,1.0,2.0,497.22,0
TXN0004927,CUST00541,0,659.0,,grocery,IN,mobile,1,0,603.64,1.0,9.0,466.24,1
TXN0004928,CUST00646,14,146.0,0.0,fuel,AU,mobile,1,0,361.45,0.0,0.0,200.37,0
TXN0004929,CUST00578,15,278.0,0.0,restaurant,US,mobile,0,0,878.07,0.0,0.0,333.11,0
TXN0004930,CUST00064,22,423.0,0.0,online_services,US,desktop,0,1,354.95,0.0,4.0,708.21,0
TXN0004931,CUST00291,6,359.0,0.0,grocery,US,mobile,0,0,220.65,0.0,1.0,1274.92,0
TXN0004932,CUST00024,11,1395.0,0.0,restaurant,US,tablet,0,0,78.97,0.0,1.0,207.03,0
TXN0004933,CUST00548,7,465.0,0.0,restaurant,US,desktop,0,0,654.34,0.0,3.0,457.86,0
TXN0004934,CUST00000,4,88.0,0.0,travel,US,tablet,0,1,662.1,2.0,6.0,331.04,0
TXN0004935,CUST00910,9,637.0,1.0,grocery,US,mobile,0,0,408.59,1.0,4.0,439.54,0
TXN0004936,CUST00548,20,499.0,0.0,online_services,US,tablet,0,1,439.69,0.0,1.0,457.07,0
TXN0004937,CUST00140,4,426.0,0.0,fuel,US,desktop,0,0,453.78,0.0,2.0,1114.8,0
TXN0004938,CUST00743,16,103.0,0.0,restaurant,US,desktop,0,0,116.93,0.0,3.0,296.72,0
TXN0004939,CUST00647,4,412.0,0.0,fuel,US,mobile,0,0,133.82,0.0,3.0,503.43,0
TXN0004940,CUST00900,21,585.0,0.0,fashion,US,mobile,0,0,383.9,0.0,1.0,806.75,0
TXN0004941,CUST00187,14,1460.0,0.0,grocery,UK,mobile,1,0,643.66,1.0,2.0,596.62,0
TXN0004942,CUST00127,12,332.0,0.0,grocery,IN,mobile,1,0,187.97,0.0,4.0,306.98,0
TXN0004943,CUST00200,0,878.0,0.0,grocery,IN,mobile,1,0,207.34,1.0,8.0,364.7,0
TXN0004944,CUST00126,10,392.0,0.0,online_services,US,tablet,0,1,140.83,0.0,0.0,736.46,0
TXN0004945,CUST00256,22,572.0,0.0,online_services,CA,mobile,1,1,655.45,3.0,4.0,605.89,0
TXN0004946,CUST00675,0,726.0,2.0,travel,US,mobile,0,1,1428.57,0.0,10.0,413.71,1
TXN0004947,CUST00546,10,2017.0,0.0,grocery,US,mobile,0,0,100.29,1.0,1.0,367.41,0
TXN0004948,CUST00193,17,1107.0,2.0,travel,UK,tablet,1,1,3257.29,2.0,6.0,991.43,1
TXN0004949,CUST00702,17,230.0,0.0,online_services,US,mobile,0,1,3867.81,0.0,3.0,1444.98,0
TXN0004950,CUST00103,20,620.0,1.0,fashion,US,mobile,0,0,139.06,4.0,10.0,235.98,1
TXN0004951,CUST00534,15,565.0,0.0,electronics,US,mobile,0,0,323.47,1.0,0.0,226.06,0
TXN0004952,CUST00264,12,687.0,0.0,travel,US,desktop,0,1,71.01,0.0,1.0,197.14,0
TXN0004953,CUST00801,6,133.0,0.0,restaurant,UK,mobile,1,0,193.02,0.0,0.0,1358.27,0
TXN0004954,CUST00941,0,485.0,0.0,grocery,IN,mobile,1,0,75.67,1.0,9.0,422.74,0
TXN0004955,CUST00973,15,,0.0,electronics,US,mobile,0,0,793.33,1.0,1.0,386.5,0
TXN0004956,CUST00383,0,238.0,0.0,travel,AU,mobile,1,1,451.44,3.0,10.0,675.39,1
TXN0004957,CUST00259,16,872.0,0.0,fuel,US,mobile,0,0,549.32,0.0,2.0,617.87,0
TXN0004958,CUST00413,5,1313.0,0.0,online_services,IN,desktop,1,1,280.85,1.0,6.0,304.65,0
TXN0004959,CUST00990,1,907.0,1.0,fuel,CA,desktop,1,0,1452.92,1.0,7.0,1068.53,0
TXN0004960,CUST00357,16,1453.0,0.0,restaurant,US,mobile,0,0,92.93,0.0,3.0,225.35,0
TXN0004961,CUST00074,5,401.0,0.0,electronics,US,mobile,0,0,42.32,0.0,4.0,972.75,0
TXN0004962,CUST00354,13,2568.0,0.0,fashion,US,mobile,0,0,154.03,2.0,3.0,156.35,0
TXN0004963,CUST00583,17,40.0,0.0,travel,IN,mobile,1,1,530.18,2.0,9.0,415.72,0
TXN0004964,CUST00770,5,1584.0,0.0,fuel,US,mobile,0,0,68.42,0.0,0.0,327.4,0
TXN0004965,CUST00909,9,540.0,0.0,fuel,UK,desktop,1,0,344.95,1.0,4.0,386.01,0
TXN0004966,CUST00187,23,548.0,0.0,travel,US,mobile,0,1,332.1,1.0,0.0,488.65,0
TXN0004967,CUST00972,17,57.0,0.0,fuel,IN,desktop,1,0,710.98,2.0,4.0,510.22,0
TXN0004968,CUST00684,8,444.0,1.0,fashion,US,mobile,0,0,1770.89,2.0,7.0,503.18,0
TXN0004969,CUST00991,7,276.0,0.0,fuel,US,mobile,0,0,164.14,2.0,3.0,289.93,0
TXN0004970,CUST00289,9,141.0,0.0,travel,US,mobile,0,1,96.95,0.0,2.0,279.44,0
TXN0004971,CUST00044,16,688.0,0.0,grocery,US,mobile,0,0,62.09,0.0,7.0,49.78,0
TXN0004972,CUST00572,22,1023.0,0.0,fuel,US,desktop,0,0,208.95,0.0,1.0,443.64,0
TXN0004973,CUST00082,5,404.0,0.0,travel,US,desktop,0,1,206.06,2.0,2.0,412.74,0
TXN0004974,CUST00122,13,286.0,2.0,grocery,US,mobile,0,0,1289.05,2.0,8.0,736.47,0
TXN0004975,CUST00357,21,550.0,0.0,fuel,US,desktop,0,0,66.37,0.0,0.0,305.63,0
TXN0004976,CUST00527,21,306.0,0.0,fuel,US,mobile,0,0,273.78,0.0,4.0,297.61,0
TXN0004977,CUST00065,5,795.0,0.0,travel,US,desktop,0,1,373.19,1.0,2.0,355.28,0
TXN0004978,CUST00935,6,299.0,1.0,restaurant,US,tablet,0,0,497.89,0.0,10.0,828.93,0
TXN0004979,CUST00656,11,928.0,0.0,restaurant,UK,desktop,1,0,384.15,1.0,2.0,207.63,0
TXN0004980,CUST00374,2,80.0,0.0,electronics,US,mobile,0,0,610.2,5.0,3.0,527.21,0
TXN0004981,CUST00161,13,483.0,0.0,restaurant,,desktop,0,0,631.43,0.0,2.0,288.64,0
TXN0004982,CUST00745,21,167.0,0.0,fashion,UK,tablet,1,0,770.5,0.0,5.0,576.41,0
TXN0004983,CUST00379,18,414.0,0.0,electronics,US,mobile,0,0,250.13,0.0,3.0,372.31,0
TXN0004984,CUST00655,22,383.0,0.0,restaurant,US,mobile,0,0,486.72,1.0,0.0,873.93,0
TXN0004985,CUST00357,15,1638.0,0.0,grocery,US,mobile,0,0,82.98,1.0,2.0,219.88,0
TXN0004986,CUST00187,6,328.0,0.0,online_services,US,mobile,0,1,167.34,1.0,3.0,416.56,0
TXN0004987,CUST00321,7,419.0,0.0,travel,CA,mobile,1,1,328.2,7.0,10.0,236.87,0
TXN0004988,CUST00449,17,968.0,3.0,restaurant,US,mobile,0,0,410.81,1.0,8.0,702.49,1
TXN0004989,CUST00473,12,126.0,0.0,grocery,US,mobile,0,0,195.98,0.0,3.0,409.52,0
TXN0004990,CUST00012,20,109.0,0.0,online_services,UK,,1,1,112.24,3.0,7.0,145.8,1
TXN0004991,CUST00183,8,204.0,0.0,electronics,US,desktop,0,0,978.36,0.0,2.0,567.69,0
TXN0004992,CUST00110,9,46.0,0.0,travel,US,mobile,0,1,382.05,4.0,7.0,675.81,0
TXN0004993,CUST00926,20,221.0,1.0,,AU,tablet,1,0,1074.36,1.0,6.0,562.98,0
TXN0004994,CUST00507,22,657.0,0.0,electronics,US,mobile,0,0,163.36,1.0,2.0,741.08,0
TXN0004995,CUST00289,8,226.0,0.0,restaurant,US,desktop,0,0,402.24,1.0,3.0,277.32,0
TXN0004996,CUST00294,14,1086.0,0.0,electronics,US,mobile,0,0,147.99,1.0,4.0,123.45,0
TXN0004997,CUST00450,19,364.0,0.0,restaurant,US,mobile,0,0,184.36,0.0,2.0,239.31,0
TXN0004998,CUST00903,-1,,0.0,online_services,US,mobile,0,1,337.9,3.0,6.0,516.31,0
TXN0004999,CUST00214,12,,0.0,,CA,desktop,1,0,397.56,0.0,3.0,344.68,0
TXN0000860,CUST00341,7,977.0,1.0,travel,US,mobile,0,1,305.78,2.0,4.0,335.45,0
TXN0003772,CUST00914,17,465.0,0.0,online_services,US,mobile,0,1,432.61,0.0,1.0,367.52,0
TXN0003092,CUST00553,21,662.0,1.0,electronics,CA,tablet,1,0,534.28,2.0,10.0,619.27,1
TXN0000466,CUST00219,20,329.0,0.0,online_services,UK,desktop,1,1,215.24,1.0,8.0,450.55,0
TXN0004426,CUST00983,14,208.0,0.0,travel,UK,mobile,1,1,63.41,3.0,10.0,276.99,1
TXN0003444,CUST00226,6,607.0,0.0,online_services,US,desktop,0,1,512.09,2.0,4.0,441.3,0
TXN0003171,CUST00669,20,634.0,0.0,restaurant,AU,mobile,1,0,1287.6,3.0,2.0,361.2,0
TXN0002919,CUST00327,22,95.0,0.0,restaurant,US,mobile,0,0,317.81,0.0,0.0,267.99,0
TXN0000130,CUST00014,8,1143.0,0.0,grocery,US,desktop,0,0,277.44,0.0,1.0,685.9,0
TXN0001685,CUST00221,3,190.0,0.0,travel,UK,desktop,1,1,1112.78,2.0,7.0,582.33,0
TXN0000769,CUST00524,9,224.0,0.0,restaurant,US,mobile,0,0,165.2,1.0,3.0,401.38,0
TXN0002391,CUST00658,7,608.0,0.0,grocery,US,mobile,0,0,519.98,0.0,1.0,554.7,0
TXN0002433,CUST00377,23,940.0,0.0,fashion,CA,tablet,1,0,120.32,0.0,3.0,250.19,0
TXN0001184,CUST00944,12,970.0,0.0,electronics,US,mobile,0,0,1276.05,1.0,0.0,396.96,0
TXN0004555,CUST00083,7,1146.0,1.0,restaurant,AU,tablet,1,0,1190.9,0.0,9.0,319.2,1
TXN0003385,CUST00482,11,,0.0,grocery,US,desktop,0,0,88.09,4.0,3.0,305.58,0
TXN0004117,CUST00687,2,1095.0,0.0,travel,US,mobile,0,1,1069.24,2.0,5.0,529.52,0
TXN0004843,CUST00227,2,560.0,0.0,restaurant,CA,tablet,1,0,43.82,5.0,6.0,978.5,0
TXN0002904,CUST00939,18,1224.0,0.0,fashion,US,tablet,0,0,106.29,0.0,0.0,785.81,0
TXN0000474,CUST00744,19,1376.0,0.0,grocery,US,desktop,0,0,159.1,0.0,6.0,255.79,0
TXN0001082,CUST00623,13,329.0,0.0,travel,CA,mobile,1,1,1344.18,1.0,6.0,461.36,0
TXN0002558,CUST00021,19,171.0,0.0,fuel,US,mobile,0,0,159.55,0.0,1.0,455.5,0
TXN0002047,CUST00250,12,96.0,0.0,online_services,US,mobile,0,1,328.7,0.0,0.0,216.8,0
TXN0002747,CUST00619,15,75.0,0.0,electronics,AU,tablet,1,0,303.28,3.0,11.0,669.35,1
TXN0000975,CUST00144,22,345.0,1.0,restaurant,AU,desktop,1,0,231.32,2.0,9.0,266.35,1
TXN0001806,CUST00551,5,725.0,0.0,grocery,US,mobile,0,0,428.81,2.0,3.0,290.2,0
TXN0000189,CUST00857,3,414.0,0.0,online_services,US,tablet,0,1,270.34,1.0,7.0,255.3,0
TXN0002734,CUST00686,23,471.0,0.0,fuel,AU,desktop,1,0,161.13,2.0,0.0,290.89,0
TXN0003005,CUST00035,6,657.0,0.0,travel,US,mobile,0,1,,0.0,4.0,406.0,0
TXN0004658,CUST00195,7,223.0,1.0,travel,US,mobile,0,1,1541.86,3.0,6.0,751.13,1
TXN0001899,CUST00750,11,726.0,0.0,grocery,US,mobile,0,0,317.25,0.0,2.0,368.27,0
TXN0001267,CUST00145,2,137.0,0.0,fuel,US,desktop,0,0,270.23,2.0,1.0,345.57,0
TXN0001528,CUST00068,20,1778.0,0.0,fuel,US,mobile,0,0,735.26,0.0,2.0,698.57,0
TXN0003202,CUST00977,1,937.0,0.0,online_services,US,mobile,0,1,491.58,3.0,5.0,587.23,0
TXN0003556,CUST00216,15,354.0,0.0,restaurant,US,mobile,0,0,181.77,0.0,2.0,445.49,0
TXN0003890,CUST00925,11,670.0,0.0,fuel,US,mobile,0,0,248.67,1.0,3.0,356.56,0
TXN0000646,CUST00284,3,556.0,0.0,online_services,US,mobile,0,1,553.13,0.0,5.0,291.37,0
TXN0002888,CUST00724,23,1284.0,0.0,fashion,UK,tablet,1,0,122.75,0.0,2.0,448.69,0
TXN0002435,CUST00915,15,770.0,0.0,travel,UK,mobile,1,1,89.26,1.0,4.0,251.82,0
TXN0000600,CUST00830,11,1117.0,0.0,fuel,US,mobile,0,0,136.2,1.0,5.0,389.69,0
TXN0002363,CUST00270,12,244.0,0.0,grocery,AU,desktop,1,0,230.66,0.0,3.0,471.71,0
TXN0002061,CUST00317,2,732.0,0.0,online_services,US,mobile,0,1,226.13,2.0,7.0,236.91,0
TXN0000241,CUST00957,22,1791.0,0.0,travel,US,desktop,0,1,148.02,0.0,3.0,510.94,0
TXN0002041,CUST00449,2,417.0,0.0,fuel,US,mobile,0,0,314.94,0.0,7.0,677.44,0
TXN0002824,CUST00113,0,465.0,0.0,grocery,US,desktop,0,0,242.0,2.0,0.0,173.03,0
TXN0002612,CUST00331,14,639.0,0.0,electronics,CA,desktop,1,0,320.15,0.0,3.0,273.17,0
TXN0001363,CUST00893,10,430.0,0.0,fashion,UK,desktop,1,0,113.04,2.0,2.0,122.43,0
TXN0001478,CUST00477,18,114.0,0.0,fuel,CA,tablet,1,0,499.16,1.0,0.0,466.28,0
TXN0002556,CUST00389,3,1369.0,0.0,electronics,US,mobile,0,0,241.59,0.0,1.0,339.04,0
TXN0000775,CUST00272,20,705.0,0.0,fuel,US,mobile,0,0,1359.89,2.0,0.0,836.77,0
TXN0004014,CUST00935,11,859.0,0.0,electronics,UK,mobile,1,0,495.56,0.0,0.0,727.86,0
TXN0000034,CUST00021,14,737.0,3.0,fuel,US,mobile,0,0,1531.82,1.0,5.0,362.8,0
TXN0003152,CUST00802,1,741.0,0.0,restaurant,US,mobile,0,0,837.25,0.0,4.0,474.77,0
TXN0001955,CUST00990,17,203.0,1.0,electronics,US,mobile,0,0,1544.37,1.0,4.0,1073.86,0
TXN0001585,CUST00000,22,1228.0,0.0,travel,AU,mobile,1,1,286.01,0.0,3.0,295.93,0
TXN0003943,CUST00665,20,159.0,0.0,grocery,US,mobile,0,0,261.91,0.0,0.0,278.93,0
TXN0003073,CUST00987,20,568.0,1.0,fashion,US,desktop,0,0,1463.19,5.0,6.0,724.36,0
TXN0001021,CUST00609,14,955.0,2.0,grocery,US,mobile,0,0,1072.72,1.0,11.0,428.93,0
TXN0003461,CUST00128,13,470.0,0.0,grocery,AU,tablet,1,0,244.95,0.0,0.0,285.03,0
TXN0002613,CUST00816,1,303.0,1.0,electronics,US,mobile,0,0,489.21,1.0,8.0,216.48,0
TXN0003843,CUST00629,4,621.0,0.0,electronics,IN,desktop,1,0,357.56,2.0,4.0,240.81,0
TXN0001500,CUST00805,5,1359.0,0.0,fuel,US,mobile,0,0,78.32,0.0,0.0,227.11,0
TXN0004798,CUST00998,14,1198.0,0.0,restaurant,US,mobile,0,0,149.15,0.0,4.0,206.81,0
TXN0000161,CUST00502,11,529.0,0.0,fuel,US,mobile,0,0,517.82,0.0,1.0,316.5,0
TXN0004297,CUST00943,2,598.0,0.0,fuel,US,desktop,0,0,169.17,1.0,0.0,483.19,0
TXN0001981,CUST00793,23,324.0,1.0,fashion,US,mobile,0,0,410.48,2.0,6.0,412.1,0
TXN0000995,CUST00009,14,274.0,0.0,online_services,US,mobile,0,1,249.37,0.0,3.0,264.9,0
TXN0004911,CUST00680,4,686.0,0.0,travel,US,mobile,0,1,373.31,4.0,8.0,323.47,1
TXN0003342,CUST00689,10,162.0,0.0,restaurant,US,desktop,0,0,224.32,1.0,3.0,365.34,0
TXN0004551,CUST00658,5,494.0,0.0,online_services,IN,mobile,1,1,129.91,2.0,13.0,573.45,0
TXN0003798,CUST00112,7,358.0,0.0,online_services,CA,mobile,1,1,192.05,2.0,4.0,266.3,0
TXN0001275,CUST00935,18,744.0,0.0,travel,US,desktop,0,1,837.95,0.0,3.0,690.36,0
TXN0001016,CUST00826,0,171.0,0.0,electronics,UK,desktop,1,0,205.0,2.0,14.0,659.09,0
TXN0000337,CUST00146,15,98.0,0.0,travel,US,desktop,0,1,420.47,0.0,6.0,460.56,0
TXN0000878,CUST00713,10,1026.0,0.0,electronics,US,desktop,0,0,158.26,0.0,2.0,684.33,0
TXN0001076,CUST00388,8,195.0,0.0,fuel,US,mobile,0,0,397.67,0.0,0.0,219.81,0
TXN0004887,CUST00442,3,129.0,0.0,electronics,US,mobile,0,0,107.96,0.0,2.0,240.15,0
TXN0003993,CUST00197,10,430.0,1.0,travel,US,desktop,0,1,905.92,3.0,7.0,397.89,1
TXN0004859,CUST00948,14,643.0,0.0,electronics,IN,desktop,1,0,113.21,0.0,2.0,403.24,0
TXN0000379,CUST00815,21,579.0,0.0,grocery,US,desktop,0,0,218.33,1.0,2.0,600.21,0
TXN0000492,CUST00255,7,84.0,0.0,online_services,US,mobile,0,1,308.8,1.0,8.0,213.89,0
TXN0002062,CUST00244,20,885.0,0.0,fuel,US,desktop,0,0,312.92,0.0,6.0,999.89,0
TXN0003884,CUST00542,11,203.0,0.0,grocery,US,desktop,0,0,663.26,0.0,1.0,747.67,0
TXN0000064,CUST00273,4,663.0,0.0,restaurant,CA,desktop,1,0,247.45,6.0,6.0,388.02,0
TXN0002568,CUST00977,6,820.0,0.0,travel,US,mobile,0,1,484.54,0.0,1.0,598.25,0
TXN0002027,CUST00887,15,682.0,0.0,fuel,US,mobile,0,0,200.93,1.0,3.0,622.95,0
TXN0002695,CUST00162,6,593.0,2.0,travel,CA,mobile,1,1,1443.81,2.0,6.0,993.89,0
TXN0001495,CUST00516,12,742.0,0.0,online_services,US,mobile,0,1,209.36,0.0,3.0,458.48,0
TXN0000391,CUST00967,7,283.0,0.0,travel,IN,desktop,1,1,341.21,2.0,9.0,555.51,0
TXN0004514,CUST00018,17,861.0,1.0,fashion,IN,mobile,1,0,6494.42,1.0,2.0,1019.76,1
TXN0004474,CUST00864,18,340.0,0.0,restaurant,US,mobile,0,0,255.57,1.0,1.0,1360.31,0
TXN0003561,CUST00369,13,1126.0,0.0,travel,US,mobile,0,1,101.96,0.0,0.0,382.55,0
TXN0002278,CUST00223,4,492.0,0.0,grocery,US,desktop,0,0,180.77,3.0,3.0,348.13,0
TXN0003099,CUST00998,6,396.0,0.0,fashion,US,desktop,0,0,74.58,0.0,3.0,239.08,0
TXN0000200,CUST00899,23,1236.0,0.0,travel,US,mobile,0,1,522.27,0.0,2.0,694.07,0
TXN0004875,CUST00115,22,233.0,0.0,grocery,UK,desktop,1,0,400.41,0.0,0.0,301.53,0
TXN0003104,CUST00579,9,330.0,0.0,electronics,UK,mobile,1,0,239.32,0.0,1.0,256.52,0
TXN0004598,CUST00418,10,172.0,0.0,travel,US,desktop,0,1,613.59,0.0,1.0,225.09,0
TXN0002454,CUST00116,9,561.0,1.0,travel,US,mobile,0,1,460.14,2.0,6.0,639.09,0
TXN0003645,CUST00561,20,2126.0,0.0,restaurant,AU,desktop,1,0,328.79,1.0,3.0,283.12,0
TXN0000804,CUST00068,17,2454.0,0.0,online_services,UK,mobile,1,1,1285.84,1.0,5.0,895.93,0
TXN0002731,CUST00120,13,740.0,0.0,online_services,IN,tablet,1,1,1157.22,1.0,10.0,667.6,0
TXN0002773,CUST00275,2,1001.0,1.0,restaurant,AU,tablet,1,0,245.15,3.0,7.0,777.09,1
TXN0001570,CUST00295,16,963.0,0.0,travel,UK,mobile,1,1,251.96,1.0,4.0,758.9,0
TXN0002690,CUST00144,15,658.0,0.0,travel,AU,mobile,1,1,50.89,0.0,6.0,235.33,0
TXN0003840,CUST00624,14,543.0,0.0,travel,UK,desktop,1,1,344.04,2.0,,462.57,0
TXN0001028,CUST00517,21,199.0,2.0,electronics,IN,mobile,1,0,2888.4,1.0,6.0,1232.5,0
TXN0000502,CUST00685,22,306.0,0.0,electronics,US,mobile,0,0,205.44,1.0,2.0,405.46,0
TXN0004493,CUST00855,17,1051.0,0.0,grocery,US,mobile,0,0,539.9,2.0,1.0,611.41,0
TXN0000870,CUST00251,0,444.0,0.0,travel,,tablet,1,1,188.01,3.0,6.0,849.74,0
TXN0004488,CUST00343,13,953.0,0.0,online_services,US,mobile,0,1,246.07,1.0,2.0,360.93,0
TXN0000206,CUST00654,22,181.0,0.0,online_services,US,mobile,0,1,877.17,0.0,3.0,761.42,0
TXN0001484,CUST00440,14,1008.0,0.0,online_services,US,mobile,0,1,304.19,0.0,1.0,242.46,0
TXN0000863,CUST00510,9,141.0,0.0,electronics,US,desktop,0,0,204.68,0.0,4.0,171.22,0
TXN0002790,CUST00177,21,348.0,0.0,restaurant,US,mobile,0,0,201.85,1.0,3.0,409.52,0
TXN0000563,CUST00569,16,344.0,0.0,fashion,CA,desktop,1,0,217.89,1.0,3.0,367.02,0
TXN0004191,CUST00759,22,566.0,0.0,electronics,US,mobile,0,0,56.38,0.0,3.0,297.71,0
TXN0001757,CUST00623,1,799.0,0.0,fashion,UK,desktop,1,0,162.8,2.0,5.0,448.59,0
TXN0001678,CUST00370,4,448.0,0.0,electronics,UK,desktop,1,0,119.72,1.0,11.0,390.67,0
TXN0003242,CUST00315,12,1350.0,0.0,grocery,US,mobile,0,0,1297.9,0.0,0.0,584.85,0
TXN0004636,CUST00155,0,993.0,0.0,travel,US,desktop,0,1,1105.78,3.0,8.0,451.43,0
TXN0001059,CUST00033,8,1304.0,0.0,travel,UK,desktop,1,1,525.81,2.0,6.0,304.46,0
TXN0001722,CUST00760,2,302.0,0.0,travel,IN,mobile,1,1,304.01,5.0,4.0,221.5,1
TXN0003314,CUST00607,23,1188.0,0.0,restaurant,US,desktop,0,0,1929.98,1.0,0.0,647.23,0
TXN0003157,CUST00263,17,704.0,0.0,travel,CA,mobile,1,1,195.79,2.0,8.0,401.92,0
TXN0002625,CUST00381,5,876.0,0.0,fuel,AU,mobile,1,0,222.9,0.0,3.0,689.85,0
TXN0002729,CUST00979,12,678.0,0.0,travel,UK,mobile,1,1,657.48,0.0,9.0,616.27,0
TXN0001597,CUST00201,20,298.0,0.0,fashion,UK,desktop,1,0,166.27,2.0,3.0,197.43,0
TXN0003060,CUST00560,22,463.0,0.0,online_services,UK,mobile,1,1,95.55,3.0,10.0,432.43,1
TXN0002693,CUST00027,12,370.0,0.0,restaurant,AU,desktop,1,0,174.39,0.0,2.0,674.75,0
TXN0004891,CUST00493,1,258.0,0.0,online_services,CA,mobile,1,1,2307.33,3.0,9.0,547.35,1
TXN0003627,CUST00735,20,575.0,2.0,electronics,US,tablet,0,0,1830.76,1.0,9.0,692.3,0
TXN0001363,CUST00893,10,430.0,0.0,fashion,UK,desktop,1,0,113.04,2.0,2.0,122.43,0
TXN0001981,CUST00793,23,324.0,1.0,fashion,US,mobile,0,0,410.48,2.0,6.0,412.1,0
TXN0001663,CUST00722,16,580.0,2.0,fashion,US,mobile,0,0,1751.23,2.0,,2895.99,0
TXN0001529,CUST00659,2,614.0,0.0,fashion,US,tablet,0,0,77.59,0.0,1.0,647.8,0
TXN0002038,CUST00425,15,633.0,0.0,grocery,US,mobile,0,0,1021.44,2.0,3.0,1045.54,0
TXN0003302,CUST00391,9,865.0,0.0,grocery,US,mobile,0,0,242.46,1.0,4.0,460.12,0
TXN0002237,CUST00352,7,203.0,0.0,online_services,US,desktop,0,1,147.65,0.0,2.0,372.27,0
TXN0001306,CUST00829,21,379.0,0.0,travel,US,mobile,0,1,366.86,1.0,2.0,1034.17,0
TXN0004029,CUST00153,14,1026.0,1.0,online_services,US,tablet,0,1,240.79,0.0,5.0,602.64,0
TXN0002675,CUST00933,7,752.0,3.0,grocery,AU,mobile,1,0,163.01,2.0,4.0,661.01,0
TXN0001282,CUST00517,18,50.0,0.0,electronics,US,mobile,0,0,286.78,0.0,2.0,1258.52,0
TXN0000709,CUST00416,17,1292.0,0.0,online_services,US,mobile,0,1,609.09,1.0,1.0,296.56,0
TXN0004744,CUST00067,16,214.0,0.0,restaurant,US,mobile,0,0,257.09,0.0,2.0,280.5,0
TXN0004413,CUST00131,5,1699.0,0.0,travel,UK,desktop,1,1,435.91,1.0,6.0,285.09,0
TXN0003748,CUST00187,23,1185.0,0.0,travel,US,desktop,0,1,765.85,0.0,2.0,417.98,0
TXN0004779,CUST00482,9,170.0,0.0,fuel,US,mobile,0,0,568.4,1.0,3.0,224.17,0
TXN0000663,CUST00288,18,705.0,0.0,travel,US,mobile,0,1,367.63,1.0,0.0,352.76,0
TXN0001998,CUST00593,0,715.0,0.0,travel,US,desktop,0,1,156.1,2.0,8.0,534.05,0
TXN0003445,CUST00744,12,667.0,0.0,fashion,UK,tablet,1,0,132.87,0.0,1.0,194.47,0
TXN0003743,CUST00404,20,464.0,0.0,electronics,US,tablet,0,0,704.91,0.0,2.0,680.95,0
TXN0001495,CUST00516,12,742.0,0.0,online_services,US,mobile,0,1,209.36,0.0,3.0,458.48,0
TXN0003304,CUST00993,0,252.0,0.0,restaurant,US,mobile,0,0,174.31,0.0,4.0,360.04,0
TXN0003763,CUST00054,1,888.0,0.0,travel,US,mobile,0,1,451.65,2.0,10.0,417.8,0
TXN0001853,CUST00748,21,846.0,1.0,fuel,US,mobile,0,0,2668.66,1.0,10.0,521.06,1
TXN0004659,CUST00420,15,668.0,0.0,fashion,US,mobile,0,0,517.32,0.0,5.0,393.22,0
TXN0001291,CUST00965,18,340.0,0.0,fashion,CA,mobile,1,0,449.98,0.0,3.0,560.63,0
TXN0003581,CUST00782,11,524.0,0.0,fashion,CA,tablet,1,0,306.43,1.0,2.0,332.02,0
TXN0003457,CUST00016,8,436.0,0.0,fuel,IN,mobile,1,0,443.41,0.0,3.0,355.37,0
TXN0001636,CUST00665,9,414.0,0.0,travel,US,tablet,0,1,193.26,1.0,1.0,392.88,0
TXN0003696,CUST00730,1,451.0,2.0,fuel,US,mobile,0,0,2064.81,0.0,5.0,760.76,0
TXN0002999,CUST00311,11,557.0,0.0,fashion,UK,mobile,1,0,419.19,0.0,1.0,290.53,0
TXN0003152,CUST00802,1,741.0,0.0,restaurant,US,mobile,0,0,837.25,0.0,4.0,474.77,0
TXN0000698,CUST00674,21,1114.0,0.0,electronics,US,mobile,0,0,672.84,1.0,2.0,468.32,0
TXN0002160,CUST00215,22,47.0,0.0,electronics,CA,mobile,1,0,73.98,5.0,8.0,240.48,1
TXN0004097,CUST00453,23,1060.0,0.0,fuel,CA,mobile,1,0,566.91,1.0,5.0,444.67,0
TXN0004737,CUST00430,3,,0.0,fashion,AU,mobile,1,0,116.87,2.0,4.0,221.41,0
TXN0000854,CUST00421,9,516.0,0.0,electronics,US,mobile,0,0,163.3,0.0,3.0,430.64,0
TXN0003474,CUST00714,17,136.0,0.0,electronics,UK,mobile,1,0,170.26,1.0,2.0,284.33,0
TXN0001707,CUST00799,15,91.0,0.0,fashion,US,desktop,0,0,188.78,0.0,1.0,253.27,0
TXN0002777,CUST00250,13,209.0,0.0,grocery,UK,desktop,1,0,31.98,1.0,3.0,193.22,0
TXN0001733,CUST00087,4,412.0,0.0,travel,AU,mobile,1,1,358.8,2.0,9.0,222.67,0
TXN0004931,CUST00291,6,359.0,0.0,grocery,US,mobile,0,0,220.65,0.0,1.0,1274.92,0
TXN0003510,CUST00276,22,1287.0,0.0,restaurant,US,mobile,0,0,178.04,1.0,3.0,280.47,0
TXN0000202,CUST00484,3,502.0,0.0,online_services,US,mobile,0,1,144.91,4.0,5.0,619.86,0
TXN0003255,CUST00215,3,208.0,0.0,travel,US,mobile,0,1,218.43,2.0,6.0,234.03,0
TXN0004218,CUST00288,16,310.0,0.0,restaurant,US,mobile,0,0,272.17,1.0,0.0,407.99,0
TXN0004496,CUST00570,2,917.0,0.0,electronics,US,mobile,0,0,594.24,0.0,2.0,402.66,0
TXN0000766,CUST00779,3,504.0,0.0,electronics,UK,mobile,1,0,141.71,3.0,7.0,634.57,0
TXN0004389,CUST00300,1,168.0,0.0,online_services,UK,tablet,1,1,770.49,2.0,6.0,950.86,0
TXN0002327,CUST00209,13,747.0,0.0,online_services,CA,mobile,1,1,22.15,2.0,4.0,692.28,0
TXN0002931,CUST00303,9,136.0,1.0,fuel,US,mobile,0,0,424.01,0.0,10.0,842.78,0
TXN0000197,CUST00240,11,622.0,0.0,travel,US,desktop,0,1,255.06,2.0,1.0,246.34,0
TXN0001930,CUST00107,12,108.0,0.0,online_services,UK,mobile,1,1,201.35,2.0,9.0,236.57,0
TXN0003582,CUST00272,20,977.0,0.0,online_services,US,tablet,0,1,578.55,0.0,3.0,833.26,0
TXN0000608,CUST00116,14,647.0,2.0,travel,US,tablet,0,1,2245.42,1.0,8.0,433.4,1
TXN0003272,CUST00465,20,530.0,2.0,electronics,US,desktop,0,0,2503.63,1.0,6.0,723.46,0
TXN0001147,CUST00094,3,339.0,0.0,fashion,US,desktop,0,0,400.63,0.0,1.0,415.96,0
TXN0004282,CUST00546,18,1014.0,0.0,restaurant,US,mobile,0,0,175.78,0.0,0.0,483.88,0
TXN0003397,CUST00385,5,802.0,0.0,restaurant,AU,desktop,1,0,201.76,0.0,2.0,682.99,0
TXN0002511,CUST00665,14,742.0,0.0,restaurant,AU,mobile,1,0,286.98,0.0,0.0,359.95,0
TXN0001794,CUST00157,19,1634.0,0.0,travel,UK,mobile,1,1,303.49,2.0,6.0,308.96,0
TXN0000659,CUST00431,2,663.0,3.0,electronics,US,desktop,0,0,234.24,2.0,8.0,215.3,0
TXN0002811,CUST00357,15,989.0,0.0,grocery,AU,desktop,1,0,222.19,0.0,3.0,218.88,0
TXN0001369,CUST00672,19,1011.0,0.0,electronics,US,mobile,0,0,252.91,2.0,2.0,455.42,0
TXN0001986,CUST00781,16,1189.0,0.0,grocery,CA,desktop,1,0,110.41,0.0,3.0,382.99,0
TXN0000146,CUST00418,3,225.0,0.0,electronics,US,desktop,0,0,374.9,0.0,,224.13,0
TXN0003219,CUST00577,23,417.0,0.0,restaurant,AU,mobile,1,0,253.12,0.0,1.0,518.34,0
TXN0002911,CUST00973,0,645.0,0.0,fashion,CA,mobile,1,0,323.31,4.0,4.0,486.58,0
TXN0001734,CUST00077,2,508.0,1.0,fuel,US,tablet,0,0,164.11,4.0,4.0,167.23,1
TXN0001843,CUST00341,16,509.0,0.0,travel,UK,tablet,1,1,299.31,2.0,9.0,341.71,0
TXN0000488,CUST00980,0,813.0,0.0,fuel,US,desktop,0,0,302.18,1.0,0.0,430.56,0
TXN0002976,CUST00647,12,288.0,0.0,electronics,US,mobile,0,0,1007.26,3.0,0.0,677.97,0
TXN0001959,CUST00484,1,255.0,0.0,electronics,US,mobile,0,0,238.32,0.0,0.0,595.66,0
TXN0002385,CUST00302,14,403.0,0.0,travel,US,mobile,0,1,140.12,1.0,2.0,623.17,0
TXN0002919,CUST00327,22,95.0,0.0,restaurant,US,mobile,0,0,317.81,0.0,0.0,267.99,0
TXN0004736,CUST00058,20,293.0,0.0,fuel,US,mobile,0,0,365.67,0.0,0.0,414.32,0
TXN0001802,CUST00114,22,611.0,0.0,fuel,US,mobile,0,0,219.38,1.0,3.0,338.39,0
TXN0004061,CUST00226,5,344.0,0.0,grocery,US,mobile,0,0,130.1,0.0,3.0,370.37,0
TXN0003369,CUST00358,19,803.0,0.0,online_services,US,mobile,0,1,554.53,2.0,1.0,236.59,0
TXN0000262,CUST00671,19,1253.0,2.0,restaurant,US,mobile,0,0,489.72,2.0,7.0,364.06,0
TXN0000623,CUST00559,3,256.0,0.0,travel,CA,desktop,1,1,1239.84,2.0,5.0,795.98,0
TXN0001016,CUST00826,0,171.0,0.0,electronics,UK,desktop,1,0,205.0,2.0,14.0,659.09,0
TXN0003643,CUST00435,5,107.0,2.0,online_services,US,mobile,0,1,639.52,5.0,8.0,504.1,1
TXN0004976,CUST00527,21,306.0,0.0,fuel,US,mobile,0,0,273.78,0.0,4.0,297.61,0
TXN0002049,CUST00780,22,684.0,0.0,fashion,US,tablet,0,0,239.34,2.0,0.0,371.09,0
TXN0003723,CUST00069,8,1738.0,0.0,online_services,US,mobile,0,1,327.5,1.0,1.0,246.0,0
TXN0004548,CUST00419,1,662.0,0.0,travel,US,desktop,0,1,69.98,2.0,3.0,289.7,0
TXN0003108,CUST00287,3,316.0,0.0,fashion,US,mobile,0,0,805.21,2.0,2.0,584.41,0
TXN0004090,CUST00943,11,2396.0,0.0,electronics,UK,desktop,1,0,104.46,0.0,2.0,420.6,0
TXN0002056,CUST00038,10,489.0,0.0,travel,UK,desktop,1,1,101.44,1.0,8.0,434.39,0
TXN0003170,CUST00445,19,93.0,0.0,fashion,US,desktop,0,0,587.98,2.0,1.0,262.07,0
TXN0001682,CUST00987,21,362.0,0.0,grocery,IN,mobile,1,0,1017.51,1.0,1.0,673.97,0
TXN0002255,CUST00746,1,160.0,3.0,grocery,CA,tablet,1,0,933.7,0.0,11.0,860.78,1
TXN0001154,CUST00899,9,335.0,0.0,online_services,IN,mobile,1,1,157.15,0.0,7.0,579.46,0
TXN0004499,CUST00040,10,358.0,0.0,fuel,AU,mobile,1,0,70.28,0.0,5.0,409.24,0
TXN0003191,CUST00979,4,337.0,0.0,travel,US,desktop,0,1,181.31,2.0,6.0,681.9,0
TXN0001696,CUST00799,7,985.0,0.0,travel,IN,desktop,1,1,211.66,3.0,2.0,262.19,0
TXN0003991,CUST00965,15,151.0,2.0,travel,AU,mobile,1,1,1728.44,0.0,4.0,779.07,1
TXN0004723,CUST00548,3,996.0,0.0,fashion,US,mobile,0,0,124.21,0.0,4.0,465.68,0
TXN0004682,CUST00391,9,731.0,0.0,travel,UK,mobile,1,1,592.12,1.0,3.0,343.26,0
TXN0001648,CUST00341,5,800.0,0.0,restaurant,US,,0,0,,2.0,1.0,349.93,0
TXN0001445,CUST00690,5,274.0,0.0,travel,US,mobile,0,1,148.4,1.0,4.0,215.09,0
TXN0004199,CUST00040,21,1948.0,0.0,grocery,US,mobile,0,0,138.11,1.0,2.0,469.33,0
TXN0003923,CUST00532,14,322.0,0.0,online_services,UK,desktop,1,1,659.32,0.0,7.0,679.32,0
TXN0000253,CUST00676,14,532.0,0.0,travel,US,desktop,0,1,112.23,1.0,1.0,362.34,0
TXN0003183,CUST00541,1,468.0,0.0,electronics,US,mobile,0,0,345.09,0.0,1.0,556.38,0
TXN0002557,CUST00313,17,286.0,0.0,fashion,CA,desktop,1,0,480.0,1.0,5.0,382.77,0
TXN0000098,CUST00401,12,427.0,0.0,fashion,CA,mobile,1,0,1122.79,1.0,2.0,803.61,0
TXN0002200,CUST00250,17,197.0,0.0,fashion,US,mobile,0,0,194.96,3.0,3.0,193.67,0
TXN0002961,CUST00140,9,916.0,0.0,travel,US,tablet,0,1,224.71,0.0,4.0,1104.84,0
TXN0004973,CUST00082,5,404.0,0.0,travel,US,desktop,0,1,206.06,2.0,2.0,412.74,0
TXN0004433,CUST00086,4,162.0,0.0,grocery,US,tablet,0,0,360.74,2.0,1.0,416.56,0
TXN0003777,CUST00816,19,20.0,0.0,online_services,UK,desktop,1,1,163.51,0.0,8.0,223.81,0
TXN0002869,CUST00380,16,93.0,1.0,electronics,US,desktop,0,0,335.75,5.0,10.0,315.89,1
TXN0003234,CUST00465,9,741.0,0.0,restaurant,US,mobile,0,0,377.49,1.0,1.0,899.68,0
TXN0003791,CUST00703,16,221.0,0.0,online_services,US,desktop,0,1,275.29,1.0,4.0,250.39,0
TXN0000956,CUST00372,21,877.0,1.0,restaurant,UK,mobile,1,0,342.72,4.0,11.0,475.2,1
TXN0004067,CUST00378,6,731.0,0.0,travel,US,mobile,0,1,59.02,0.0,0.0,822.32,0
TXN0000160,CUST00047,11,238.0,0.0,travel,US,mobile,0,1,319.71,0.0,4.0,934.07,0
TXN0004493,CUST00855,17,1051.0,0.0,grocery,US,mobile,0,0,539.9,2.0,1.0,611.41,0
TXN0001300,CUST00502,5,359.0,0.0,online_services,US,mobile,0,1,111.4,0.0,1.0,276.74,0
TXN0004911,CUST00680,4,686.0,0.0,travel,US,mobile,0,1,373.31,4.0,8.0,323.47,1
TXN0003987,CUST00597,22,696.0,0.0,fashion,US,desktop,0,0,1232.29,2.0,3.0,653.86,0
TXN0001527,CUST00282,23,1164.0,0.0,restaurant,AU,mobile,1,0,49.04,0.0,3.0,356.07,0
TXN0001218,CUST00027,15,251.0,0.0,restaurant,UK,desktop,1,0,79.12,3.0,2.0,743.93,0
TXN0004496,CUST00570,2,917.0,0.0,electronics,US,mobile,0,0,594.24,0.0,2.0,402.66,0
TXN0004735,CUST00076,1,674.0,0.0,travel,US,mobile,0,1,240.11,3.0,7.0,706.02,0
TXN0003104,CUST00579,9,330.0,0.0,electronics,UK,mobile,1,0,239.32,0.0,1.0,256.52,0
TXN0002735,CUST00996,14,46.0,0.0,fuel,AU,mobile,1,0,175.47,2.0,8.0,393.36,0
TXN0004555,CUST00083,7,1146.0,1.0,restaurant,AU,tablet,1,0,1190.9,0.0,9.0,319.2,1
TXN0000954,CUST00407,21,115.0,0.0,grocery,US,mobile,0,0,204.8,1.0,4.0,340.48,0
TXN0004565,CUST00958,23,2188.0,0.0,online_services,US,tablet,0,1,199.37,0.0,4.0,238.32,0
TXN0003446,CUST00732,14,266.0,0.0,online_services,US,mobile,0,1,105.65,0.0,2.0,353.34,0
TXN0001045,CUST00084,6,749.0,0.0,fashion,UK,desktop,1,0,419.6,0.0,2.0,168.96,0
TXN0001693,CUST00054,18,472.0,0.0,grocery,US,mobile,0,0,531.32,1.0,1.0,496.91,0
TXN0003436,CUST00509,8,226.0,0.0,grocery,US,desktop,0,0,293.43,1.0,3.0,781.45,0
TXN0000562,CUST00313,21,716.0,0.0,online_services,US,mobile,0,1,140.9,0.0,3.0,345.92,0
TXN0002485,CUST00400,10,1667.0,0.0,online_services,IN,desktop,1,1,148.12,3.0,10.0,374.59,1
TXN0003354,CUST00155,3,1156.0,0.0,fashion,IN,mobile,1,0,1034.98,0.0,7.0,461.71,0
TXN0000225,CUST00619,19,578.0,0.0,restaurant,US,mobile,0,0,85.88,0.0,2.0,643.06,0
TXN0004893,CUST00286,20,284.0,0.0,travel,AU,mobile,1,1,161.5,2.0,10.0,609.09,0
TXN0000959,CUST00347,22,470.0,0.0,travel,UK,desktop,1,1,253.79,3.0,4.0,750.75,0
TXN0004548,CUST00419,1,662.0,0.0,travel,US,desktop,0,1,69.98,2.0,3.0,289.7,0
TXN0003067,CUST00976,2,1333.0,0.0,grocery,US,desktop,0,0,400.86,1.0,1.0,323.18,0
TXN0000815,CUST00568,10,1222.0,0.0,fuel,IN,mobile,1,0,487.26,0.0,1.0,217.37,0
TXN0004754,CUST00378,13,681.0,0.0,grocery,US,desktop,0,0,148.06,2.0,1.0,677.08,0
TXN0004642,CUST00359,2,344.0,0.0,grocery,US,desktop,0,0,43.53,0.0,1.0,346.63,0
TXN0003120,CUST00890,19,624.0,0.0,online_services,US,desktop,0,1,237.52,1.0,1.0,353.56,0
TXN0000016,CUST00099,21,479.0,0.0,restaurant,IN,tablet,1,0,293.51,1.0,2.0,336.02,0
TXN0001243,CUST00191,14,569.0,0.0,restaurant,US,mobile,0,0,36.17,0.0,2.0,421.94,0
TXN0002205,CUST00453,0,221.0,0.0,grocery,UK,mobile,1,0,372.99,0.0,4.0,525.77,0
TXN0002524,CUST00427,6,339.0,3.0,restaurant,AU,mobile,1,0,162.36,3.0,7.0,441.55,0
TXN0001069,CUST00770,21,597.0,1.0,online_services,US,desktop,0,1,273.11,2.0,3.0,355.48,0
TXN0003444,CUST00226,6,607.0,0.0,online_services,US,desktop,0,1,512.09,2.0,4.0,441.3,0
TXN0002565,CUST00873,3,719.0,4.0,travel,AU,desktop,1,1,689.1,1.0,4.0,1059.0,1
TXN0001060,CUST00347,23,938.0,0.0,online_services,CA,mobile,1,1,153.65,2.0,8.0,867.64,0
TXN0002327,CUST00209,13,747.0,0.0,online_services,CA,mobile,1,1,22.15,2.0,4.0,692.28,0
TXN0003420,CUST00996,6,483.0,4.0,online_services,US,mobile,0,1,543.98,2.0,7.0,440.92,0
TXN0000301,CUST00415,10,570.0,0.0,online_services,AU,mobile,1,1,69.3,2.0,1.0,203.83,0
TXN0004276,CUST00549,22,537.0,0.0,online_services,CA,mobile,1,1,292.97,1.0,4.0,457.62,0
TXN0000606,CUST00740,16,917.0,0.0,fuel,CA,mobile,1,0,775.79,1.0,4.0,575.32,0
TXN0003170,CUST00445,19,93.0,0.0,fashion,US,desktop,0,0,587.98,2.0,1.0,262.07,0
TXN0000699,CUST00379,6,218.0,0.0,electronics,IN,mobile,1,0,269.46,2.0,2.0,272.23,0
TXN0001139,CUST00751,6,60.0,0.0,travel,UK,tablet,1,1,567.75,3.0,6.0,290.15,0
TXN0000190,CUST00553,13,733.0,0.0,online_services,UK,tablet,1,1,262.11,4.0,14.0,602.29,1
TXN0002300,CUST00993,15,899.0,0.0,electronics,US,tablet,0,0,722.82,0.0,2.0,311.03,0
TXN0000980,CUST00731,20,175.0,0.0,restaurant,US,mobile,0,0,269.57,1.0,1.0,582.36,0
TXN0002975,CUST00290,23,1556.0,0.0,electronics,UK,mobile,1,0,477.83,1.0,0.0,384.38,0
